2026-05-29 20:49:10 | INFO     | uvicorn.error | Will watch for changes in these directories: ['C:\\Studies\\COLLEGE\\FASTapi\\EXAMPLE']
2026-05-29 20:49:10 | INFO     | uvicorn.error | Uvicorn running on http://127.0.0.1:8000 (Press CTRL+C to quit)
2026-05-29 20:49:10 | INFO     | uvicorn.error | Started reloader process [5816] using WatchFiles
2026-05-29 20:49:12 | INFO     | uvicorn.error | Started server process [4740]
2026-05-29 20:49:12 | INFO     | uvicorn.error | Waiting for application startup.
2026-05-29 20:49:12 | INFO     | main | App starting up — connecting to DB
2026-05-29 20:49:12 | INFO     | databases | Connected to database sqlite+aiosqlite:///posts.db
2026-05-29 20:49:12 | INFO     | main | DB connected successfully
2026-05-29 20:49:12 | INFO     | uvicorn.error | Application startup complete.
2026-05-29 20:49:51 | INFO     | watchfiles.main | 4 changes detected
2026-05-29 20:49:51 | INFO     | router.post | Fetched 2 posts
2026-05-29 20:49:52 | INFO     | watchfiles.main | 4 changes detected
2026-05-29 20:49:52 | INFO     | router.post | Fetched 2 posts
2026-05-29 20:49:52 | INFO     | router.post | Fetched 0 comments for post_id=1
2026-05-29 20:49:52 | INFO     | router.post | Fetched 0 comments for post_id=2
2026-05-29 20:49:52 | INFO     | router.post | Fetched 0 comments for post_id=1
2026-05-29 20:49:52 | INFO     | router.post | Fetched 0 comments for post_id=2
2026-05-29 20:50:39 | INFO     | router.post | Post created with id = 3
2026-05-29 20:50:39 | INFO     | router.post | Fetched 3 posts
2026-05-29 20:50:39 | INFO     | watchfiles.main | 3 changes detected
2026-05-29 20:50:39 | INFO     | router.post | Fetched 0 comments for post_id=3
2026-05-29 20:50:39 | INFO     | router.post | Fetched 0 comments for post_id=3
2026-05-29 20:50:39 | INFO     | watchfiles.main | 1 change detected
2026-05-29 20:50:55 | INFO     | router.post | Fetched 0 comments for post_id=2
2026-05-29 20:50:55 | INFO     | router.post | Fetched 0 comments for post_id=2
2026-05-29 20:50:55 | INFO     | router.post | Fetched 0 comments for post_id=2
2026-05-29 20:50:56 | INFO     | router.post | Fetched 0 comments for post_id=2
2026-05-29 20:50:58 | INFO     | router.post | Fetched 0 comments for post_id=1
2026-05-29 20:50:59 | INFO     | router.post | Fetched 0 comments for post_id=1
2026-05-29 20:50:59 | INFO     | router.post | Fetched 0 comments for post_id=1
2026-05-29 20:51:11 | INFO     | router.post | Comment created with id=1 on post_id=1
2026-05-29 20:51:11 | INFO     | watchfiles.main | 4 changes detected
2026-05-29 20:51:16 | INFO     | router.post | Fetched 1 comments for post_id=1
2026-05-29 20:53:32 | INFO     | watchfiles.main | 1 change detected
2026-05-29 20:53:33 | INFO     | watchfiles.main | 1 change detected
2026-05-29 20:53:33 | INFO     | watchfiles.main | 1 change detected
2026-05-29 20:53:33 | INFO     | watchfiles.main | 1 change detected
2026-05-29 20:53:34 | INFO     | watchfiles.main | 1 change detected
2026-05-29 20:53:34 | INFO     | watchfiles.main | 1 change detected
2026-05-29 20:53:34 | INFO     | watchfiles.main | 1 change detected
2026-05-29 20:53:35 | INFO     | watchfiles.main | 1 change detected
2026-05-29 20:53:35 | INFO     | watchfiles.main | 1 change detected
2026-05-29 20:53:36 | INFO     | watchfiles.main | 1 change detected
2026-05-29 20:53:36 | INFO     | watchfiles.main | 1 change detected
2026-05-29 20:53:36 | INFO     | watchfiles.main | 1 change detected
2026-05-29 20:53:37 | INFO     | watchfiles.main | 1 change detected
2026-05-29 20:53:37 | INFO     | watchfiles.main | 1 change detected
2026-05-29 20:53:37 | INFO     | watchfiles.main | 1 change detected
2026-05-29 20:53:38 | INFO     | watchfiles.main | 1 change detected
2026-05-29 20:53:38 | INFO     | watchfiles.main | 1 change detected
2026-05-29 20:53:38 | INFO     | watchfiles.main | 1 change detected
2026-05-29 20:53:39 | INFO     | watchfiles.main | 1 change detected
2026-05-29 20:53:39 | INFO     | watchfiles.main | 1 change detected
2026-05-29 20:53:40 | INFO     | watchfiles.main | 1 change detected
2026-05-29 20:53:40 | INFO     | watchfiles.main | 1 change detected
2026-05-29 20:53:40 | INFO     | watchfiles.main | 1 change detected
2026-05-29 20:53:41 | INFO     | watchfiles.main | 1 change detected
2026-05-29 20:53:41 | INFO     | watchfiles.main | 1 change detected
2026-05-29 20:53:41 | INFO     | watchfiles.main | 1 change detected
2026-05-29 20:53:42 | INFO     | watchfiles.main | 1 change detected
2026-05-29 20:53:42 | INFO     | watchfiles.main | 1 change detected
2026-05-29 20:53:42 | INFO     | watchfiles.main | 1 change detected
2026-05-29 20:53:43 | INFO     | watchfiles.main | 1 change detected
2026-05-29 20:53:43 | INFO     | watchfiles.main | 1 change detected
2026-05-29 20:53:44 | INFO     | watchfiles.main | 1 change detected
2026-05-29 20:53:44 | INFO     | watchfiles.main | 1 change detected
2026-05-29 20:53:44 | INFO     | watchfiles.main | 1 change detected
2026-05-29 20:53:45 | INFO     | watchfiles.main | 1 change detected
2026-05-29 20:53:45 | INFO     | watchfiles.main | 1 change detected
2026-05-29 20:53:45 | INFO     | watchfiles.main | 1 change detected
2026-05-29 20:53:46 | INFO     | watchfiles.main | 1 change detected
2026-05-29 20:53:46 | INFO     | watchfiles.main | 1 change detected
2026-05-29 20:53:46 | INFO     | watchfiles.main | 1 change detected
2026-05-29 20:53:47 | INFO     | watchfiles.main | 1 change detected
2026-05-29 20:53:47 | INFO     | watchfiles.main | 1 change detected
2026-05-29 20:53:48 | INFO     | watchfiles.main | 1 change detected
2026-05-29 20:53:48 | INFO     | watchfiles.main | 1 change detected
2026-05-29 20:53:48 | INFO     | watchfiles.main | 1 change detected
2026-05-29 20:53:49 | INFO     | watchfiles.main | 1 change detected
2026-05-29 20:53:49 | INFO     | watchfiles.main | 1 change detected
2026-05-29 20:53:49 | INFO     | watchfiles.main | 1 change detected
2026-05-29 20:53:50 | INFO     | watchfiles.main | 1 change detected
2026-05-29 20:53:50 | INFO     | watchfiles.main | 1 change detected
2026-05-29 20:53:50 | INFO     | watchfiles.main | 1 change detected
2026-05-29 20:53:51 | INFO     | watchfiles.main | 1 change detected
2026-05-29 20:53:51 | INFO     | watchfiles.main | 1 change detected
2026-05-29 20:53:51 | INFO     | watchfiles.main | 1 change detected
2026-05-29 20:53:52 | INFO     | watchfiles.main | 1 change detected
2026-05-29 20:53:52 | INFO     | watchfiles.main | 1 change detected
2026-05-29 20:53:53 | INFO     | watchfiles.main | 1 change detected
2026-05-29 20:53:53 | INFO     | watchfiles.main | 1 change detected
2026-05-29 20:53:53 | INFO     | watchfiles.main | 1 change detected
2026-05-29 20:53:54 | INFO     | watchfiles.main | 1 change detected
2026-05-29 20:53:54 | INFO     | watchfiles.main | 1 change detected
2026-05-29 20:53:54 | INFO     | watchfiles.main | 1 change detected
2026-05-29 20:53:55 | INFO     | watchfiles.main | 1 change detected
2026-05-29 20:53:55 | INFO     | watchfiles.main | 1 change detected
2026-05-29 20:53:55 | INFO     | watchfiles.main | 1 change detected
2026-05-29 20:53:56 | INFO     | watchfiles.main | 1 change detected
2026-05-29 20:53:56 | INFO     | watchfiles.main | 1 change detected
2026-05-29 20:53:56 | INFO     | watchfiles.main | 1 change detected
2026-05-29 20:53:57 | INFO     | watchfiles.main | 1 change detected
2026-05-29 20:53:57 | INFO     | watchfiles.main | 1 change detected
2026-05-29 20:53:58 | INFO     | watchfiles.main | 1 change detected
2026-05-29 20:53:58 | INFO     | watchfiles.main | 1 change detected
2026-05-29 20:53:58 | INFO     | watchfiles.main | 1 change detected
2026-05-29 20:53:59 | INFO     | watchfiles.main | 1 change detected
2026-05-29 20:53:59 | INFO     | watchfiles.main | 1 change detected
2026-05-29 20:53:59 | INFO     | watchfiles.main | 1 change detected
2026-05-29 20:54:00 | INFO     | watchfiles.main | 1 change detected
2026-05-29 20:54:00 | INFO     | watchfiles.main | 1 change detected
2026-05-29 20:54:00 | INFO     | watchfiles.main | 1 change detected
2026-05-29 20:54:01 | INFO     | watchfiles.main | 1 change detected
2026-05-29 20:54:01 | INFO     | watchfiles.main | 1 change detected
2026-05-29 20:54:02 | INFO     | watchfiles.main | 1 change detected
2026-05-29 20:54:02 | INFO     | watchfiles.main | 1 change detected
2026-05-29 20:54:02 | INFO     | watchfiles.main | 1 change detected
2026-05-29 20:54:03 | INFO     | watchfiles.main | 1 change detected
2026-05-29 20:54:03 | INFO     | watchfiles.main | 1 change detected
2026-05-29 20:54:03 | INFO     | watchfiles.main | 1 change detected
2026-05-29 20:54:04 | INFO     | watchfiles.main | 1 change detected
2026-05-29 20:54:04 | INFO     | watchfiles.main | 1 change detected
2026-05-29 20:54:04 | INFO     | watchfiles.main | 1 change detected
2026-05-29 20:54:05 | INFO     | watchfiles.main | 1 change detected
2026-05-29 20:54:05 | INFO     | watchfiles.main | 1 change detected
2026-05-29 20:54:06 | INFO     | watchfiles.main | 1 change detected
2026-05-29 20:54:06 | INFO     | watchfiles.main | 1 change detected
2026-05-29 20:54:06 | INFO     | watchfiles.main | 1 change detected
2026-05-29 20:54:07 | INFO     | watchfiles.main | 1 change detected
2026-05-29 20:54:07 | INFO     | watchfiles.main | 1 change detected
2026-05-29 20:54:07 | INFO     | watchfiles.main | 1 change detected
2026-05-29 20:54:08 | INFO     | watchfiles.main | 1 change detected
2026-05-29 20:54:08 | INFO     | watchfiles.main | 1 change detected
2026-05-29 20:54:08 | INFO     | watchfiles.main | 1 change detected
2026-05-29 20:54:09 | INFO     | watchfiles.main | 1 change detected
2026-05-29 20:54:09 | INFO     | watchfiles.main | 1 change detected
2026-05-29 20:54:09 | INFO     | watchfiles.main | 1 change detected
2026-05-29 20:54:10 | INFO     | watchfiles.main | 1 change detected
2026-05-29 20:54:10 | INFO     | watchfiles.main | 1 change detected
2026-05-29 20:54:11 | INFO     | watchfiles.main | 1 change detected
2026-05-29 20:54:11 | INFO     | watchfiles.main | 1 change detected
2026-05-29 20:54:11 | INFO     | watchfiles.main | 1 change detected
2026-05-29 20:54:12 | INFO     | watchfiles.main | 1 change detected
2026-05-29 20:54:12 | INFO     | watchfiles.main | 1 change detected
2026-05-29 20:54:12 | INFO     | watchfiles.main | 1 change detected
2026-05-29 20:54:13 | INFO     | watchfiles.main | 1 change detected
2026-05-29 20:54:13 | INFO     | watchfiles.main | 1 change detected
2026-05-29 20:54:13 | INFO     | watchfiles.main | 1 change detected
2026-05-29 20:54:14 | INFO     | watchfiles.main | 1 change detected
2026-05-29 20:54:14 | INFO     | watchfiles.main | 1 change detected
2026-05-29 20:54:15 | INFO     | watchfiles.main | 1 change detected
2026-05-29 20:54:15 | INFO     | watchfiles.main | 1 change detected
2026-05-29 20:54:15 | INFO     | watchfiles.main | 1 change detected
2026-05-29 20:54:16 | INFO     | watchfiles.main | 1 change detected
2026-05-29 20:54:16 | INFO     | watchfiles.main | 1 change detected
2026-05-29 20:54:16 | INFO     | watchfiles.main | 1 change detected
2026-05-29 20:54:17 | INFO     | watchfiles.main | 1 change detected
2026-05-29 20:54:17 | INFO     | watchfiles.main | 1 change detected
2026-05-29 20:54:17 | INFO     | watchfiles.main | 1 change detected
2026-05-29 20:54:18 | INFO     | watchfiles.main | 1 change detected
2026-05-29 20:54:18 | INFO     | watchfiles.main | 1 change detected
2026-05-29 20:54:18 | INFO     | watchfiles.main | 1 change detected
2026-05-29 20:54:19 | INFO     | watchfiles.main | 1 change detected
2026-05-29 20:54:19 | INFO     | watchfiles.main | 1 change detected
2026-05-29 20:54:20 | INFO     | watchfiles.main | 1 change detected
2026-05-29 20:54:20 | INFO     | watchfiles.main | 1 change detected
2026-05-29 20:54:20 | INFO     | watchfiles.main | 1 change detected
2026-05-29 20:54:21 | INFO     | watchfiles.main | 1 change detected
2026-05-29 20:54:21 | INFO     | watchfiles.main | 1 change detected
2026-05-29 20:54:21 | INFO     | watchfiles.main | 1 change detected
2026-05-29 20:54:22 | INFO     | watchfiles.main | 1 change detected
2026-05-29 20:54:22 | INFO     | watchfiles.main | 1 change detected
2026-05-29 20:54:22 | INFO     | watchfiles.main | 1 change detected
2026-05-29 20:54:23 | INFO     | watchfiles.main | 1 change detected
2026-05-29 20:54:23 | INFO     | watchfiles.main | 1 change detected
2026-05-29 20:54:24 | INFO     | watchfiles.main | 1 change detected
2026-05-29 20:54:24 | INFO     | watchfiles.main | 1 change detected
2026-05-29 20:54:24 | INFO     | watchfiles.main | 1 change detected
2026-05-29 20:54:25 | INFO     | watchfiles.main | 1 change detected
2026-05-29 20:54:25 | INFO     | watchfiles.main | 1 change detected
2026-05-29 20:54:25 | INFO     | watchfiles.main | 1 change detected
2026-05-29 20:54:26 | INFO     | watchfiles.main | 1 change detected
2026-05-29 20:54:26 | INFO     | watchfiles.main | 1 change detected
2026-05-29 20:54:26 | INFO     | watchfiles.main | 1 change detected
2026-05-29 20:54:27 | INFO     | watchfiles.main | 1 change detected
2026-05-29 20:54:27 | INFO     | watchfiles.main | 1 change detected
2026-05-29 20:54:27 | INFO     | watchfiles.main | 1 change detected
2026-05-29 20:54:28 | INFO     | watchfiles.main | 1 change detected
2026-05-29 20:54:28 | INFO     | watchfiles.main | 1 change detected
2026-05-29 20:54:29 | INFO     | watchfiles.main | 1 change detected
2026-05-29 20:54:29 | INFO     | watchfiles.main | 1 change detected
2026-05-29 20:54:29 | INFO     | watchfiles.main | 1 change detected
2026-05-29 20:54:30 | INFO     | watchfiles.main | 1 change detected
2026-05-29 20:54:30 | INFO     | watchfiles.main | 1 change detected
2026-05-29 20:54:30 | INFO     | watchfiles.main | 1 change detected
2026-05-29 20:54:31 | INFO     | watchfiles.main | 1 change detected
2026-05-29 20:54:31 | INFO     | watchfiles.main | 1 change detected
2026-05-29 20:54:31 | INFO     | watchfiles.main | 1 change detected
2026-05-29 20:54:32 | INFO     | watchfiles.main | 1 change detected
2026-05-29 20:54:32 | INFO     | watchfiles.main | 1 change detected
2026-05-29 20:54:32 | INFO     | watchfiles.main | 1 change detected
2026-05-29 20:54:33 | INFO     | watchfiles.main | 1 change detected
2026-05-29 20:54:33 | INFO     | watchfiles.main | 1 change detected
2026-05-29 20:54:34 | INFO     | watchfiles.main | 1 change detected
2026-05-29 20:54:34 | INFO     | watchfiles.main | 1 change detected
2026-05-29 20:54:34 | INFO     | watchfiles.main | 1 change detected
2026-05-29 20:54:35 | INFO     | watchfiles.main | 1 change detected
2026-05-29 20:54:35 | INFO     | watchfiles.main | 1 change detected
2026-05-29 20:54:35 | INFO     | watchfiles.main | 1 change detected
2026-05-29 20:54:36 | INFO     | watchfiles.main | 1 change detected
2026-05-29 20:54:36 | INFO     | watchfiles.main | 1 change detected
2026-05-29 20:54:36 | INFO     | watchfiles.main | 1 change detected
2026-05-29 20:54:37 | INFO     | watchfiles.main | 1 change detected
2026-05-29 20:54:37 | INFO     | watchfiles.main | 1 change detected
2026-05-29 20:54:38 | INFO     | watchfiles.main | 1 change detected
2026-05-29 20:54:38 | INFO     | watchfiles.main | 1 change detected
2026-05-29 20:54:38 | INFO     | watchfiles.main | 1 change detected
2026-05-29 20:54:39 | INFO     | watchfiles.main | 1 change detected
2026-05-29 20:54:39 | INFO     | watchfiles.main | 1 change detected
2026-05-29 20:54:39 | INFO     | watchfiles.main | 1 change detected
2026-05-29 20:54:40 | INFO     | watchfiles.main | 1 change detected
2026-05-29 20:54:40 | INFO     | watchfiles.main | 1 change detected
2026-05-29 20:54:40 | INFO     | watchfiles.main | 1 change detected
2026-05-29 20:54:41 | INFO     | watchfiles.main | 1 change detected
2026-05-29 20:54:41 | INFO     | watchfiles.main | 1 change detected
2026-05-29 20:54:42 | INFO     | watchfiles.main | 1 change detected
2026-05-29 20:54:42 | INFO     | watchfiles.main | 1 change detected
2026-05-29 20:54:42 | INFO     | watchfiles.main | 1 change detected
2026-05-29 20:54:43 | INFO     | watchfiles.main | 1 change detected
2026-05-29 20:54:43 | INFO     | watchfiles.main | 1 change detected
2026-05-29 20:54:43 | INFO     | watchfiles.main | 1 change detected
2026-05-29 20:54:44 | INFO     | watchfiles.main | 1 change detected
2026-05-29 20:54:44 | INFO     | watchfiles.main | 1 change detected
2026-05-29 20:54:44 | INFO     | watchfiles.main | 1 change detected
2026-05-29 20:54:45 | INFO     | watchfiles.main | 1 change detected
2026-05-29 20:54:45 | INFO     | watchfiles.main | 1 change detected
2026-05-29 20:54:46 | INFO     | watchfiles.main | 1 change detected
2026-05-29 20:54:46 | INFO     | watchfiles.main | 1 change detected
2026-05-29 20:54:46 | INFO     | watchfiles.main | 1 change detected
2026-05-29 20:54:47 | INFO     | watchfiles.main | 1 change detected
2026-05-29 20:54:47 | INFO     | watchfiles.main | 1 change detected
2026-05-29 20:54:47 | INFO     | watchfiles.main | 1 change detected
2026-05-29 20:54:48 | INFO     | watchfiles.main | 1 change detected
2026-05-29 20:54:48 | INFO     | watchfiles.main | 1 change detected
2026-05-29 20:54:48 | INFO     | watchfiles.main | 1 change detected
2026-05-29 20:54:49 | INFO     | watchfiles.main | 1 change detected
2026-05-29 20:54:49 | INFO     | watchfiles.main | 1 change detected
2026-05-29 20:54:49 | INFO     | watchfiles.main | 1 change detected
2026-05-29 20:54:50 | INFO     | watchfiles.main | 1 change detected
2026-05-29 20:54:50 | INFO     | watchfiles.main | 1 change detected
2026-05-29 20:54:51 | INFO     | watchfiles.main | 1 change detected
2026-05-29 20:54:51 | INFO     | watchfiles.main | 1 change detected
2026-05-29 20:54:51 | INFO     | watchfiles.main | 1 change detected
2026-05-29 20:54:52 | INFO     | watchfiles.main | 1 change detected
2026-05-29 20:54:52 | INFO     | watchfiles.main | 1 change detected
2026-05-29 20:54:52 | INFO     | watchfiles.main | 1 change detected
2026-05-29 20:54:53 | INFO     | watchfiles.main | 1 change detected
2026-05-29 20:54:53 | INFO     | watchfiles.main | 1 change detected
2026-05-29 20:54:53 | INFO     | watchfiles.main | 1 change detected
2026-05-29 20:54:54 | INFO     | watchfiles.main | 1 change detected
2026-05-29 20:54:54 | INFO     | watchfiles.main | 1 change detected
2026-05-29 20:54:54 | INFO     | watchfiles.main | 1 change detected
2026-05-29 20:54:55 | INFO     | watchfiles.main | 1 change detected
2026-05-29 20:54:55 | INFO     | watchfiles.main | 1 change detected
2026-05-29 20:54:56 | INFO     | watchfiles.main | 1 change detected
2026-05-29 20:54:56 | INFO     | watchfiles.main | 1 change detected
2026-05-29 20:54:56 | INFO     | watchfiles.main | 1 change detected
2026-05-29 20:54:57 | INFO     | watchfiles.main | 1 change detected
2026-05-29 20:54:57 | INFO     | watchfiles.main | 1 change detected
2026-05-29 20:54:57 | INFO     | watchfiles.main | 1 change detected
2026-05-29 20:54:58 | INFO     | watchfiles.main | 1 change detected
2026-05-29 20:54:58 | INFO     | watchfiles.main | 1 change detected
2026-05-29 20:54:58 | INFO     | watchfiles.main | 1 change detected
2026-05-29 20:54:59 | INFO     | watchfiles.main | 1 change detected
2026-05-29 20:54:59 | INFO     | watchfiles.main | 1 change detected
2026-05-29 20:54:59 | INFO     | watchfiles.main | 1 change detected
2026-05-29 20:55:00 | INFO     | watchfiles.main | 1 change detected
2026-05-29 20:55:00 | INFO     | watchfiles.main | 1 change detected
2026-05-29 20:55:01 | INFO     | watchfiles.main | 1 change detected
2026-05-29 20:55:01 | INFO     | watchfiles.main | 1 change detected
2026-05-29 20:55:01 | INFO     | watchfiles.main | 1 change detected
2026-05-29 20:55:02 | INFO     | watchfiles.main | 1 change detected
2026-05-29 20:55:02 | INFO     | watchfiles.main | 1 change detected
2026-05-29 20:55:02 | INFO     | watchfiles.main | 1 change detected
2026-05-29 20:55:03 | INFO     | watchfiles.main | 1 change detected
2026-05-29 20:55:03 | INFO     | watchfiles.main | 1 change detected
2026-05-29 20:55:03 | INFO     | watchfiles.main | 1 change detected
2026-05-29 20:55:04 | INFO     | watchfiles.main | 1 change detected
2026-05-29 20:55:04 | INFO     | watchfiles.main | 1 change detected
2026-05-29 20:55:05 | INFO     | watchfiles.main | 1 change detected
2026-05-29 20:55:05 | INFO     | watchfiles.main | 1 change detected
2026-05-29 20:55:05 | INFO     | watchfiles.main | 1 change detected
2026-05-29 20:55:06 | INFO     | watchfiles.main | 1 change detected
2026-05-29 20:55:06 | INFO     | watchfiles.main | 1 change detected
2026-05-29 20:55:06 | INFO     | watchfiles.main | 1 change detected
2026-05-29 20:55:07 | INFO     | watchfiles.main | 1 change detected
2026-05-29 20:55:07 | INFO     | watchfiles.main | 1 change detected
2026-05-29 20:55:07 | INFO     | watchfiles.main | 1 change detected
2026-05-29 20:55:08 | INFO     | watchfiles.main | 1 change detected
2026-05-29 20:55:08 | INFO     | watchfiles.main | 1 change detected
2026-05-29 20:55:08 | INFO     | watchfiles.main | 1 change detected
2026-05-29 20:55:09 | INFO     | watchfiles.main | 1 change detected
2026-05-29 20:55:09 | INFO     | watchfiles.main | 1 change detected
2026-05-29 20:55:10 | INFO     | watchfiles.main | 1 change detected
2026-05-29 20:55:10 | INFO     | watchfiles.main | 1 change detected
2026-05-29 20:55:10 | INFO     | watchfiles.main | 1 change detected
2026-05-29 20:55:11 | INFO     | watchfiles.main | 1 change detected
2026-05-29 20:55:11 | INFO     | watchfiles.main | 1 change detected
2026-05-29 20:55:11 | INFO     | watchfiles.main | 1 change detected
2026-05-29 20:55:12 | INFO     | watchfiles.main | 1 change detected
2026-05-29 20:55:12 | INFO     | watchfiles.main | 1 change detected
2026-05-29 20:55:12 | INFO     | watchfiles.main | 1 change detected
2026-05-29 20:55:13 | INFO     | watchfiles.main | 1 change detected
2026-05-29 20:55:13 | INFO     | watchfiles.main | 1 change detected
2026-05-29 20:55:14 | INFO     | watchfiles.main | 1 change detected
2026-05-29 20:55:14 | INFO     | watchfiles.main | 1 change detected
2026-05-29 20:55:14 | INFO     | watchfiles.main | 1 change detected
2026-05-29 20:55:15 | INFO     | watchfiles.main | 1 change detected
2026-05-29 20:55:15 | INFO     | watchfiles.main | 1 change detected
2026-05-29 20:55:15 | INFO     | watchfiles.main | 1 change detected
2026-05-29 20:55:16 | INFO     | watchfiles.main | 1 change detected
2026-05-29 20:55:16 | INFO     | watchfiles.main | 1 change detected
2026-05-29 20:55:16 | INFO     | watchfiles.main | 1 change detected
2026-05-29 20:55:17 | INFO     | watchfiles.main | 1 change detected
2026-05-29 20:55:17 | INFO     | watchfiles.main | 1 change detected
2026-05-29 20:55:17 | INFO     | watchfiles.main | 1 change detected
2026-05-29 20:55:18 | INFO     | watchfiles.main | 1 change detected
2026-05-29 20:55:18 | INFO     | watchfiles.main | 1 change detected
2026-05-29 20:55:19 | INFO     | watchfiles.main | 1 change detected
2026-05-29 20:55:19 | INFO     | watchfiles.main | 1 change detected
2026-05-29 20:55:19 | INFO     | watchfiles.main | 1 change detected
2026-05-29 20:55:20 | INFO     | watchfiles.main | 1 change detected
2026-05-29 20:55:20 | INFO     | watchfiles.main | 1 change detected
2026-05-29 20:55:20 | INFO     | watchfiles.main | 1 change detected
2026-05-29 20:55:21 | INFO     | watchfiles.main | 1 change detected
2026-05-29 20:55:21 | INFO     | watchfiles.main | 1 change detected
2026-05-29 20:55:21 | INFO     | watchfiles.main | 1 change detected
2026-05-29 20:55:22 | INFO     | watchfiles.main | 1 change detected
2026-05-29 20:55:22 | INFO     | watchfiles.main | 1 change detected
2026-05-29 20:55:23 | INFO     | watchfiles.main | 1 change detected
2026-05-29 20:55:23 | INFO     | watchfiles.main | 1 change detected
2026-05-29 20:55:23 | INFO     | watchfiles.main | 1 change detected
2026-05-29 20:55:24 | INFO     | watchfiles.main | 1 change detected
2026-05-29 20:55:24 | INFO     | watchfiles.main | 1 change detected
2026-05-29 20:55:24 | INFO     | watchfiles.main | 1 change detected
2026-05-29 20:55:25 | INFO     | watchfiles.main | 1 change detected
2026-05-29 20:55:25 | INFO     | watchfiles.main | 1 change detected
2026-05-29 20:55:25 | INFO     | watchfiles.main | 1 change detected
2026-05-29 20:55:26 | INFO     | watchfiles.main | 1 change detected
2026-05-29 20:55:26 | INFO     | watchfiles.main | 1 change detected
2026-05-29 20:55:26 | INFO     | watchfiles.main | 1 change detected
2026-05-29 20:55:27 | INFO     | watchfiles.main | 1 change detected
2026-05-29 20:55:27 | INFO     | watchfiles.main | 1 change detected
2026-05-29 20:55:28 | INFO     | watchfiles.main | 1 change detected
2026-05-29 20:55:28 | INFO     | watchfiles.main | 1 change detected
2026-05-29 20:55:28 | INFO     | watchfiles.main | 1 change detected
2026-05-29 20:55:29 | INFO     | watchfiles.main | 1 change detected
2026-05-29 20:55:29 | INFO     | watchfiles.main | 1 change detected
2026-05-29 20:55:29 | INFO     | watchfiles.main | 1 change detected
2026-05-29 20:55:30 | INFO     | watchfiles.main | 1 change detected
2026-05-29 20:55:30 | INFO     | watchfiles.main | 1 change detected
2026-05-29 20:55:30 | INFO     | watchfiles.main | 1 change detected
2026-05-29 20:55:31 | INFO     | watchfiles.main | 1 change detected
2026-05-29 20:55:31 | INFO     | watchfiles.main | 1 change detected
2026-05-29 20:55:31 | INFO     | watchfiles.main | 1 change detected
2026-05-29 20:55:32 | INFO     | watchfiles.main | 1 change detected
2026-05-29 20:55:32 | INFO     | watchfiles.main | 1 change detected
2026-05-29 20:55:33 | INFO     | watchfiles.main | 1 change detected
2026-05-29 20:55:33 | INFO     | watchfiles.main | 1 change detected
2026-05-29 20:55:33 | INFO     | watchfiles.main | 1 change detected
2026-05-29 20:55:34 | INFO     | watchfiles.main | 1 change detected
2026-05-29 20:55:34 | INFO     | watchfiles.main | 1 change detected
2026-05-29 20:55:34 | INFO     | watchfiles.main | 1 change detected
2026-05-29 20:55:35 | INFO     | watchfiles.main | 1 change detected
2026-05-29 20:55:35 | INFO     | watchfiles.main | 1 change detected
2026-05-29 20:55:35 | INFO     | watchfiles.main | 1 change detected
2026-05-29 20:55:36 | INFO     | watchfiles.main | 1 change detected
2026-05-29 20:55:36 | INFO     | watchfiles.main | 1 change detected
2026-05-29 20:55:36 | INFO     | watchfiles.main | 1 change detected
2026-05-29 20:55:37 | INFO     | watchfiles.main | 1 change detected
2026-05-29 20:55:37 | INFO     | watchfiles.main | 1 change detected
2026-05-29 20:55:38 | INFO     | watchfiles.main | 1 change detected
2026-05-29 20:55:38 | INFO     | watchfiles.main | 1 change detected
2026-05-29 20:55:38 | INFO     | watchfiles.main | 1 change detected
2026-05-29 20:55:39 | INFO     | watchfiles.main | 1 change detected
2026-05-29 20:55:39 | INFO     | watchfiles.main | 1 change detected
2026-05-29 20:55:39 | INFO     | watchfiles.main | 1 change detected
2026-05-29 20:55:40 | INFO     | watchfiles.main | 1 change detected
2026-05-29 20:55:40 | INFO     | watchfiles.main | 1 change detected
2026-05-29 20:55:40 | INFO     | watchfiles.main | 1 change detected
2026-05-29 20:55:41 | INFO     | watchfiles.main | 1 change detected
2026-05-29 20:55:41 | INFO     | watchfiles.main | 1 change detected
2026-05-29 20:55:42 | INFO     | watchfiles.main | 1 change detected
2026-05-29 20:55:42 | INFO     | watchfiles.main | 1 change detected
2026-05-29 20:55:42 | INFO     | watchfiles.main | 1 change detected
2026-05-29 20:55:43 | INFO     | watchfiles.main | 1 change detected
2026-05-29 20:55:43 | INFO     | watchfiles.main | 1 change detected
2026-05-29 20:55:43 | INFO     | watchfiles.main | 1 change detected
2026-05-29 20:55:44 | INFO     | watchfiles.main | 1 change detected
2026-05-29 20:55:44 | INFO     | watchfiles.main | 1 change detected
2026-05-29 20:55:44 | INFO     | watchfiles.main | 1 change detected
2026-05-29 20:55:45 | INFO     | watchfiles.main | 1 change detected
2026-05-29 20:55:45 | INFO     | watchfiles.main | 1 change detected
2026-05-29 20:55:46 | INFO     | watchfiles.main | 1 change detected
2026-05-29 20:55:46 | INFO     | watchfiles.main | 1 change detected
2026-05-29 20:55:46 | INFO     | watchfiles.main | 1 change detected
2026-05-29 20:55:47 | INFO     | watchfiles.main | 1 change detected
2026-05-29 20:55:47 | INFO     | watchfiles.main | 1 change detected
2026-05-29 20:55:47 | INFO     | watchfiles.main | 1 change detected
2026-05-29 20:55:48 | INFO     | watchfiles.main | 1 change detected
2026-05-29 20:55:48 | INFO     | watchfiles.main | 1 change detected
2026-05-29 20:55:48 | INFO     | watchfiles.main | 1 change detected
2026-05-29 20:55:49 | INFO     | watchfiles.main | 1 change detected
2026-05-29 20:55:49 | INFO     | watchfiles.main | 1 change detected
2026-05-29 20:55:50 | INFO     | watchfiles.main | 1 change detected
2026-05-29 20:55:50 | INFO     | watchfiles.main | 1 change detected
2026-05-29 20:55:50 | INFO     | watchfiles.main | 1 change detected
2026-05-29 20:55:51 | INFO     | watchfiles.main | 1 change detected
2026-05-29 20:55:51 | INFO     | watchfiles.main | 1 change detected
2026-05-29 20:55:51 | INFO     | watchfiles.main | 1 change detected
2026-05-29 20:55:52 | INFO     | watchfiles.main | 1 change detected
2026-05-29 20:55:52 | INFO     | watchfiles.main | 1 change detected
2026-05-29 20:55:52 | INFO     | watchfiles.main | 1 change detected
2026-05-29 20:55:53 | INFO     | watchfiles.main | 1 change detected
2026-05-29 20:55:53 | INFO     | watchfiles.main | 1 change detected
2026-05-29 20:55:53 | INFO     | watchfiles.main | 1 change detected
2026-05-29 20:55:54 | INFO     | watchfiles.main | 1 change detected
2026-05-29 20:55:54 | INFO     | watchfiles.main | 1 change detected
2026-05-29 20:55:55 | INFO     | watchfiles.main | 1 change detected
2026-05-29 20:55:55 | INFO     | watchfiles.main | 1 change detected
2026-05-29 20:55:55 | INFO     | watchfiles.main | 1 change detected
2026-05-29 20:55:56 | INFO     | router.post | Fetched 3 posts
2026-05-29 20:55:56 | INFO     | router.post | Fetched 3 posts
2026-05-29 20:55:56 | INFO     | router.post | Fetched 0 comments for post_id=3
2026-05-29 20:55:56 | INFO     | router.post | Fetched 0 comments for post_id=2
2026-05-29 20:55:56 | INFO     | router.post | Fetched 1 comments for post_id=1
2026-05-29 20:55:56 | INFO     | watchfiles.main | 1 change detected
2026-05-29 20:55:56 | INFO     | router.post | Fetched 0 comments for post_id=3
2026-05-29 20:55:56 | INFO     | router.post | Fetched 0 comments for post_id=2
2026-05-29 20:55:56 | INFO     | router.post | Fetched 1 comments for post_id=1
2026-05-29 20:55:56 | INFO     | watchfiles.main | 1 change detected
2026-05-29 20:55:56 | INFO     | watchfiles.main | 1 change detected
2026-05-29 20:55:57 | INFO     | watchfiles.main | 1 change detected
2026-05-29 20:55:57 | INFO     | watchfiles.main | 1 change detected
2026-05-29 20:55:57 | INFO     | watchfiles.main | 1 change detected
2026-05-29 20:55:58 | INFO     | watchfiles.main | 1 change detected
2026-05-29 20:55:58 | INFO     | watchfiles.main | 1 change detected
2026-05-29 20:55:59 | INFO     | watchfiles.main | 1 change detected
2026-05-29 20:55:59 | INFO     | watchfiles.main | 1 change detected
2026-05-29 20:55:59 | INFO     | watchfiles.main | 1 change detected
2026-05-29 20:56:00 | INFO     | watchfiles.main | 1 change detected
2026-05-29 20:56:00 | INFO     | watchfiles.main | 1 change detected
2026-05-29 20:56:00 | INFO     | watchfiles.main | 1 change detected
2026-05-29 20:56:01 | INFO     | watchfiles.main | 1 change detected
2026-05-29 20:56:01 | INFO     | watchfiles.main | 1 change detected
2026-05-29 20:56:01 | INFO     | watchfiles.main | 1 change detected
2026-05-29 20:56:02 | INFO     | watchfiles.main | 1 change detected
2026-05-29 20:56:02 | INFO     | watchfiles.main | 1 change detected
2026-05-29 20:56:03 | INFO     | watchfiles.main | 1 change detected
2026-05-29 20:56:03 | INFO     | watchfiles.main | 1 change detected
2026-05-29 20:56:03 | INFO     | watchfiles.main | 1 change detected
2026-05-29 20:56:04 | INFO     | watchfiles.main | 1 change detected
2026-05-29 20:56:04 | INFO     | watchfiles.main | 1 change detected
2026-05-29 20:56:04 | INFO     | watchfiles.main | 1 change detected
2026-05-29 20:56:05 | INFO     | watchfiles.main | 1 change detected
2026-05-29 20:56:05 | INFO     | watchfiles.main | 1 change detected
2026-05-29 20:56:05 | INFO     | watchfiles.main | 1 change detected
2026-05-29 20:56:06 | INFO     | watchfiles.main | 1 change detected
2026-05-29 20:56:06 | INFO     | watchfiles.main | 1 change detected
2026-05-29 20:56:06 | INFO     | watchfiles.main | 1 change detected
2026-05-29 20:56:07 | INFO     | watchfiles.main | 1 change detected
2026-05-29 20:56:07 | INFO     | watchfiles.main | 1 change detected
2026-05-29 20:56:08 | INFO     | watchfiles.main | 1 change detected
2026-05-29 20:56:08 | INFO     | watchfiles.main | 1 change detected
2026-05-29 20:56:08 | INFO     | watchfiles.main | 1 change detected
2026-05-29 20:56:09 | INFO     | watchfiles.main | 1 change detected
2026-05-29 20:56:09 | INFO     | watchfiles.main | 1 change detected
2026-05-29 20:56:09 | INFO     | watchfiles.main | 1 change detected
2026-05-29 20:56:10 | INFO     | watchfiles.main | 1 change detected
2026-05-29 20:56:10 | INFO     | watchfiles.main | 1 change detected
2026-05-29 20:56:10 | INFO     | watchfiles.main | 1 change detected
2026-05-29 20:56:11 | INFO     | watchfiles.main | 1 change detected
2026-05-29 20:56:11 | INFO     | watchfiles.main | 1 change detected
2026-05-29 20:56:11 | INFO     | watchfiles.main | 1 change detected
2026-05-29 20:56:12 | INFO     | watchfiles.main | 1 change detected
2026-05-29 20:56:12 | INFO     | watchfiles.main | 1 change detected
2026-05-29 20:56:13 | INFO     | watchfiles.main | 1 change detected
2026-05-29 20:56:13 | INFO     | watchfiles.main | 1 change detected
2026-05-29 20:56:13 | INFO     | watchfiles.main | 1 change detected
2026-05-29 20:56:14 | INFO     | watchfiles.main | 1 change detected
2026-05-29 20:56:14 | INFO     | watchfiles.main | 1 change detected
2026-05-29 20:56:14 | INFO     | watchfiles.main | 1 change detected
2026-05-29 20:56:15 | INFO     | watchfiles.main | 1 change detected
2026-05-29 20:56:15 | INFO     | watchfiles.main | 1 change detected
2026-05-29 20:56:15 | INFO     | watchfiles.main | 1 change detected
2026-05-29 20:56:16 | INFO     | watchfiles.main | 1 change detected
2026-05-29 20:56:16 | INFO     | watchfiles.main | 1 change detected
2026-05-29 20:56:17 | INFO     | watchfiles.main | 1 change detected
2026-05-29 20:56:17 | INFO     | watchfiles.main | 1 change detected
2026-05-29 20:56:17 | INFO     | watchfiles.main | 1 change detected
2026-05-29 20:56:18 | INFO     | watchfiles.main | 1 change detected
2026-05-29 20:56:18 | INFO     | watchfiles.main | 1 change detected
2026-05-29 20:56:18 | INFO     | watchfiles.main | 1 change detected
2026-05-29 20:56:19 | INFO     | watchfiles.main | 1 change detected
2026-05-29 20:56:19 | INFO     | watchfiles.main | 1 change detected
2026-05-29 20:56:19 | INFO     | watchfiles.main | 1 change detected
2026-05-29 20:56:20 | INFO     | watchfiles.main | 1 change detected
2026-05-29 20:56:20 | INFO     | watchfiles.main | 1 change detected
2026-05-29 20:56:20 | INFO     | watchfiles.main | 1 change detected
2026-05-29 20:56:21 | INFO     | watchfiles.main | 1 change detected
2026-05-29 20:56:21 | INFO     | watchfiles.main | 1 change detected
2026-05-29 20:56:22 | INFO     | watchfiles.main | 1 change detected
2026-05-29 20:56:22 | INFO     | watchfiles.main | 1 change detected
2026-05-29 20:56:22 | INFO     | watchfiles.main | 1 change detected
2026-05-29 20:56:23 | INFO     | watchfiles.main | 1 change detected
2026-05-29 20:56:23 | INFO     | watchfiles.main | 1 change detected
2026-05-29 20:56:23 | INFO     | watchfiles.main | 1 change detected
2026-05-29 20:56:24 | INFO     | watchfiles.main | 1 change detected
2026-05-29 20:56:24 | INFO     | watchfiles.main | 1 change detected
2026-05-29 20:56:24 | INFO     | watchfiles.main | 1 change detected
2026-05-29 20:56:25 | INFO     | watchfiles.main | 1 change detected
2026-05-29 20:56:25 | INFO     | watchfiles.main | 1 change detected
2026-05-29 20:56:26 | INFO     | watchfiles.main | 1 change detected
2026-05-29 20:56:26 | INFO     | watchfiles.main | 1 change detected
2026-05-29 20:56:26 | INFO     | watchfiles.main | 1 change detected
2026-05-29 20:56:27 | INFO     | watchfiles.main | 1 change detected
2026-05-29 20:56:27 | INFO     | watchfiles.main | 1 change detected
2026-05-29 20:56:27 | INFO     | watchfiles.main | 1 change detected
2026-05-29 20:56:28 | INFO     | watchfiles.main | 1 change detected
2026-05-29 20:56:28 | INFO     | watchfiles.main | 1 change detected
2026-05-29 20:56:28 | INFO     | watchfiles.main | 1 change detected
2026-05-29 20:56:29 | INFO     | watchfiles.main | 1 change detected
2026-05-29 20:56:29 | INFO     | watchfiles.main | 1 change detected
2026-05-29 20:56:29 | INFO     | watchfiles.main | 1 change detected
2026-05-29 20:56:30 | INFO     | watchfiles.main | 1 change detected
2026-05-29 20:56:30 | INFO     | watchfiles.main | 1 change detected
2026-05-29 20:56:31 | INFO     | watchfiles.main | 1 change detected
2026-05-29 20:56:31 | INFO     | watchfiles.main | 1 change detected
2026-05-29 20:56:31 | INFO     | watchfiles.main | 1 change detected
2026-05-29 20:56:32 | INFO     | watchfiles.main | 1 change detected
2026-05-29 20:56:32 | INFO     | watchfiles.main | 1 change detected
2026-05-29 20:56:32 | INFO     | watchfiles.main | 1 change detected
2026-05-29 20:56:33 | INFO     | watchfiles.main | 1 change detected
2026-05-29 20:56:33 | INFO     | watchfiles.main | 1 change detected
2026-05-29 20:56:33 | INFO     | watchfiles.main | 1 change detected
2026-05-29 20:56:34 | INFO     | watchfiles.main | 1 change detected
2026-05-29 20:56:34 | INFO     | watchfiles.main | 1 change detected
2026-05-29 20:56:34 | INFO     | watchfiles.main | 1 change detected
2026-05-29 20:56:35 | INFO     | watchfiles.main | 1 change detected
2026-05-29 20:56:35 | INFO     | watchfiles.main | 1 change detected
2026-05-29 20:56:36 | INFO     | watchfiles.main | 1 change detected
2026-05-29 20:56:36 | INFO     | watchfiles.main | 1 change detected
2026-05-29 20:56:36 | INFO     | watchfiles.main | 1 change detected
2026-05-29 20:56:37 | INFO     | watchfiles.main | 1 change detected
2026-05-29 20:56:37 | INFO     | watchfiles.main | 1 change detected
2026-05-29 20:56:37 | INFO     | watchfiles.main | 1 change detected
2026-05-29 20:56:38 | INFO     | watchfiles.main | 1 change detected
2026-05-29 20:56:38 | INFO     | watchfiles.main | 1 change detected
2026-05-29 20:56:38 | INFO     | watchfiles.main | 1 change detected
2026-05-29 20:56:39 | INFO     | watchfiles.main | 1 change detected
2026-05-29 20:56:39 | INFO     | watchfiles.main | 1 change detected
2026-05-29 20:56:40 | INFO     | watchfiles.main | 1 change detected
2026-05-29 20:56:40 | INFO     | watchfiles.main | 1 change detected
2026-05-29 20:56:40 | INFO     | watchfiles.main | 1 change detected
2026-05-29 20:56:41 | INFO     | watchfiles.main | 1 change detected
2026-05-29 20:56:41 | INFO     | watchfiles.main | 1 change detected
2026-05-29 20:56:41 | INFO     | watchfiles.main | 1 change detected
2026-05-29 20:56:42 | INFO     | watchfiles.main | 1 change detected
2026-05-29 20:56:42 | INFO     | watchfiles.main | 1 change detected
2026-05-29 20:56:42 | INFO     | watchfiles.main | 1 change detected
2026-05-29 20:56:43 | INFO     | watchfiles.main | 1 change detected
2026-05-29 20:56:43 | INFO     | watchfiles.main | 1 change detected
2026-05-29 20:56:43 | INFO     | watchfiles.main | 1 change detected
2026-05-29 20:56:44 | INFO     | watchfiles.main | 1 change detected
2026-05-29 20:56:44 | INFO     | watchfiles.main | 1 change detected
2026-05-29 20:56:45 | INFO     | watchfiles.main | 1 change detected
2026-05-29 20:56:45 | INFO     | watchfiles.main | 1 change detected
2026-05-29 20:56:45 | INFO     | watchfiles.main | 1 change detected
2026-05-29 20:56:46 | INFO     | watchfiles.main | 1 change detected
2026-05-29 20:56:46 | INFO     | watchfiles.main | 1 change detected
2026-05-29 20:56:46 | INFO     | watchfiles.main | 1 change detected
2026-05-29 20:56:47 | INFO     | watchfiles.main | 1 change detected
2026-05-29 20:56:47 | INFO     | watchfiles.main | 1 change detected
2026-05-29 20:56:47 | INFO     | watchfiles.main | 1 change detected
2026-05-29 20:56:48 | INFO     | watchfiles.main | 1 change detected
2026-05-29 20:56:48 | INFO     | watchfiles.main | 1 change detected
2026-05-29 20:56:48 | INFO     | watchfiles.main | 1 change detected
2026-05-29 20:56:49 | INFO     | watchfiles.main | 1 change detected
2026-05-29 20:56:49 | INFO     | watchfiles.main | 1 change detected
2026-05-29 20:56:50 | INFO     | watchfiles.main | 1 change detected
2026-05-29 20:56:50 | INFO     | watchfiles.main | 1 change detected
2026-05-29 20:56:50 | INFO     | watchfiles.main | 1 change detected
2026-05-29 20:56:51 | INFO     | watchfiles.main | 1 change detected
2026-05-29 20:56:51 | INFO     | watchfiles.main | 1 change detected
2026-05-29 20:56:51 | INFO     | watchfiles.main | 1 change detected
2026-05-29 20:56:52 | INFO     | watchfiles.main | 1 change detected
2026-05-29 20:56:52 | INFO     | watchfiles.main | 1 change detected
2026-05-29 20:56:52 | INFO     | watchfiles.main | 1 change detected
2026-05-29 20:56:53 | INFO     | watchfiles.main | 1 change detected
2026-05-29 20:56:53 | INFO     | watchfiles.main | 1 change detected
2026-05-29 20:56:53 | INFO     | watchfiles.main | 1 change detected
2026-05-29 20:56:54 | INFO     | watchfiles.main | 1 change detected
2026-05-29 20:56:54 | INFO     | watchfiles.main | 1 change detected
2026-05-29 20:56:55 | INFO     | watchfiles.main | 1 change detected
2026-05-29 20:56:55 | INFO     | watchfiles.main | 1 change detected
2026-05-29 20:56:55 | INFO     | watchfiles.main | 1 change detected
2026-05-29 20:56:56 | INFO     | watchfiles.main | 1 change detected
2026-05-29 20:56:56 | INFO     | watchfiles.main | 1 change detected
2026-05-29 20:56:56 | INFO     | watchfiles.main | 1 change detected
2026-05-29 20:56:57 | INFO     | watchfiles.main | 1 change detected
2026-05-29 20:56:57 | INFO     | watchfiles.main | 1 change detected
2026-05-29 20:56:57 | INFO     | watchfiles.main | 1 change detected
2026-05-29 20:56:58 | INFO     | watchfiles.main | 1 change detected
2026-05-29 20:56:58 | INFO     | watchfiles.main | 1 change detected
2026-05-29 20:56:58 | INFO     | watchfiles.main | 1 change detected
2026-05-29 20:56:59 | INFO     | watchfiles.main | 1 change detected
2026-05-29 20:56:59 | INFO     | watchfiles.main | 1 change detected
2026-05-29 20:57:00 | INFO     | watchfiles.main | 1 change detected
2026-05-29 20:57:00 | INFO     | watchfiles.main | 1 change detected
2026-05-29 20:57:00 | INFO     | watchfiles.main | 1 change detected
2026-05-29 20:57:01 | INFO     | watchfiles.main | 1 change detected
2026-05-29 20:57:01 | INFO     | watchfiles.main | 1 change detected
2026-05-29 20:57:01 | INFO     | watchfiles.main | 1 change detected
2026-05-29 20:57:02 | INFO     | watchfiles.main | 1 change detected
2026-05-29 20:57:02 | INFO     | watchfiles.main | 1 change detected
2026-05-29 20:57:02 | INFO     | watchfiles.main | 1 change detected
2026-05-29 20:57:03 | INFO     | watchfiles.main | 1 change detected
2026-05-29 20:57:03 | INFO     | watchfiles.main | 1 change detected
2026-05-29 20:57:03 | INFO     | watchfiles.main | 1 change detected
2026-05-29 20:57:04 | INFO     | watchfiles.main | 1 change detected
2026-05-29 20:57:04 | INFO     | watchfiles.main | 1 change detected
2026-05-29 20:57:05 | INFO     | watchfiles.main | 1 change detected
2026-05-29 20:57:05 | INFO     | watchfiles.main | 1 change detected
2026-05-29 20:57:05 | INFO     | watchfiles.main | 1 change detected
2026-05-29 20:57:06 | INFO     | watchfiles.main | 1 change detected
2026-05-29 20:57:06 | INFO     | watchfiles.main | 1 change detected
2026-05-29 20:57:06 | INFO     | watchfiles.main | 1 change detected
2026-05-29 20:57:07 | INFO     | watchfiles.main | 1 change detected
2026-05-29 20:57:07 | INFO     | watchfiles.main | 1 change detected
2026-05-29 20:57:07 | INFO     | watchfiles.main | 1 change detected
2026-05-29 20:57:08 | INFO     | watchfiles.main | 1 change detected
2026-05-29 20:57:08 | INFO     | watchfiles.main | 1 change detected
2026-05-29 20:57:09 | INFO     | watchfiles.main | 1 change detected
2026-05-29 20:57:09 | INFO     | watchfiles.main | 1 change detected
2026-05-29 20:57:09 | INFO     | watchfiles.main | 1 change detected
2026-05-29 20:57:10 | INFO     | watchfiles.main | 1 change detected
2026-05-29 20:57:10 | INFO     | watchfiles.main | 1 change detected
2026-05-29 20:57:10 | INFO     | watchfiles.main | 1 change detected
2026-05-29 20:57:11 | INFO     | watchfiles.main | 1 change detected
2026-05-29 20:57:11 | INFO     | watchfiles.main | 1 change detected
2026-05-29 20:57:11 | INFO     | watchfiles.main | 1 change detected
2026-05-29 20:57:12 | INFO     | watchfiles.main | 1 change detected
2026-05-29 20:57:12 | INFO     | watchfiles.main | 1 change detected
2026-05-29 20:57:13 | INFO     | watchfiles.main | 1 change detected
2026-05-29 20:57:13 | INFO     | watchfiles.main | 1 change detected
2026-05-29 20:57:13 | INFO     | watchfiles.main | 1 change detected
2026-05-29 20:57:14 | INFO     | watchfiles.main | 1 change detected
2026-05-29 20:57:14 | INFO     | watchfiles.main | 1 change detected
2026-05-29 20:57:14 | INFO     | watchfiles.main | 1 change detected
2026-05-29 20:57:15 | INFO     | watchfiles.main | 1 change detected
2026-05-29 20:57:15 | INFO     | watchfiles.main | 1 change detected
2026-05-29 20:57:15 | INFO     | watchfiles.main | 1 change detected
2026-05-29 20:57:16 | INFO     | watchfiles.main | 1 change detected
2026-05-29 20:57:16 | INFO     | watchfiles.main | 1 change detected
2026-05-29 20:57:17 | INFO     | watchfiles.main | 1 change detected
2026-05-29 20:57:17 | INFO     | watchfiles.main | 1 change detected
2026-05-29 20:57:17 | INFO     | watchfiles.main | 1 change detected
2026-05-29 20:57:18 | INFO     | watchfiles.main | 1 change detected
2026-05-29 20:57:18 | INFO     | watchfiles.main | 1 change detected
2026-05-29 20:57:18 | INFO     | watchfiles.main | 1 change detected
2026-05-29 20:57:19 | INFO     | watchfiles.main | 1 change detected
2026-05-29 20:57:19 | INFO     | watchfiles.main | 1 change detected
2026-05-29 20:57:19 | INFO     | watchfiles.main | 1 change detected
2026-05-29 20:57:20 | INFO     | watchfiles.main | 1 change detected
2026-05-29 20:57:20 | INFO     | watchfiles.main | 1 change detected
2026-05-29 20:57:21 | INFO     | watchfiles.main | 1 change detected
2026-05-29 20:57:21 | INFO     | watchfiles.main | 1 change detected
2026-05-29 20:57:21 | INFO     | watchfiles.main | 1 change detected
2026-05-29 20:57:22 | INFO     | watchfiles.main | 1 change detected
2026-05-29 20:57:22 | INFO     | watchfiles.main | 1 change detected
2026-05-29 20:57:22 | INFO     | watchfiles.main | 1 change detected
2026-05-29 20:57:23 | INFO     | watchfiles.main | 1 change detected
2026-05-29 20:57:23 | INFO     | watchfiles.main | 1 change detected
2026-05-29 20:57:23 | INFO     | watchfiles.main | 1 change detected
2026-05-29 20:57:24 | INFO     | watchfiles.main | 1 change detected
2026-05-29 20:57:24 | INFO     | watchfiles.main | 1 change detected
2026-05-29 20:57:24 | INFO     | watchfiles.main | 1 change detected
2026-05-29 20:57:25 | INFO     | watchfiles.main | 1 change detected
2026-05-29 20:57:25 | INFO     | watchfiles.main | 1 change detected
2026-05-29 20:57:26 | INFO     | watchfiles.main | 1 change detected
2026-05-29 20:57:26 | INFO     | watchfiles.main | 1 change detected
2026-05-29 20:57:26 | INFO     | watchfiles.main | 1 change detected
2026-05-29 20:57:27 | INFO     | watchfiles.main | 1 change detected
2026-05-29 20:57:27 | INFO     | watchfiles.main | 1 change detected
2026-05-29 20:57:27 | INFO     | watchfiles.main | 1 change detected
2026-05-29 20:57:28 | INFO     | watchfiles.main | 1 change detected
2026-05-29 20:57:28 | INFO     | watchfiles.main | 1 change detected
2026-05-29 20:57:28 | INFO     | watchfiles.main | 1 change detected
2026-05-29 20:57:29 | INFO     | watchfiles.main | 1 change detected
2026-05-29 20:57:29 | INFO     | watchfiles.main | 1 change detected
2026-05-29 20:57:29 | INFO     | watchfiles.main | 1 change detected
2026-05-29 20:57:30 | INFO     | watchfiles.main | 1 change detected
2026-05-29 20:57:30 | INFO     | watchfiles.main | 1 change detected
2026-05-29 20:57:31 | INFO     | watchfiles.main | 1 change detected
2026-05-29 20:57:31 | INFO     | watchfiles.main | 1 change detected
2026-05-29 20:57:31 | INFO     | watchfiles.main | 1 change detected
2026-05-29 20:57:32 | INFO     | watchfiles.main | 1 change detected
2026-05-29 20:57:32 | INFO     | watchfiles.main | 1 change detected
2026-05-29 20:57:32 | INFO     | watchfiles.main | 1 change detected
2026-05-29 20:57:33 | INFO     | watchfiles.main | 1 change detected
2026-05-29 20:57:33 | INFO     | watchfiles.main | 1 change detected
2026-05-29 20:57:33 | INFO     | watchfiles.main | 1 change detected
2026-05-29 20:57:34 | INFO     | watchfiles.main | 1 change detected
2026-05-29 20:57:34 | INFO     | watchfiles.main | 1 change detected
2026-05-29 20:57:34 | INFO     | watchfiles.main | 1 change detected
2026-05-29 20:57:35 | INFO     | watchfiles.main | 1 change detected
2026-05-29 20:57:35 | INFO     | watchfiles.main | 1 change detected
2026-05-29 20:57:36 | INFO     | watchfiles.main | 1 change detected
2026-05-29 20:57:36 | INFO     | watchfiles.main | 1 change detected
2026-05-29 20:57:36 | INFO     | watchfiles.main | 1 change detected
2026-05-29 20:57:37 | INFO     | watchfiles.main | 1 change detected
2026-05-29 20:57:37 | INFO     | watchfiles.main | 1 change detected
2026-05-29 20:57:37 | INFO     | watchfiles.main | 1 change detected
2026-05-29 20:57:38 | INFO     | watchfiles.main | 1 change detected
2026-05-29 20:57:38 | INFO     | watchfiles.main | 1 change detected
2026-05-29 20:57:38 | INFO     | watchfiles.main | 1 change detected
2026-05-29 20:57:39 | INFO     | watchfiles.main | 1 change detected
2026-05-29 20:57:39 | INFO     | watchfiles.main | 1 change detected
2026-05-29 20:57:39 | INFO     | watchfiles.main | 1 change detected
2026-05-29 20:57:40 | INFO     | watchfiles.main | 1 change detected
2026-05-29 20:57:40 | INFO     | watchfiles.main | 1 change detected
2026-05-29 20:57:41 | INFO     | watchfiles.main | 1 change detected
2026-05-29 20:57:41 | INFO     | watchfiles.main | 1 change detected
2026-05-29 20:57:41 | INFO     | watchfiles.main | 1 change detected
2026-05-29 20:57:42 | INFO     | watchfiles.main | 1 change detected
2026-05-29 20:57:42 | INFO     | watchfiles.main | 1 change detected
2026-05-29 20:57:42 | INFO     | watchfiles.main | 1 change detected
2026-05-29 20:57:43 | INFO     | watchfiles.main | 1 change detected
2026-05-29 20:57:43 | INFO     | watchfiles.main | 1 change detected
2026-05-29 20:57:43 | INFO     | watchfiles.main | 1 change detected
2026-05-29 20:57:44 | INFO     | watchfiles.main | 1 change detected
2026-05-29 20:57:44 | INFO     | watchfiles.main | 1 change detected
2026-05-29 20:57:44 | INFO     | watchfiles.main | 1 change detected
2026-05-29 20:57:45 | INFO     | watchfiles.main | 1 change detected
2026-05-29 20:57:45 | INFO     | watchfiles.main | 1 change detected
2026-05-29 20:57:46 | INFO     | watchfiles.main | 1 change detected
2026-05-29 20:57:46 | INFO     | watchfiles.main | 1 change detected
2026-05-29 20:57:46 | INFO     | watchfiles.main | 1 change detected
2026-05-29 20:57:47 | INFO     | watchfiles.main | 1 change detected
2026-05-29 20:57:47 | INFO     | watchfiles.main | 1 change detected
2026-05-29 20:57:47 | INFO     | watchfiles.main | 1 change detected
2026-05-29 20:57:48 | INFO     | watchfiles.main | 1 change detected
2026-05-29 20:57:48 | INFO     | watchfiles.main | 1 change detected
2026-05-29 20:57:48 | INFO     | watchfiles.main | 1 change detected
2026-05-29 20:57:49 | INFO     | watchfiles.main | 1 change detected
2026-05-29 20:57:49 | INFO     | watchfiles.main | 1 change detected
2026-05-29 20:57:50 | INFO     | watchfiles.main | 1 change detected
2026-05-29 20:57:50 | INFO     | watchfiles.main | 1 change detected
2026-05-29 20:57:50 | INFO     | watchfiles.main | 1 change detected
2026-05-29 20:57:51 | INFO     | watchfiles.main | 1 change detected
2026-05-29 20:57:51 | INFO     | watchfiles.main | 1 change detected
2026-05-29 20:57:51 | INFO     | watchfiles.main | 1 change detected
2026-05-29 20:57:52 | INFO     | watchfiles.main | 1 change detected
2026-05-29 20:57:52 | INFO     | watchfiles.main | 1 change detected
2026-05-29 20:57:52 | INFO     | watchfiles.main | 1 change detected
2026-05-29 20:57:53 | INFO     | watchfiles.main | 1 change detected
2026-05-29 20:57:53 | INFO     | watchfiles.main | 1 change detected
2026-05-29 20:57:53 | INFO     | watchfiles.main | 1 change detected
2026-05-29 20:57:54 | INFO     | watchfiles.main | 1 change detected
2026-05-29 20:57:54 | INFO     | watchfiles.main | 1 change detected
2026-05-29 20:57:55 | INFO     | watchfiles.main | 1 change detected
2026-05-29 20:57:55 | INFO     | watchfiles.main | 1 change detected
2026-05-29 20:57:55 | INFO     | watchfiles.main | 1 change detected
2026-05-29 20:57:56 | INFO     | watchfiles.main | 1 change detected
2026-05-29 20:57:56 | INFO     | watchfiles.main | 1 change detected
2026-05-29 20:57:56 | INFO     | watchfiles.main | 1 change detected
2026-05-29 20:57:57 | INFO     | watchfiles.main | 1 change detected
2026-05-29 20:57:57 | INFO     | watchfiles.main | 1 change detected
2026-05-29 20:57:57 | INFO     | watchfiles.main | 1 change detected
2026-05-29 20:57:58 | INFO     | watchfiles.main | 1 change detected
2026-05-29 20:57:58 | INFO     | watchfiles.main | 1 change detected
2026-05-29 20:57:58 | INFO     | watchfiles.main | 1 change detected
2026-05-29 20:57:59 | INFO     | watchfiles.main | 1 change detected
2026-05-29 20:57:59 | INFO     | watchfiles.main | 1 change detected
2026-05-29 20:58:00 | INFO     | watchfiles.main | 1 change detected
2026-05-29 20:58:00 | INFO     | watchfiles.main | 1 change detected
2026-05-29 20:58:00 | INFO     | watchfiles.main | 1 change detected
2026-05-29 20:58:01 | INFO     | watchfiles.main | 1 change detected
2026-05-29 20:58:01 | INFO     | watchfiles.main | 1 change detected
2026-05-29 20:58:01 | INFO     | watchfiles.main | 1 change detected
2026-05-29 20:58:02 | INFO     | watchfiles.main | 1 change detected
2026-05-29 20:58:02 | INFO     | watchfiles.main | 1 change detected
2026-05-29 20:58:02 | INFO     | watchfiles.main | 1 change detected
2026-05-29 20:58:03 | INFO     | watchfiles.main | 1 change detected
2026-05-29 20:58:03 | INFO     | watchfiles.main | 1 change detected
2026-05-29 20:58:03 | INFO     | watchfiles.main | 1 change detected
2026-05-29 20:58:04 | INFO     | watchfiles.main | 1 change detected
2026-05-29 20:58:04 | INFO     | watchfiles.main | 1 change detected
2026-05-29 20:58:05 | INFO     | watchfiles.main | 1 change detected
2026-05-29 20:58:05 | INFO     | watchfiles.main | 1 change detected
2026-05-29 20:58:05 | INFO     | watchfiles.main | 1 change detected
2026-05-29 20:58:06 | INFO     | watchfiles.main | 1 change detected
2026-05-29 20:58:06 | INFO     | watchfiles.main | 1 change detected
2026-05-29 20:58:06 | INFO     | watchfiles.main | 1 change detected
2026-05-29 20:58:07 | INFO     | watchfiles.main | 1 change detected
2026-05-29 20:58:07 | INFO     | watchfiles.main | 1 change detected
2026-05-29 20:58:07 | INFO     | watchfiles.main | 1 change detected
2026-05-29 20:58:08 | INFO     | watchfiles.main | 1 change detected
2026-05-29 20:58:08 | INFO     | watchfiles.main | 1 change detected
2026-05-29 20:58:08 | INFO     | watchfiles.main | 1 change detected
2026-05-29 20:58:09 | INFO     | watchfiles.main | 1 change detected
2026-05-29 20:58:09 | INFO     | watchfiles.main | 1 change detected
2026-05-29 20:58:10 | INFO     | watchfiles.main | 1 change detected
2026-05-29 20:58:10 | INFO     | watchfiles.main | 1 change detected
2026-05-29 20:58:10 | INFO     | watchfiles.main | 1 change detected
2026-05-29 20:58:11 | INFO     | watchfiles.main | 1 change detected
2026-05-29 20:58:11 | INFO     | watchfiles.main | 1 change detected
2026-05-29 20:58:11 | INFO     | watchfiles.main | 1 change detected
2026-05-29 20:58:12 | INFO     | watchfiles.main | 1 change detected
2026-05-29 20:58:12 | INFO     | watchfiles.main | 1 change detected
2026-05-29 20:58:12 | INFO     | watchfiles.main | 1 change detected
2026-05-29 20:58:13 | INFO     | watchfiles.main | 1 change detected
2026-05-29 20:58:13 | INFO     | watchfiles.main | 1 change detected
2026-05-29 20:58:13 | INFO     | watchfiles.main | 1 change detected
2026-05-29 20:58:14 | INFO     | watchfiles.main | 1 change detected
2026-05-29 20:58:14 | INFO     | watchfiles.main | 1 change detected
2026-05-29 20:58:15 | INFO     | watchfiles.main | 1 change detected
2026-05-29 20:58:15 | INFO     | watchfiles.main | 1 change detected
2026-05-29 20:58:15 | INFO     | watchfiles.main | 1 change detected
2026-05-29 20:58:16 | INFO     | watchfiles.main | 1 change detected
2026-05-29 20:58:16 | INFO     | watchfiles.main | 1 change detected
2026-05-29 20:58:16 | INFO     | watchfiles.main | 1 change detected
2026-05-29 20:58:17 | INFO     | watchfiles.main | 1 change detected
2026-05-29 20:58:17 | INFO     | watchfiles.main | 1 change detected
2026-05-29 20:58:17 | INFO     | watchfiles.main | 1 change detected
2026-05-29 20:58:18 | INFO     | watchfiles.main | 1 change detected
2026-05-29 20:58:18 | INFO     | watchfiles.main | 1 change detected
2026-05-29 20:58:18 | INFO     | watchfiles.main | 1 change detected
2026-05-29 20:58:19 | INFO     | watchfiles.main | 1 change detected
2026-05-29 20:58:19 | INFO     | watchfiles.main | 1 change detected
2026-05-29 20:58:20 | INFO     | watchfiles.main | 1 change detected
2026-05-29 20:58:20 | INFO     | watchfiles.main | 1 change detected
2026-05-29 20:58:20 | INFO     | watchfiles.main | 1 change detected
2026-05-29 20:58:21 | INFO     | watchfiles.main | 1 change detected
2026-05-29 20:58:21 | INFO     | watchfiles.main | 1 change detected
2026-05-29 20:58:21 | INFO     | watchfiles.main | 1 change detected
2026-05-29 20:58:22 | INFO     | watchfiles.main | 1 change detected
2026-05-29 20:58:22 | INFO     | watchfiles.main | 1 change detected
2026-05-29 20:58:22 | INFO     | watchfiles.main | 1 change detected
2026-05-29 20:58:23 | INFO     | watchfiles.main | 1 change detected
2026-05-29 20:58:23 | INFO     | watchfiles.main | 1 change detected
2026-05-29 20:58:24 | INFO     | watchfiles.main | 1 change detected
2026-05-29 20:58:24 | INFO     | watchfiles.main | 1 change detected
2026-05-29 20:58:24 | INFO     | watchfiles.main | 1 change detected
2026-05-29 20:58:25 | INFO     | watchfiles.main | 1 change detected
2026-05-29 20:58:25 | INFO     | watchfiles.main | 1 change detected
2026-05-29 20:58:25 | INFO     | watchfiles.main | 1 change detected
2026-05-29 20:58:26 | INFO     | watchfiles.main | 1 change detected
2026-05-29 20:58:26 | INFO     | watchfiles.main | 1 change detected
2026-05-29 20:58:26 | INFO     | watchfiles.main | 1 change detected
2026-05-29 20:58:27 | INFO     | watchfiles.main | 1 change detected
2026-05-29 20:58:27 | INFO     | watchfiles.main | 1 change detected
2026-05-29 20:58:28 | INFO     | watchfiles.main | 1 change detected
2026-05-29 20:58:28 | INFO     | watchfiles.main | 1 change detected
2026-05-29 20:58:28 | INFO     | watchfiles.main | 1 change detected
2026-05-29 20:58:29 | INFO     | watchfiles.main | 1 change detected
2026-05-29 20:58:29 | INFO     | watchfiles.main | 1 change detected
2026-05-29 20:58:29 | INFO     | watchfiles.main | 1 change detected
2026-05-29 20:58:30 | INFO     | watchfiles.main | 1 change detected
2026-05-29 20:58:30 | INFO     | watchfiles.main | 1 change detected
2026-05-29 20:58:30 | INFO     | watchfiles.main | 1 change detected
2026-05-29 20:58:31 | INFO     | watchfiles.main | 1 change detected
2026-05-29 20:58:31 | INFO     | watchfiles.main | 1 change detected
2026-05-29 20:58:31 | INFO     | watchfiles.main | 1 change detected
2026-05-29 20:58:32 | INFO     | watchfiles.main | 1 change detected
2026-05-29 20:58:32 | INFO     | watchfiles.main | 1 change detected
2026-05-29 20:58:33 | INFO     | watchfiles.main | 1 change detected
2026-05-29 20:58:33 | INFO     | watchfiles.main | 1 change detected
2026-05-29 20:58:33 | INFO     | watchfiles.main | 1 change detected
2026-05-29 20:58:34 | INFO     | watchfiles.main | 1 change detected
2026-05-29 20:58:34 | INFO     | watchfiles.main | 1 change detected
2026-05-29 20:58:34 | INFO     | watchfiles.main | 1 change detected
2026-05-29 20:58:35 | INFO     | watchfiles.main | 1 change detected
2026-05-29 20:58:35 | INFO     | watchfiles.main | 1 change detected
2026-05-29 20:58:35 | INFO     | watchfiles.main | 1 change detected
2026-05-29 20:58:36 | INFO     | watchfiles.main | 1 change detected
2026-05-29 20:58:36 | INFO     | watchfiles.main | 1 change detected
2026-05-29 20:58:36 | INFO     | watchfiles.main | 1 change detected
2026-05-29 20:58:37 | INFO     | watchfiles.main | 1 change detected
2026-05-29 20:58:37 | INFO     | watchfiles.main | 1 change detected
2026-05-29 20:58:38 | INFO     | watchfiles.main | 1 change detected
2026-05-29 20:58:38 | INFO     | watchfiles.main | 1 change detected
2026-05-29 20:58:38 | INFO     | watchfiles.main | 1 change detected
2026-05-29 20:58:39 | INFO     | watchfiles.main | 1 change detected
2026-05-29 20:58:39 | INFO     | watchfiles.main | 1 change detected
2026-05-29 20:58:39 | INFO     | watchfiles.main | 1 change detected
2026-05-29 20:58:40 | INFO     | watchfiles.main | 1 change detected
2026-05-29 20:58:40 | INFO     | watchfiles.main | 1 change detected
2026-05-29 20:58:40 | INFO     | watchfiles.main | 1 change detected
2026-05-29 20:58:41 | INFO     | watchfiles.main | 1 change detected
2026-05-29 20:58:41 | INFO     | watchfiles.main | 1 change detected
2026-05-29 20:58:41 | INFO     | watchfiles.main | 1 change detected
2026-05-29 20:58:42 | INFO     | watchfiles.main | 1 change detected
2026-05-29 20:58:42 | INFO     | watchfiles.main | 1 change detected
2026-05-29 20:58:43 | INFO     | watchfiles.main | 1 change detected
2026-05-29 20:58:43 | INFO     | watchfiles.main | 1 change detected
2026-05-29 20:58:43 | INFO     | watchfiles.main | 1 change detected
2026-05-29 20:58:44 | INFO     | watchfiles.main | 1 change detected
2026-05-29 20:58:44 | INFO     | watchfiles.main | 1 change detected
2026-05-29 20:58:44 | INFO     | watchfiles.main | 1 change detected
2026-05-29 20:58:45 | INFO     | watchfiles.main | 1 change detected
2026-05-29 20:58:45 | INFO     | watchfiles.main | 1 change detected
2026-05-29 20:58:45 | INFO     | watchfiles.main | 1 change detected
2026-05-29 20:58:46 | INFO     | watchfiles.main | 1 change detected
2026-05-29 20:58:46 | INFO     | watchfiles.main | 1 change detected
2026-05-29 20:58:46 | INFO     | watchfiles.main | 1 change detected
2026-05-29 20:58:47 | INFO     | watchfiles.main | 1 change detected
2026-05-29 20:58:47 | INFO     | watchfiles.main | 1 change detected
2026-05-29 20:58:48 | INFO     | watchfiles.main | 1 change detected
2026-05-29 20:58:48 | INFO     | watchfiles.main | 1 change detected
2026-05-29 20:58:48 | INFO     | watchfiles.main | 1 change detected
2026-05-29 20:58:49 | INFO     | watchfiles.main | 1 change detected
2026-05-29 20:58:49 | INFO     | watchfiles.main | 1 change detected
2026-05-29 20:58:49 | INFO     | watchfiles.main | 1 change detected
2026-05-29 20:58:50 | INFO     | watchfiles.main | 1 change detected
2026-05-29 20:58:50 | INFO     | watchfiles.main | 1 change detected
2026-05-29 20:58:50 | INFO     | watchfiles.main | 1 change detected
2026-05-29 20:58:51 | INFO     | watchfiles.main | 1 change detected
2026-05-29 20:58:51 | INFO     | watchfiles.main | 1 change detected
2026-05-29 20:58:51 | INFO     | watchfiles.main | 1 change detected
2026-05-29 20:58:52 | INFO     | watchfiles.main | 1 change detected
2026-05-29 20:58:52 | INFO     | watchfiles.main | 1 change detected
2026-05-29 20:58:53 | INFO     | watchfiles.main | 1 change detected
2026-05-29 20:58:53 | INFO     | watchfiles.main | 1 change detected
2026-05-29 20:58:53 | INFO     | watchfiles.main | 1 change detected
2026-05-29 20:58:54 | INFO     | watchfiles.main | 1 change detected
2026-05-29 20:58:54 | INFO     | watchfiles.main | 1 change detected
2026-05-29 20:58:54 | INFO     | watchfiles.main | 1 change detected
2026-05-29 20:58:55 | INFO     | watchfiles.main | 1 change detected
2026-05-29 20:58:55 | INFO     | watchfiles.main | 1 change detected
2026-05-29 20:58:55 | INFO     | watchfiles.main | 1 change detected
2026-05-29 20:58:56 | INFO     | watchfiles.main | 1 change detected
2026-05-29 20:58:56 | INFO     | watchfiles.main | 1 change detected
2026-05-29 20:58:56 | INFO     | watchfiles.main | 1 change detected
2026-05-29 20:58:57 | INFO     | watchfiles.main | 1 change detected
2026-05-29 20:58:57 | INFO     | watchfiles.main | 1 change detected
2026-05-29 20:58:58 | INFO     | watchfiles.main | 1 change detected
2026-05-29 20:58:58 | INFO     | watchfiles.main | 1 change detected
2026-05-29 20:58:58 | INFO     | watchfiles.main | 1 change detected
2026-05-29 20:58:59 | INFO     | watchfiles.main | 1 change detected
2026-05-29 20:58:59 | INFO     | watchfiles.main | 1 change detected
2026-05-29 20:58:59 | INFO     | watchfiles.main | 1 change detected
2026-05-29 20:59:00 | INFO     | watchfiles.main | 1 change detected
2026-05-29 20:59:00 | INFO     | watchfiles.main | 1 change detected
2026-05-29 20:59:00 | INFO     | watchfiles.main | 1 change detected
2026-05-29 20:59:01 | INFO     | watchfiles.main | 1 change detected
2026-05-29 20:59:01 | INFO     | watchfiles.main | 1 change detected
2026-05-29 20:59:01 | INFO     | watchfiles.main | 1 change detected
2026-05-29 20:59:02 | INFO     | watchfiles.main | 1 change detected
2026-05-29 20:59:02 | INFO     | watchfiles.main | 1 change detected
2026-05-29 20:59:03 | INFO     | watchfiles.main | 1 change detected
2026-05-29 20:59:03 | INFO     | watchfiles.main | 1 change detected
2026-05-29 20:59:03 | INFO     | watchfiles.main | 1 change detected
2026-05-29 20:59:04 | INFO     | watchfiles.main | 1 change detected
2026-05-29 20:59:04 | INFO     | watchfiles.main | 1 change detected
2026-05-29 20:59:04 | INFO     | watchfiles.main | 1 change detected
2026-05-29 20:59:05 | INFO     | watchfiles.main | 1 change detected
2026-05-29 20:59:05 | INFO     | watchfiles.main | 1 change detected
2026-05-29 20:59:05 | INFO     | watchfiles.main | 1 change detected
2026-05-29 20:59:06 | INFO     | watchfiles.main | 1 change detected
2026-05-29 20:59:06 | INFO     | watchfiles.main | 1 change detected
2026-05-29 20:59:06 | INFO     | watchfiles.main | 1 change detected
2026-05-29 20:59:07 | INFO     | watchfiles.main | 1 change detected
2026-05-29 20:59:07 | INFO     | watchfiles.main | 1 change detected
2026-05-29 20:59:08 | INFO     | watchfiles.main | 1 change detected
2026-05-29 20:59:08 | INFO     | watchfiles.main | 1 change detected
2026-05-29 20:59:08 | INFO     | watchfiles.main | 1 change detected
2026-05-29 20:59:09 | INFO     | watchfiles.main | 1 change detected
2026-05-29 20:59:09 | INFO     | watchfiles.main | 1 change detected
2026-05-29 20:59:09 | INFO     | watchfiles.main | 1 change detected
2026-05-29 20:59:10 | INFO     | watchfiles.main | 1 change detected
2026-05-29 20:59:10 | INFO     | watchfiles.main | 1 change detected
2026-05-29 20:59:10 | INFO     | watchfiles.main | 1 change detected
2026-05-29 20:59:11 | INFO     | watchfiles.main | 1 change detected
2026-05-29 20:59:11 | INFO     | watchfiles.main | 1 change detected
2026-05-29 20:59:11 | INFO     | watchfiles.main | 1 change detected
2026-05-29 20:59:12 | INFO     | watchfiles.main | 1 change detected
2026-05-29 20:59:12 | INFO     | watchfiles.main | 1 change detected
2026-05-29 20:59:13 | INFO     | watchfiles.main | 1 change detected
2026-05-29 20:59:13 | INFO     | watchfiles.main | 1 change detected
2026-05-29 20:59:13 | INFO     | watchfiles.main | 1 change detected
2026-05-29 20:59:14 | INFO     | watchfiles.main | 1 change detected
2026-05-29 20:59:14 | INFO     | watchfiles.main | 1 change detected
2026-05-29 20:59:14 | INFO     | watchfiles.main | 1 change detected
2026-05-29 20:59:15 | INFO     | watchfiles.main | 1 change detected
2026-05-29 20:59:15 | INFO     | watchfiles.main | 1 change detected
2026-05-29 20:59:15 | INFO     | watchfiles.main | 1 change detected
2026-05-29 20:59:16 | INFO     | watchfiles.main | 1 change detected
2026-05-29 20:59:16 | INFO     | watchfiles.main | 1 change detected
2026-05-29 20:59:16 | INFO     | watchfiles.main | 1 change detected
2026-05-29 20:59:17 | INFO     | watchfiles.main | 1 change detected
2026-05-29 20:59:17 | INFO     | watchfiles.main | 1 change detected
2026-05-29 20:59:18 | INFO     | watchfiles.main | 1 change detected
2026-05-29 20:59:18 | INFO     | watchfiles.main | 1 change detected
2026-05-29 20:59:18 | INFO     | watchfiles.main | 1 change detected
2026-05-29 20:59:19 | INFO     | watchfiles.main | 1 change detected
2026-05-29 20:59:19 | INFO     | watchfiles.main | 1 change detected
2026-05-29 20:59:19 | INFO     | watchfiles.main | 1 change detected
2026-05-29 20:59:20 | INFO     | watchfiles.main | 1 change detected
2026-05-29 20:59:20 | INFO     | watchfiles.main | 1 change detected
2026-05-29 20:59:20 | INFO     | watchfiles.main | 1 change detected
2026-05-29 20:59:21 | INFO     | watchfiles.main | 1 change detected
2026-05-29 20:59:21 | INFO     | watchfiles.main | 1 change detected
2026-05-29 20:59:21 | INFO     | watchfiles.main | 1 change detected
2026-05-29 20:59:22 | INFO     | watchfiles.main | 1 change detected
2026-05-29 20:59:22 | INFO     | watchfiles.main | 1 change detected
2026-05-29 20:59:23 | INFO     | watchfiles.main | 1 change detected
2026-05-29 20:59:23 | INFO     | watchfiles.main | 1 change detected
2026-05-29 20:59:23 | INFO     | watchfiles.main | 1 change detected
2026-05-29 20:59:24 | INFO     | watchfiles.main | 1 change detected
2026-05-29 20:59:24 | INFO     | watchfiles.main | 1 change detected
2026-05-29 20:59:24 | INFO     | watchfiles.main | 1 change detected
2026-05-29 20:59:25 | INFO     | watchfiles.main | 1 change detected
2026-05-29 20:59:25 | INFO     | watchfiles.main | 1 change detected
2026-05-29 20:59:25 | INFO     | watchfiles.main | 1 change detected
2026-05-29 20:59:26 | INFO     | watchfiles.main | 1 change detected
2026-05-29 20:59:26 | INFO     | watchfiles.main | 1 change detected
2026-05-29 20:59:27 | INFO     | watchfiles.main | 1 change detected
2026-05-29 20:59:27 | INFO     | watchfiles.main | 1 change detected
2026-05-29 20:59:27 | INFO     | watchfiles.main | 1 change detected
2026-05-29 20:59:28 | INFO     | watchfiles.main | 1 change detected
2026-05-29 20:59:28 | INFO     | watchfiles.main | 1 change detected
2026-05-29 20:59:28 | INFO     | watchfiles.main | 1 change detected
2026-05-29 20:59:29 | INFO     | watchfiles.main | 1 change detected
2026-05-29 20:59:29 | INFO     | watchfiles.main | 1 change detected
2026-05-29 20:59:29 | INFO     | watchfiles.main | 1 change detected
2026-05-29 20:59:30 | INFO     | watchfiles.main | 1 change detected
2026-05-29 20:59:30 | INFO     | watchfiles.main | 1 change detected
2026-05-29 20:59:30 | INFO     | watchfiles.main | 1 change detected
2026-05-29 20:59:31 | INFO     | watchfiles.main | 1 change detected
2026-05-29 20:59:31 | INFO     | watchfiles.main | 1 change detected
2026-05-29 20:59:32 | INFO     | watchfiles.main | 1 change detected
2026-05-29 20:59:32 | INFO     | watchfiles.main | 1 change detected
2026-05-29 20:59:32 | INFO     | watchfiles.main | 1 change detected
2026-05-29 20:59:33 | INFO     | watchfiles.main | 1 change detected
2026-05-29 20:59:33 | INFO     | watchfiles.main | 1 change detected
2026-05-29 20:59:33 | INFO     | watchfiles.main | 1 change detected
2026-05-29 20:59:34 | INFO     | watchfiles.main | 1 change detected
2026-05-29 20:59:34 | INFO     | watchfiles.main | 1 change detected
2026-05-29 20:59:34 | INFO     | watchfiles.main | 1 change detected
2026-05-29 20:59:35 | INFO     | watchfiles.main | 1 change detected
2026-05-29 20:59:35 | INFO     | watchfiles.main | 1 change detected
2026-05-29 20:59:36 | INFO     | watchfiles.main | 1 change detected
2026-05-29 20:59:36 | INFO     | watchfiles.main | 1 change detected
2026-05-29 20:59:36 | INFO     | watchfiles.main | 1 change detected
2026-05-29 20:59:37 | INFO     | watchfiles.main | 1 change detected
2026-05-29 20:59:37 | INFO     | watchfiles.main | 1 change detected
2026-05-29 20:59:37 | INFO     | watchfiles.main | 1 change detected
2026-05-29 20:59:38 | INFO     | watchfiles.main | 1 change detected
2026-05-29 20:59:38 | INFO     | watchfiles.main | 1 change detected
2026-05-29 20:59:38 | INFO     | watchfiles.main | 1 change detected
2026-05-29 20:59:39 | INFO     | watchfiles.main | 1 change detected
2026-05-29 20:59:39 | INFO     | watchfiles.main | 1 change detected
2026-05-29 20:59:39 | INFO     | watchfiles.main | 1 change detected
2026-05-29 20:59:40 | INFO     | watchfiles.main | 1 change detected
2026-05-29 20:59:40 | INFO     | watchfiles.main | 1 change detected
2026-05-29 20:59:41 | INFO     | watchfiles.main | 1 change detected
2026-05-29 20:59:41 | INFO     | watchfiles.main | 1 change detected
2026-05-29 20:59:41 | INFO     | watchfiles.main | 1 change detected
2026-05-29 20:59:42 | INFO     | watchfiles.main | 1 change detected
2026-05-29 20:59:42 | INFO     | watchfiles.main | 1 change detected
2026-05-29 20:59:42 | INFO     | watchfiles.main | 1 change detected
2026-05-29 20:59:43 | INFO     | watchfiles.main | 1 change detected
2026-05-29 20:59:43 | INFO     | watchfiles.main | 1 change detected
2026-05-29 20:59:43 | INFO     | watchfiles.main | 1 change detected
2026-05-29 20:59:44 | INFO     | watchfiles.main | 1 change detected
2026-05-29 20:59:44 | INFO     | watchfiles.main | 1 change detected
2026-05-29 20:59:44 | INFO     | watchfiles.main | 1 change detected
2026-05-29 20:59:45 | INFO     | watchfiles.main | 1 change detected
2026-05-29 20:59:45 | INFO     | watchfiles.main | 1 change detected
2026-05-29 20:59:46 | INFO     | watchfiles.main | 1 change detected
2026-05-29 20:59:46 | INFO     | watchfiles.main | 1 change detected
2026-05-29 20:59:46 | INFO     | watchfiles.main | 1 change detected
2026-05-29 20:59:47 | INFO     | watchfiles.main | 1 change detected
2026-05-29 20:59:47 | INFO     | watchfiles.main | 1 change detected
2026-05-29 20:59:47 | INFO     | watchfiles.main | 1 change detected
2026-05-29 20:59:48 | INFO     | watchfiles.main | 1 change detected
2026-05-29 20:59:48 | INFO     | watchfiles.main | 1 change detected
2026-05-29 20:59:48 | INFO     | watchfiles.main | 1 change detected
2026-05-29 20:59:49 | INFO     | watchfiles.main | 1 change detected
2026-05-29 20:59:49 | INFO     | watchfiles.main | 1 change detected
2026-05-29 20:59:49 | INFO     | watchfiles.main | 1 change detected
2026-05-29 20:59:50 | INFO     | watchfiles.main | 1 change detected
2026-05-29 20:59:50 | INFO     | watchfiles.main | 1 change detected
2026-05-29 20:59:51 | INFO     | watchfiles.main | 1 change detected
2026-05-29 20:59:51 | INFO     | watchfiles.main | 1 change detected
2026-05-29 20:59:51 | INFO     | watchfiles.main | 1 change detected
2026-05-29 20:59:52 | INFO     | watchfiles.main | 1 change detected
2026-05-29 20:59:52 | INFO     | watchfiles.main | 1 change detected
2026-05-29 20:59:52 | INFO     | watchfiles.main | 1 change detected
2026-05-29 20:59:53 | INFO     | watchfiles.main | 1 change detected
2026-05-29 20:59:53 | INFO     | watchfiles.main | 1 change detected
2026-05-29 20:59:53 | INFO     | watchfiles.main | 1 change detected
2026-05-29 20:59:54 | INFO     | watchfiles.main | 1 change detected
2026-05-29 20:59:54 | INFO     | watchfiles.main | 1 change detected
2026-05-29 20:59:55 | INFO     | watchfiles.main | 1 change detected
2026-05-29 20:59:55 | INFO     | watchfiles.main | 1 change detected
2026-05-29 20:59:55 | INFO     | watchfiles.main | 1 change detected
2026-05-29 20:59:56 | INFO     | watchfiles.main | 1 change detected
2026-05-29 20:59:56 | INFO     | watchfiles.main | 1 change detected
2026-05-29 20:59:56 | INFO     | watchfiles.main | 1 change detected
2026-05-29 20:59:57 | INFO     | watchfiles.main | 1 change detected
2026-05-29 20:59:57 | INFO     | watchfiles.main | 1 change detected
2026-05-29 20:59:57 | INFO     | watchfiles.main | 1 change detected
2026-05-29 20:59:58 | INFO     | watchfiles.main | 1 change detected
2026-05-29 20:59:58 | INFO     | watchfiles.main | 1 change detected
2026-05-29 20:59:59 | INFO     | watchfiles.main | 1 change detected
2026-05-29 20:59:59 | INFO     | watchfiles.main | 1 change detected
2026-05-29 20:59:59 | INFO     | watchfiles.main | 1 change detected
2026-05-29 21:00:00 | INFO     | watchfiles.main | 1 change detected
2026-05-29 21:00:00 | INFO     | watchfiles.main | 1 change detected
2026-05-29 21:00:00 | INFO     | watchfiles.main | 1 change detected
2026-05-29 21:00:01 | INFO     | watchfiles.main | 1 change detected
2026-05-29 21:00:01 | INFO     | watchfiles.main | 1 change detected
2026-05-29 21:00:01 | INFO     | watchfiles.main | 1 change detected
2026-05-29 21:00:02 | INFO     | watchfiles.main | 1 change detected
2026-05-29 21:00:02 | INFO     | watchfiles.main | 1 change detected
2026-05-29 21:00:02 | INFO     | watchfiles.main | 1 change detected
2026-05-29 21:00:03 | INFO     | watchfiles.main | 1 change detected
2026-05-29 21:00:03 | INFO     | watchfiles.main | 1 change detected
2026-05-29 21:00:04 | INFO     | watchfiles.main | 1 change detected
2026-05-29 21:00:04 | INFO     | watchfiles.main | 1 change detected
2026-05-29 21:00:04 | INFO     | watchfiles.main | 1 change detected
2026-05-29 21:00:05 | INFO     | watchfiles.main | 1 change detected
2026-05-29 21:00:05 | INFO     | watchfiles.main | 1 change detected
2026-05-29 21:00:05 | INFO     | watchfiles.main | 1 change detected
2026-05-29 21:00:06 | INFO     | watchfiles.main | 1 change detected
2026-05-29 21:00:06 | INFO     | watchfiles.main | 1 change detected
2026-05-29 21:00:06 | INFO     | watchfiles.main | 1 change detected
2026-05-29 21:00:07 | INFO     | watchfiles.main | 1 change detected
2026-05-29 21:00:07 | INFO     | watchfiles.main | 1 change detected
2026-05-29 21:00:08 | INFO     | watchfiles.main | 1 change detected
2026-05-29 21:00:08 | INFO     | watchfiles.main | 1 change detected
2026-05-29 21:00:08 | INFO     | watchfiles.main | 1 change detected
2026-05-29 21:00:09 | INFO     | watchfiles.main | 1 change detected
2026-05-29 21:00:09 | INFO     | watchfiles.main | 1 change detected
2026-05-29 21:00:09 | INFO     | watchfiles.main | 1 change detected
2026-05-29 21:00:10 | INFO     | watchfiles.main | 1 change detected
2026-05-29 21:00:10 | INFO     | watchfiles.main | 1 change detected
2026-05-29 21:00:10 | INFO     | watchfiles.main | 1 change detected
2026-05-29 21:00:11 | INFO     | watchfiles.main | 1 change detected
2026-05-29 21:00:11 | INFO     | watchfiles.main | 1 change detected
2026-05-29 21:00:12 | INFO     | watchfiles.main | 1 change detected
2026-05-29 21:00:12 | INFO     | watchfiles.main | 1 change detected
2026-05-29 21:00:12 | INFO     | watchfiles.main | 1 change detected
2026-05-29 21:00:13 | INFO     | watchfiles.main | 1 change detected
2026-05-29 21:00:13 | INFO     | watchfiles.main | 1 change detected
2026-05-29 21:00:13 | INFO     | watchfiles.main | 1 change detected
2026-05-29 21:00:14 | INFO     | watchfiles.main | 1 change detected
2026-05-29 21:00:14 | INFO     | watchfiles.main | 1 change detected
2026-05-29 21:00:14 | INFO     | watchfiles.main | 1 change detected
2026-05-29 21:00:15 | INFO     | watchfiles.main | 1 change detected
2026-05-29 21:00:15 | INFO     | watchfiles.main | 1 change detected
2026-05-29 21:00:15 | INFO     | watchfiles.main | 1 change detected
2026-05-29 21:00:16 | INFO     | watchfiles.main | 1 change detected
2026-05-29 21:00:16 | INFO     | watchfiles.main | 1 change detected
2026-05-29 21:00:17 | INFO     | watchfiles.main | 1 change detected
2026-05-29 21:00:17 | INFO     | watchfiles.main | 1 change detected
2026-05-29 21:00:17 | INFO     | watchfiles.main | 1 change detected
2026-05-29 21:00:18 | INFO     | watchfiles.main | 1 change detected
2026-05-29 21:00:18 | INFO     | watchfiles.main | 1 change detected
2026-05-29 21:00:18 | INFO     | watchfiles.main | 1 change detected
2026-05-29 21:00:19 | INFO     | watchfiles.main | 1 change detected
2026-05-29 21:00:19 | INFO     | watchfiles.main | 1 change detected
2026-05-29 21:00:19 | INFO     | watchfiles.main | 1 change detected
2026-05-29 21:00:20 | INFO     | watchfiles.main | 1 change detected
2026-05-29 21:00:20 | INFO     | watchfiles.main | 1 change detected
2026-05-29 21:00:20 | INFO     | watchfiles.main | 1 change detected
2026-05-29 21:00:21 | INFO     | watchfiles.main | 1 change detected
2026-05-29 21:00:21 | INFO     | watchfiles.main | 1 change detected
2026-05-29 21:00:22 | INFO     | watchfiles.main | 1 change detected
2026-05-29 21:00:22 | INFO     | watchfiles.main | 1 change detected
2026-05-29 21:00:22 | INFO     | watchfiles.main | 1 change detected
2026-05-29 21:00:23 | INFO     | watchfiles.main | 1 change detected
2026-05-29 21:00:23 | INFO     | watchfiles.main | 1 change detected
2026-05-29 21:00:23 | INFO     | watchfiles.main | 1 change detected
2026-05-29 21:00:24 | INFO     | watchfiles.main | 1 change detected
2026-05-29 21:00:24 | INFO     | watchfiles.main | 1 change detected
2026-05-29 21:00:24 | INFO     | watchfiles.main | 1 change detected
2026-05-29 21:00:25 | INFO     | watchfiles.main | 1 change detected
2026-05-29 21:00:25 | INFO     | watchfiles.main | 1 change detected
2026-05-29 21:00:26 | INFO     | watchfiles.main | 1 change detected
2026-05-29 21:00:26 | INFO     | watchfiles.main | 1 change detected
2026-05-29 21:00:26 | INFO     | watchfiles.main | 1 change detected
2026-05-29 21:00:27 | INFO     | watchfiles.main | 1 change detected
2026-05-29 21:00:27 | INFO     | watchfiles.main | 1 change detected
2026-05-29 21:00:27 | INFO     | watchfiles.main | 1 change detected
2026-05-29 21:00:28 | INFO     | watchfiles.main | 1 change detected
2026-05-29 21:00:28 | INFO     | watchfiles.main | 1 change detected
2026-05-29 21:00:28 | INFO     | watchfiles.main | 1 change detected
2026-05-29 21:00:29 | INFO     | watchfiles.main | 1 change detected
2026-05-29 21:00:29 | INFO     | watchfiles.main | 1 change detected
2026-05-29 21:00:29 | INFO     | watchfiles.main | 1 change detected
2026-05-29 21:00:30 | INFO     | watchfiles.main | 1 change detected
2026-05-29 21:00:30 | INFO     | watchfiles.main | 1 change detected
2026-05-29 21:00:31 | INFO     | watchfiles.main | 1 change detected
2026-05-29 21:00:31 | INFO     | watchfiles.main | 1 change detected
2026-05-29 21:00:31 | INFO     | watchfiles.main | 1 change detected
2026-05-29 21:00:32 | INFO     | watchfiles.main | 1 change detected
2026-05-29 21:00:32 | INFO     | watchfiles.main | 1 change detected
2026-05-29 21:00:32 | INFO     | watchfiles.main | 1 change detected
2026-05-29 21:00:33 | INFO     | watchfiles.main | 1 change detected
2026-05-29 21:00:33 | INFO     | watchfiles.main | 1 change detected
2026-05-29 21:00:33 | INFO     | watchfiles.main | 1 change detected
2026-05-29 21:00:34 | INFO     | watchfiles.main | 1 change detected
2026-05-29 21:00:34 | INFO     | watchfiles.main | 1 change detected
2026-05-29 21:00:35 | INFO     | watchfiles.main | 1 change detected
2026-05-29 21:00:35 | INFO     | watchfiles.main | 1 change detected
2026-05-29 21:00:35 | INFO     | watchfiles.main | 1 change detected
2026-05-29 21:00:36 | INFO     | watchfiles.main | 1 change detected
2026-05-29 21:00:36 | INFO     | watchfiles.main | 1 change detected
2026-05-29 21:00:36 | INFO     | watchfiles.main | 1 change detected
2026-05-29 21:00:37 | INFO     | watchfiles.main | 1 change detected
2026-05-29 21:00:37 | INFO     | watchfiles.main | 1 change detected
2026-05-29 21:00:37 | INFO     | watchfiles.main | 1 change detected
2026-05-29 21:00:38 | INFO     | watchfiles.main | 1 change detected
2026-05-29 21:00:38 | INFO     | watchfiles.main | 1 change detected
2026-05-29 21:00:39 | INFO     | watchfiles.main | 1 change detected
2026-05-29 21:00:39 | INFO     | watchfiles.main | 1 change detected
2026-05-29 21:00:39 | INFO     | watchfiles.main | 1 change detected
2026-05-29 21:00:40 | INFO     | watchfiles.main | 1 change detected
2026-05-29 21:00:40 | INFO     | watchfiles.main | 1 change detected
2026-05-29 21:00:40 | INFO     | watchfiles.main | 1 change detected
2026-05-29 21:00:41 | INFO     | watchfiles.main | 1 change detected
2026-05-29 21:00:41 | INFO     | watchfiles.main | 1 change detected
2026-05-29 21:00:41 | INFO     | watchfiles.main | 1 change detected
2026-05-29 21:00:42 | INFO     | watchfiles.main | 1 change detected
2026-05-29 21:00:42 | INFO     | watchfiles.main | 1 change detected
2026-05-29 21:00:42 | INFO     | watchfiles.main | 1 change detected
2026-05-29 21:00:43 | INFO     | watchfiles.main | 1 change detected
2026-05-29 21:00:43 | INFO     | watchfiles.main | 1 change detected
2026-05-29 21:00:43 | INFO     | watchfiles.main | 1 change detected
2026-05-29 21:00:44 | INFO     | watchfiles.main | 1 change detected
2026-05-29 21:00:44 | INFO     | watchfiles.main | 1 change detected
2026-05-29 21:00:45 | INFO     | watchfiles.main | 1 change detected
2026-05-29 21:00:45 | INFO     | watchfiles.main | 1 change detected
2026-05-29 21:00:45 | INFO     | watchfiles.main | 1 change detected
2026-05-29 21:00:46 | INFO     | watchfiles.main | 1 change detected
2026-05-29 21:00:46 | INFO     | watchfiles.main | 1 change detected
2026-05-29 21:00:46 | INFO     | watchfiles.main | 1 change detected
2026-05-29 21:00:47 | INFO     | watchfiles.main | 1 change detected
2026-05-29 21:00:47 | INFO     | watchfiles.main | 1 change detected
2026-05-29 21:00:47 | INFO     | watchfiles.main | 1 change detected
2026-05-29 21:00:48 | INFO     | watchfiles.main | 1 change detected
2026-05-29 21:00:48 | INFO     | watchfiles.main | 1 change detected
2026-05-29 21:00:49 | INFO     | watchfiles.main | 1 change detected
2026-05-29 21:00:49 | INFO     | watchfiles.main | 1 change detected
2026-05-29 21:00:49 | INFO     | watchfiles.main | 1 change detected
2026-05-29 21:00:50 | INFO     | watchfiles.main | 1 change detected
2026-05-29 21:00:50 | INFO     | watchfiles.main | 1 change detected
2026-05-29 21:00:50 | INFO     | watchfiles.main | 1 change detected
2026-05-29 21:00:51 | INFO     | watchfiles.main | 1 change detected
2026-05-29 21:00:51 | INFO     | watchfiles.main | 1 change detected
2026-05-29 21:00:51 | INFO     | watchfiles.main | 1 change detected
2026-05-29 21:00:52 | INFO     | watchfiles.main | 1 change detected
2026-05-29 21:00:52 | INFO     | watchfiles.main | 1 change detected
2026-05-29 21:00:53 | INFO     | watchfiles.main | 1 change detected
2026-05-29 21:00:53 | INFO     | watchfiles.main | 1 change detected
2026-05-29 21:00:53 | INFO     | watchfiles.main | 1 change detected
2026-05-29 21:00:54 | INFO     | watchfiles.main | 1 change detected
2026-05-29 21:00:54 | INFO     | watchfiles.main | 1 change detected
2026-05-29 21:00:54 | INFO     | watchfiles.main | 1 change detected
2026-05-29 21:00:55 | INFO     | watchfiles.main | 1 change detected
2026-05-29 21:00:55 | INFO     | watchfiles.main | 1 change detected
2026-05-29 21:00:55 | INFO     | watchfiles.main | 1 change detected
2026-05-29 21:00:56 | INFO     | watchfiles.main | 1 change detected
2026-05-29 21:00:56 | INFO     | watchfiles.main | 1 change detected
2026-05-29 21:00:56 | INFO     | watchfiles.main | 1 change detected
2026-05-29 21:00:57 | INFO     | watchfiles.main | 1 change detected
2026-05-29 21:00:57 | INFO     | watchfiles.main | 1 change detected
2026-05-29 21:00:57 | INFO     | watchfiles.main | 1 change detected
2026-05-29 21:00:58 | INFO     | watchfiles.main | 1 change detected
2026-05-29 21:00:58 | INFO     | watchfiles.main | 1 change detected
2026-05-29 21:00:59 | INFO     | watchfiles.main | 1 change detected
2026-05-29 21:00:59 | INFO     | watchfiles.main | 1 change detected
2026-05-29 21:00:59 | INFO     | watchfiles.main | 1 change detected
2026-05-29 21:01:00 | INFO     | watchfiles.main | 1 change detected
2026-05-29 21:01:00 | INFO     | watchfiles.main | 1 change detected
2026-05-29 21:01:00 | INFO     | watchfiles.main | 1 change detected
2026-05-29 21:01:01 | INFO     | watchfiles.main | 1 change detected
2026-05-29 21:01:01 | INFO     | watchfiles.main | 1 change detected
2026-05-29 21:01:01 | INFO     | watchfiles.main | 1 change detected
2026-05-29 21:01:02 | INFO     | watchfiles.main | 1 change detected
2026-05-29 21:01:02 | INFO     | watchfiles.main | 1 change detected
2026-05-29 21:01:03 | INFO     | watchfiles.main | 1 change detected
2026-05-29 21:01:03 | INFO     | watchfiles.main | 1 change detected
2026-05-29 21:01:03 | INFO     | watchfiles.main | 1 change detected
2026-05-29 21:01:04 | INFO     | watchfiles.main | 1 change detected
2026-05-29 21:01:04 | INFO     | watchfiles.main | 1 change detected
2026-05-29 21:01:04 | INFO     | watchfiles.main | 1 change detected
2026-05-29 21:01:05 | INFO     | watchfiles.main | 1 change detected
2026-05-29 21:01:05 | INFO     | watchfiles.main | 1 change detected
2026-05-29 21:01:05 | INFO     | watchfiles.main | 1 change detected
2026-05-29 21:01:06 | INFO     | watchfiles.main | 1 change detected
2026-05-29 21:01:06 | INFO     | watchfiles.main | 1 change detected
2026-05-29 21:01:06 | INFO     | watchfiles.main | 1 change detected
2026-05-29 21:01:07 | INFO     | watchfiles.main | 1 change detected
2026-05-29 21:01:07 | INFO     | watchfiles.main | 1 change detected
2026-05-29 21:01:08 | INFO     | watchfiles.main | 1 change detected
2026-05-29 21:01:08 | INFO     | watchfiles.main | 1 change detected
2026-05-29 21:01:08 | INFO     | watchfiles.main | 1 change detected
2026-05-29 21:01:09 | INFO     | watchfiles.main | 1 change detected
2026-05-29 21:01:09 | INFO     | watchfiles.main | 1 change detected
2026-05-29 21:01:09 | INFO     | watchfiles.main | 1 change detected
2026-05-29 21:01:10 | INFO     | watchfiles.main | 1 change detected
2026-05-29 21:01:10 | INFO     | watchfiles.main | 1 change detected
2026-05-29 21:01:10 | INFO     | watchfiles.main | 1 change detected
2026-05-29 21:01:11 | INFO     | watchfiles.main | 1 change detected
2026-05-29 21:01:11 | INFO     | watchfiles.main | 1 change detected
2026-05-29 21:01:12 | INFO     | watchfiles.main | 1 change detected
2026-05-29 21:01:12 | INFO     | watchfiles.main | 1 change detected
2026-05-29 21:01:12 | INFO     | watchfiles.main | 1 change detected
2026-05-29 21:01:13 | INFO     | watchfiles.main | 1 change detected
2026-05-29 21:01:13 | INFO     | watchfiles.main | 1 change detected
2026-05-29 21:01:13 | INFO     | watchfiles.main | 1 change detected
2026-05-29 21:01:14 | INFO     | watchfiles.main | 1 change detected
2026-05-29 21:01:14 | INFO     | watchfiles.main | 1 change detected
2026-05-29 21:01:14 | INFO     | watchfiles.main | 1 change detected
2026-05-29 21:01:15 | INFO     | watchfiles.main | 1 change detected
2026-05-29 21:01:15 | INFO     | watchfiles.main | 1 change detected
2026-05-29 21:01:15 | INFO     | watchfiles.main | 1 change detected
2026-05-29 21:01:16 | INFO     | watchfiles.main | 1 change detected
2026-05-29 21:01:16 | INFO     | watchfiles.main | 1 change detected
2026-05-29 21:01:17 | INFO     | watchfiles.main | 1 change detected
2026-05-29 21:01:17 | INFO     | watchfiles.main | 1 change detected
2026-05-29 21:01:17 | INFO     | watchfiles.main | 1 change detected
2026-05-29 21:01:18 | INFO     | watchfiles.main | 1 change detected
2026-05-29 21:01:18 | INFO     | watchfiles.main | 1 change detected
2026-05-29 21:01:18 | INFO     | watchfiles.main | 1 change detected
2026-05-29 21:01:19 | INFO     | watchfiles.main | 1 change detected
2026-05-29 21:01:19 | INFO     | watchfiles.main | 1 change detected
2026-05-29 21:01:19 | INFO     | watchfiles.main | 1 change detected
2026-05-29 21:01:20 | INFO     | watchfiles.main | 1 change detected
2026-05-29 21:01:20 | INFO     | watchfiles.main | 1 change detected
2026-05-29 21:01:20 | INFO     | watchfiles.main | 1 change detected
2026-05-29 21:01:21 | INFO     | watchfiles.main | 1 change detected
2026-05-29 21:01:21 | INFO     | watchfiles.main | 1 change detected
2026-05-29 21:01:22 | INFO     | watchfiles.main | 1 change detected
2026-05-29 21:01:22 | INFO     | watchfiles.main | 1 change detected
2026-05-29 21:01:22 | INFO     | watchfiles.main | 1 change detected
2026-05-29 21:01:23 | INFO     | watchfiles.main | 1 change detected
2026-05-29 21:01:23 | INFO     | watchfiles.main | 1 change detected
2026-05-29 21:01:23 | INFO     | watchfiles.main | 1 change detected
2026-05-29 21:01:24 | INFO     | watchfiles.main | 1 change detected
2026-05-29 21:01:24 | INFO     | watchfiles.main | 1 change detected
2026-05-29 21:01:24 | INFO     | watchfiles.main | 1 change detected
2026-05-29 21:01:25 | INFO     | watchfiles.main | 1 change detected
2026-05-29 21:01:25 | INFO     | watchfiles.main | 1 change detected
2026-05-29 21:01:26 | INFO     | watchfiles.main | 1 change detected
2026-05-29 21:01:26 | INFO     | watchfiles.main | 1 change detected
2026-05-29 21:01:26 | INFO     | watchfiles.main | 1 change detected
2026-05-29 21:01:27 | INFO     | watchfiles.main | 1 change detected
2026-05-29 21:01:27 | INFO     | watchfiles.main | 1 change detected
2026-05-29 21:01:27 | INFO     | watchfiles.main | 1 change detected
2026-05-29 21:01:28 | INFO     | watchfiles.main | 1 change detected
2026-05-29 21:01:28 | INFO     | watchfiles.main | 1 change detected
2026-05-29 21:01:28 | INFO     | watchfiles.main | 1 change detected
2026-05-29 21:01:29 | INFO     | watchfiles.main | 1 change detected
2026-05-29 21:01:29 | INFO     | watchfiles.main | 1 change detected
2026-05-29 21:01:29 | INFO     | watchfiles.main | 1 change detected
2026-05-29 21:01:30 | INFO     | watchfiles.main | 1 change detected
2026-05-29 21:01:30 | INFO     | watchfiles.main | 1 change detected
2026-05-29 21:01:31 | INFO     | watchfiles.main | 1 change detected
2026-05-29 21:01:31 | INFO     | watchfiles.main | 1 change detected
2026-05-29 21:01:31 | INFO     | watchfiles.main | 1 change detected
2026-05-29 21:01:32 | INFO     | watchfiles.main | 1 change detected
2026-05-29 21:01:32 | INFO     | watchfiles.main | 1 change detected
2026-05-29 21:01:32 | INFO     | watchfiles.main | 1 change detected
2026-05-29 21:01:33 | INFO     | watchfiles.main | 1 change detected
2026-05-29 21:01:33 | INFO     | watchfiles.main | 1 change detected
2026-05-29 21:01:33 | INFO     | watchfiles.main | 1 change detected
2026-05-29 21:01:34 | INFO     | watchfiles.main | 1 change detected
2026-05-29 21:01:34 | INFO     | watchfiles.main | 1 change detected
2026-05-29 21:01:34 | INFO     | watchfiles.main | 1 change detected
2026-05-29 21:01:35 | INFO     | watchfiles.main | 1 change detected
2026-05-29 21:01:35 | INFO     | watchfiles.main | 1 change detected
2026-05-29 21:01:36 | INFO     | watchfiles.main | 1 change detected
2026-05-29 21:01:36 | INFO     | watchfiles.main | 1 change detected
2026-05-29 21:01:36 | INFO     | watchfiles.main | 1 change detected
2026-05-29 21:01:37 | INFO     | watchfiles.main | 1 change detected
2026-05-29 21:01:37 | INFO     | watchfiles.main | 1 change detected
2026-05-29 21:01:37 | INFO     | watchfiles.main | 1 change detected
2026-05-29 21:01:38 | INFO     | watchfiles.main | 1 change detected
2026-05-29 21:01:38 | INFO     | watchfiles.main | 1 change detected
2026-05-29 21:01:38 | INFO     | watchfiles.main | 1 change detected
2026-05-29 21:01:39 | INFO     | watchfiles.main | 1 change detected
2026-05-29 21:01:39 | INFO     | watchfiles.main | 1 change detected
2026-05-29 21:01:40 | INFO     | watchfiles.main | 1 change detected
2026-05-29 21:01:40 | INFO     | watchfiles.main | 1 change detected
2026-05-29 21:01:40 | INFO     | watchfiles.main | 1 change detected
2026-05-29 21:01:41 | INFO     | watchfiles.main | 1 change detected
2026-05-29 21:01:41 | INFO     | watchfiles.main | 1 change detected
2026-05-29 21:01:41 | INFO     | watchfiles.main | 1 change detected
2026-05-29 21:01:42 | INFO     | watchfiles.main | 1 change detected
2026-05-29 21:01:42 | INFO     | watchfiles.main | 1 change detected
2026-05-29 21:01:42 | INFO     | watchfiles.main | 1 change detected
2026-05-29 21:01:43 | INFO     | watchfiles.main | 1 change detected
2026-05-29 21:01:43 | INFO     | watchfiles.main | 1 change detected
2026-05-29 21:01:44 | INFO     | watchfiles.main | 1 change detected
2026-05-29 21:01:44 | INFO     | watchfiles.main | 1 change detected
2026-05-29 21:01:44 | INFO     | watchfiles.main | 1 change detected
2026-05-29 21:01:45 | INFO     | watchfiles.main | 1 change detected
2026-05-29 21:01:45 | INFO     | watchfiles.main | 1 change detected
2026-05-29 21:01:45 | INFO     | watchfiles.main | 1 change detected
2026-05-29 21:01:46 | INFO     | watchfiles.main | 1 change detected
2026-05-29 21:01:46 | INFO     | watchfiles.main | 1 change detected
2026-05-29 21:01:46 | INFO     | watchfiles.main | 1 change detected
2026-05-29 21:01:47 | INFO     | watchfiles.main | 1 change detected
2026-05-29 21:01:47 | INFO     | watchfiles.main | 1 change detected
2026-05-29 21:01:47 | INFO     | watchfiles.main | 1 change detected
2026-05-29 21:01:48 | INFO     | watchfiles.main | 1 change detected
2026-05-29 21:01:48 | INFO     | watchfiles.main | 1 change detected
2026-05-29 21:01:49 | INFO     | watchfiles.main | 1 change detected
2026-05-29 21:01:49 | INFO     | watchfiles.main | 1 change detected
2026-05-29 21:01:49 | INFO     | watchfiles.main | 1 change detected
2026-05-29 21:01:50 | INFO     | watchfiles.main | 1 change detected
2026-05-29 21:01:50 | INFO     | watchfiles.main | 1 change detected
2026-05-29 21:01:50 | INFO     | watchfiles.main | 1 change detected
2026-05-29 21:01:51 | INFO     | watchfiles.main | 1 change detected
2026-05-29 21:01:51 | INFO     | watchfiles.main | 1 change detected
2026-05-29 21:01:51 | INFO     | watchfiles.main | 1 change detected
2026-05-29 21:01:52 | INFO     | watchfiles.main | 1 change detected
2026-05-29 21:01:52 | INFO     | watchfiles.main | 1 change detected
2026-05-29 21:01:53 | INFO     | watchfiles.main | 1 change detected
2026-05-29 21:01:53 | INFO     | watchfiles.main | 1 change detected
2026-05-29 21:01:53 | INFO     | watchfiles.main | 1 change detected
2026-05-29 21:01:54 | INFO     | watchfiles.main | 1 change detected
2026-05-29 21:01:54 | INFO     | watchfiles.main | 1 change detected
2026-05-29 21:01:54 | INFO     | watchfiles.main | 1 change detected
2026-05-29 21:01:55 | INFO     | watchfiles.main | 1 change detected
2026-05-29 21:01:55 | INFO     | watchfiles.main | 1 change detected
2026-05-29 21:01:55 | INFO     | watchfiles.main | 1 change detected
2026-05-29 21:01:56 | INFO     | watchfiles.main | 1 change detected
2026-05-29 21:01:56 | INFO     | watchfiles.main | 1 change detected
2026-05-29 21:01:56 | INFO     | watchfiles.main | 1 change detected
2026-05-29 21:01:57 | INFO     | watchfiles.main | 1 change detected
2026-05-29 21:01:57 | INFO     | watchfiles.main | 1 change detected
2026-05-29 21:01:58 | INFO     | watchfiles.main | 1 change detected
2026-05-29 21:01:58 | INFO     | watchfiles.main | 1 change detected
2026-05-29 21:01:58 | INFO     | watchfiles.main | 1 change detected
2026-05-29 21:01:59 | INFO     | watchfiles.main | 1 change detected
2026-05-29 21:01:59 | INFO     | watchfiles.main | 1 change detected
2026-05-29 21:01:59 | INFO     | watchfiles.main | 1 change detected
2026-05-29 21:02:00 | INFO     | watchfiles.main | 1 change detected
2026-05-29 21:02:00 | INFO     | watchfiles.main | 1 change detected
2026-05-29 21:02:00 | INFO     | watchfiles.main | 1 change detected
2026-05-29 21:02:01 | INFO     | watchfiles.main | 1 change detected
2026-05-29 21:02:01 | INFO     | watchfiles.main | 1 change detected
2026-05-29 21:02:01 | INFO     | watchfiles.main | 1 change detected
2026-05-29 21:02:02 | INFO     | watchfiles.main | 1 change detected
2026-05-29 21:02:02 | INFO     | watchfiles.main | 1 change detected
2026-05-29 21:02:03 | INFO     | watchfiles.main | 1 change detected
2026-05-29 21:02:03 | INFO     | watchfiles.main | 1 change detected
2026-05-29 21:02:03 | INFO     | watchfiles.main | 1 change detected
2026-05-29 21:02:04 | INFO     | watchfiles.main | 1 change detected
2026-05-29 21:02:04 | INFO     | watchfiles.main | 1 change detected
2026-05-29 21:02:04 | INFO     | watchfiles.main | 1 change detected
2026-05-29 21:02:05 | INFO     | watchfiles.main | 1 change detected
2026-05-29 21:02:05 | INFO     | watchfiles.main | 1 change detected
2026-05-29 21:02:05 | INFO     | watchfiles.main | 1 change detected
2026-05-29 21:02:06 | INFO     | watchfiles.main | 1 change detected
2026-05-29 21:02:06 | INFO     | watchfiles.main | 1 change detected
2026-05-29 21:02:07 | INFO     | watchfiles.main | 1 change detected
2026-05-29 21:02:07 | INFO     | watchfiles.main | 1 change detected
2026-05-29 21:02:07 | INFO     | watchfiles.main | 1 change detected
2026-05-29 21:02:08 | INFO     | watchfiles.main | 1 change detected
2026-05-29 21:02:08 | INFO     | watchfiles.main | 1 change detected
2026-05-29 21:02:08 | INFO     | watchfiles.main | 1 change detected
2026-05-29 21:02:09 | INFO     | watchfiles.main | 1 change detected
2026-05-29 21:02:09 | INFO     | watchfiles.main | 1 change detected
2026-05-29 21:02:09 | INFO     | watchfiles.main | 1 change detected
2026-05-29 21:02:10 | INFO     | watchfiles.main | 1 change detected
2026-05-29 21:02:10 | INFO     | watchfiles.main | 1 change detected
2026-05-29 21:02:10 | INFO     | watchfiles.main | 1 change detected
2026-05-29 21:02:11 | INFO     | watchfiles.main | 1 change detected
2026-05-29 21:02:11 | INFO     | watchfiles.main | 1 change detected
2026-05-29 21:02:12 | INFO     | watchfiles.main | 1 change detected
2026-05-29 21:02:12 | INFO     | watchfiles.main | 1 change detected
2026-05-29 21:02:12 | INFO     | watchfiles.main | 1 change detected
2026-05-29 21:02:13 | INFO     | watchfiles.main | 1 change detected
2026-05-29 21:02:13 | INFO     | watchfiles.main | 1 change detected
2026-05-29 21:02:13 | INFO     | watchfiles.main | 1 change detected
2026-05-29 21:02:14 | INFO     | watchfiles.main | 1 change detected
2026-05-29 21:02:14 | INFO     | watchfiles.main | 1 change detected
2026-05-29 21:02:14 | INFO     | watchfiles.main | 1 change detected
2026-05-29 21:02:15 | INFO     | watchfiles.main | 1 change detected
2026-05-29 21:02:15 | INFO     | watchfiles.main | 1 change detected
2026-05-29 21:02:15 | INFO     | watchfiles.main | 1 change detected
2026-05-29 21:02:16 | INFO     | watchfiles.main | 1 change detected
2026-05-29 21:02:16 | INFO     | watchfiles.main | 1 change detected
2026-05-29 21:02:17 | INFO     | watchfiles.main | 1 change detected
2026-05-29 21:02:17 | INFO     | watchfiles.main | 1 change detected
2026-05-29 21:02:18 | INFO     | watchfiles.main | 1 change detected
2026-05-29 21:02:18 | INFO     | watchfiles.main | 1 change detected
2026-05-29 21:02:18 | INFO     | watchfiles.main | 1 change detected
2026-05-29 21:02:19 | INFO     | watchfiles.main | 1 change detected
2026-05-29 21:02:19 | INFO     | watchfiles.main | 1 change detected
2026-05-29 21:02:19 | INFO     | watchfiles.main | 1 change detected
2026-05-29 21:02:20 | INFO     | watchfiles.main | 1 change detected
2026-05-29 21:02:20 | INFO     | watchfiles.main | 1 change detected
2026-05-29 21:02:20 | INFO     | watchfiles.main | 1 change detected
2026-05-29 21:02:21 | INFO     | watchfiles.main | 1 change detected
2026-05-29 21:02:21 | INFO     | watchfiles.main | 1 change detected
2026-05-29 21:02:22 | INFO     | watchfiles.main | 1 change detected
2026-05-29 21:02:22 | INFO     | watchfiles.main | 1 change detected
2026-05-29 21:02:22 | INFO     | watchfiles.main | 1 change detected
2026-05-29 21:02:23 | INFO     | watchfiles.main | 1 change detected
2026-05-29 21:02:23 | INFO     | watchfiles.main | 1 change detected
2026-05-29 21:02:23 | INFO     | watchfiles.main | 1 change detected
2026-05-29 21:02:24 | INFO     | watchfiles.main | 1 change detected
2026-05-29 21:02:24 | INFO     | watchfiles.main | 1 change detected
2026-05-29 21:02:24 | INFO     | watchfiles.main | 1 change detected
2026-05-29 21:02:25 | INFO     | watchfiles.main | 1 change detected
2026-05-29 21:02:25 | INFO     | watchfiles.main | 1 change detected
2026-05-29 21:02:25 | INFO     | watchfiles.main | 1 change detected
2026-05-29 21:02:26 | INFO     | watchfiles.main | 1 change detected
2026-05-29 21:02:26 | INFO     | watchfiles.main | 1 change detected
2026-05-29 21:02:27 | INFO     | watchfiles.main | 1 change detected
2026-05-29 21:02:27 | INFO     | watchfiles.main | 1 change detected
2026-05-29 21:02:27 | INFO     | watchfiles.main | 1 change detected
2026-05-29 21:02:28 | INFO     | watchfiles.main | 1 change detected
2026-05-29 21:02:28 | INFO     | watchfiles.main | 1 change detected
2026-05-29 21:02:29 | INFO     | watchfiles.main | 1 change detected
2026-05-29 21:02:29 | INFO     | watchfiles.main | 1 change detected
2026-05-29 21:02:29 | INFO     | watchfiles.main | 1 change detected
2026-05-29 21:02:30 | INFO     | watchfiles.main | 1 change detected
2026-05-29 21:02:30 | INFO     | watchfiles.main | 1 change detected
2026-05-29 21:02:30 | INFO     | watchfiles.main | 1 change detected
2026-05-29 21:02:31 | INFO     | watchfiles.main | 1 change detected
2026-05-29 21:02:31 | INFO     | watchfiles.main | 1 change detected
2026-05-29 21:02:32 | INFO     | watchfiles.main | 1 change detected
2026-05-29 21:02:32 | INFO     | watchfiles.main | 1 change detected
2026-05-29 21:02:32 | INFO     | watchfiles.main | 1 change detected
2026-05-29 21:02:33 | INFO     | watchfiles.main | 1 change detected
2026-05-29 21:02:33 | INFO     | watchfiles.main | 1 change detected
2026-05-29 21:02:33 | INFO     | watchfiles.main | 1 change detected
2026-05-29 21:02:34 | INFO     | watchfiles.main | 1 change detected
2026-05-29 21:02:34 | INFO     | watchfiles.main | 1 change detected
2026-05-29 21:02:34 | INFO     | watchfiles.main | 1 change detected
2026-05-29 21:02:35 | INFO     | watchfiles.main | 1 change detected
2026-05-29 21:02:35 | INFO     | watchfiles.main | 1 change detected
2026-05-29 21:02:35 | INFO     | watchfiles.main | 1 change detected
2026-05-29 21:02:36 | INFO     | watchfiles.main | 1 change detected
2026-05-29 21:02:36 | INFO     | watchfiles.main | 1 change detected
2026-05-29 21:02:37 | INFO     | watchfiles.main | 1 change detected
2026-05-29 21:02:37 | INFO     | watchfiles.main | 1 change detected
2026-05-29 21:02:37 | INFO     | watchfiles.main | 1 change detected
2026-05-29 21:02:38 | INFO     | watchfiles.main | 1 change detected
2026-05-29 21:02:38 | INFO     | watchfiles.main | 1 change detected
2026-05-29 21:02:38 | INFO     | watchfiles.main | 1 change detected
2026-05-29 21:02:39 | INFO     | watchfiles.main | 1 change detected
2026-05-29 21:02:39 | INFO     | watchfiles.main | 1 change detected
2026-05-29 21:02:39 | INFO     | watchfiles.main | 1 change detected
2026-05-29 21:02:40 | INFO     | watchfiles.main | 1 change detected
2026-05-29 21:02:40 | INFO     | watchfiles.main | 1 change detected
2026-05-29 21:02:41 | INFO     | watchfiles.main | 1 change detected
2026-05-29 21:02:41 | INFO     | watchfiles.main | 1 change detected
2026-05-29 21:02:41 | INFO     | watchfiles.main | 1 change detected
2026-05-29 21:02:42 | INFO     | watchfiles.main | 1 change detected
2026-05-29 21:02:42 | INFO     | watchfiles.main | 1 change detected
2026-05-29 21:02:42 | INFO     | watchfiles.main | 1 change detected
2026-05-29 21:02:43 | INFO     | watchfiles.main | 1 change detected
2026-05-29 21:02:43 | INFO     | watchfiles.main | 1 change detected
2026-05-29 21:02:44 | INFO     | watchfiles.main | 1 change detected
2026-05-29 21:02:44 | INFO     | watchfiles.main | 1 change detected
2026-05-29 21:02:44 | INFO     | watchfiles.main | 1 change detected
2026-05-29 21:02:45 | INFO     | watchfiles.main | 1 change detected
2026-05-29 21:02:45 | INFO     | watchfiles.main | 1 change detected
2026-05-29 21:02:45 | INFO     | watchfiles.main | 1 change detected
2026-05-29 21:02:46 | INFO     | watchfiles.main | 1 change detected
2026-05-29 21:02:46 | INFO     | watchfiles.main | 1 change detected
2026-05-29 21:02:46 | INFO     | watchfiles.main | 1 change detected
2026-05-29 21:02:47 | INFO     | watchfiles.main | 1 change detected
2026-05-29 21:02:47 | INFO     | watchfiles.main | 1 change detected
2026-05-29 21:02:47 | INFO     | watchfiles.main | 1 change detected
2026-05-29 21:02:48 | INFO     | watchfiles.main | 1 change detected
2026-05-29 21:02:48 | INFO     | watchfiles.main | 1 change detected
2026-05-29 21:02:49 | INFO     | watchfiles.main | 1 change detected
2026-05-29 21:02:49 | INFO     | watchfiles.main | 1 change detected
2026-05-29 21:02:50 | INFO     | watchfiles.main | 1 change detected
2026-05-29 21:02:50 | INFO     | watchfiles.main | 1 change detected
2026-05-29 21:02:50 | INFO     | watchfiles.main | 1 change detected
2026-05-29 21:02:51 | INFO     | watchfiles.main | 1 change detected
2026-05-29 21:02:51 | INFO     | watchfiles.main | 1 change detected
2026-05-29 21:02:51 | INFO     | watchfiles.main | 1 change detected
2026-05-29 21:02:52 | INFO     | watchfiles.main | 1 change detected
2026-05-29 21:02:52 | INFO     | watchfiles.main | 1 change detected
2026-05-29 21:02:52 | INFO     | watchfiles.main | 1 change detected
2026-05-29 21:02:53 | INFO     | watchfiles.main | 1 change detected
2026-05-29 21:02:53 | INFO     | watchfiles.main | 1 change detected
2026-05-29 21:02:53 | INFO     | watchfiles.main | 1 change detected
2026-05-29 21:02:54 | INFO     | watchfiles.main | 1 change detected
2026-05-29 21:02:54 | INFO     | watchfiles.main | 1 change detected
2026-05-29 21:02:55 | INFO     | watchfiles.main | 1 change detected
2026-05-29 21:02:55 | INFO     | watchfiles.main | 1 change detected
2026-05-29 21:02:55 | INFO     | watchfiles.main | 1 change detected
2026-05-29 21:02:56 | INFO     | watchfiles.main | 1 change detected
2026-05-29 21:02:56 | INFO     | watchfiles.main | 1 change detected
2026-05-29 21:02:56 | INFO     | watchfiles.main | 1 change detected
2026-05-29 21:02:57 | INFO     | watchfiles.main | 1 change detected
2026-05-29 21:02:57 | INFO     | watchfiles.main | 1 change detected
2026-05-29 21:02:57 | INFO     | watchfiles.main | 1 change detected
2026-05-29 21:02:58 | INFO     | watchfiles.main | 1 change detected
2026-05-29 21:02:58 | INFO     | watchfiles.main | 1 change detected
2026-05-29 21:02:59 | INFO     | watchfiles.main | 1 change detected
2026-05-29 21:02:59 | INFO     | watchfiles.main | 1 change detected
2026-05-29 21:02:59 | INFO     | watchfiles.main | 1 change detected
2026-05-29 21:03:00 | INFO     | watchfiles.main | 1 change detected
2026-05-29 21:03:00 | INFO     | watchfiles.main | 1 change detected
2026-05-29 21:03:00 | INFO     | watchfiles.main | 1 change detected
2026-05-29 21:03:01 | INFO     | watchfiles.main | 1 change detected
2026-05-29 21:03:01 | INFO     | watchfiles.main | 1 change detected
2026-05-29 21:03:01 | INFO     | watchfiles.main | 1 change detected
2026-05-29 21:03:02 | INFO     | watchfiles.main | 1 change detected
2026-05-29 21:03:02 | INFO     | watchfiles.main | 1 change detected
2026-05-29 21:03:03 | INFO     | watchfiles.main | 1 change detected
2026-05-29 21:03:03 | INFO     | watchfiles.main | 1 change detected
2026-05-29 21:03:03 | INFO     | watchfiles.main | 1 change detected
2026-05-29 21:03:04 | INFO     | watchfiles.main | 1 change detected
2026-05-29 21:03:04 | INFO     | watchfiles.main | 1 change detected
2026-05-29 21:03:04 | INFO     | watchfiles.main | 1 change detected
2026-05-29 21:03:05 | INFO     | watchfiles.main | 1 change detected
2026-05-29 21:03:05 | INFO     | watchfiles.main | 1 change detected
2026-05-29 21:03:05 | INFO     | watchfiles.main | 1 change detected
2026-05-29 21:03:06 | INFO     | watchfiles.main | 1 change detected
2026-05-29 21:03:06 | INFO     | watchfiles.main | 1 change detected
2026-05-29 21:03:07 | INFO     | watchfiles.main | 1 change detected
2026-05-29 21:03:07 | INFO     | watchfiles.main | 1 change detected
2026-05-29 21:03:07 | INFO     | watchfiles.main | 1 change detected
2026-05-29 21:03:08 | INFO     | watchfiles.main | 1 change detected
2026-05-29 21:03:08 | INFO     | watchfiles.main | 1 change detected
2026-05-29 21:03:08 | INFO     | watchfiles.main | 1 change detected
2026-05-29 21:03:09 | INFO     | watchfiles.main | 1 change detected
2026-05-29 21:03:09 | INFO     | watchfiles.main | 1 change detected
2026-05-29 21:03:09 | INFO     | watchfiles.main | 1 change detected
2026-05-29 21:03:10 | INFO     | watchfiles.main | 1 change detected
2026-05-29 21:03:10 | INFO     | watchfiles.main | 1 change detected
2026-05-29 21:03:10 | INFO     | watchfiles.main | 1 change detected
2026-05-29 21:03:11 | INFO     | watchfiles.main | 1 change detected
2026-05-29 21:03:11 | INFO     | watchfiles.main | 1 change detected
2026-05-29 21:03:12 | INFO     | watchfiles.main | 1 change detected
2026-05-29 21:03:12 | INFO     | watchfiles.main | 1 change detected
2026-05-29 21:03:12 | INFO     | watchfiles.main | 1 change detected
2026-05-29 21:03:13 | INFO     | watchfiles.main | 1 change detected
2026-05-29 21:03:13 | INFO     | watchfiles.main | 1 change detected
2026-05-29 21:03:13 | INFO     | watchfiles.main | 1 change detected
2026-05-29 21:03:14 | INFO     | watchfiles.main | 1 change detected
2026-05-29 21:03:14 | INFO     | watchfiles.main | 1 change detected
2026-05-29 21:03:14 | INFO     | watchfiles.main | 1 change detected
2026-05-29 21:03:15 | INFO     | watchfiles.main | 1 change detected
2026-05-29 21:03:15 | INFO     | watchfiles.main | 1 change detected
2026-05-29 21:03:16 | INFO     | watchfiles.main | 1 change detected
2026-05-29 21:03:16 | INFO     | watchfiles.main | 1 change detected
2026-05-29 21:03:16 | INFO     | watchfiles.main | 1 change detected
2026-05-29 21:03:17 | INFO     | watchfiles.main | 1 change detected
2026-05-29 21:03:17 | INFO     | watchfiles.main | 1 change detected
2026-05-29 21:03:17 | INFO     | watchfiles.main | 1 change detected
2026-05-29 21:03:18 | INFO     | watchfiles.main | 1 change detected
2026-05-29 21:03:18 | INFO     | watchfiles.main | 1 change detected
2026-05-29 21:03:18 | INFO     | watchfiles.main | 1 change detected
2026-05-29 21:03:19 | INFO     | watchfiles.main | 1 change detected
2026-05-29 21:03:19 | INFO     | watchfiles.main | 1 change detected
2026-05-29 21:03:19 | INFO     | watchfiles.main | 1 change detected
2026-05-29 21:03:20 | INFO     | watchfiles.main | 1 change detected
2026-05-29 21:03:20 | INFO     | watchfiles.main | 1 change detected
2026-05-29 21:03:21 | INFO     | watchfiles.main | 1 change detected
2026-05-29 21:03:21 | INFO     | watchfiles.main | 1 change detected
2026-05-29 21:03:21 | INFO     | watchfiles.main | 1 change detected
2026-05-29 21:03:22 | INFO     | watchfiles.main | 1 change detected
2026-05-29 21:03:22 | INFO     | watchfiles.main | 1 change detected
2026-05-29 21:03:22 | INFO     | watchfiles.main | 1 change detected
2026-05-29 21:03:23 | INFO     | watchfiles.main | 1 change detected
2026-05-29 21:03:23 | INFO     | watchfiles.main | 1 change detected
2026-05-29 21:03:23 | INFO     | watchfiles.main | 1 change detected
2026-05-29 21:03:24 | INFO     | watchfiles.main | 1 change detected
2026-05-29 21:03:24 | INFO     | watchfiles.main | 1 change detected
2026-05-29 21:03:25 | INFO     | watchfiles.main | 1 change detected
2026-05-29 21:03:25 | INFO     | watchfiles.main | 1 change detected
2026-05-29 21:03:25 | INFO     | watchfiles.main | 1 change detected
2026-05-29 21:03:26 | INFO     | watchfiles.main | 1 change detected
2026-05-29 21:03:26 | INFO     | watchfiles.main | 1 change detected
2026-05-29 21:03:26 | INFO     | watchfiles.main | 1 change detected
2026-05-29 21:03:27 | INFO     | watchfiles.main | 1 change detected
2026-05-29 21:03:27 | INFO     | watchfiles.main | 1 change detected
2026-05-29 21:03:27 | INFO     | watchfiles.main | 1 change detected
2026-05-29 21:03:28 | INFO     | watchfiles.main | 1 change detected
2026-05-29 21:03:28 | INFO     | watchfiles.main | 1 change detected
2026-05-29 21:03:28 | INFO     | watchfiles.main | 1 change detected
2026-05-29 21:03:29 | INFO     | watchfiles.main | 1 change detected
2026-05-29 21:03:29 | INFO     | watchfiles.main | 1 change detected
2026-05-29 21:03:30 | INFO     | watchfiles.main | 1 change detected
2026-05-29 21:03:30 | INFO     | watchfiles.main | 1 change detected
2026-05-29 21:03:30 | INFO     | watchfiles.main | 1 change detected
2026-05-29 21:03:31 | INFO     | watchfiles.main | 1 change detected
2026-05-29 21:03:31 | INFO     | watchfiles.main | 1 change detected
2026-05-29 21:03:31 | INFO     | watchfiles.main | 1 change detected
2026-05-29 21:03:32 | INFO     | watchfiles.main | 1 change detected
2026-05-29 21:03:32 | INFO     | watchfiles.main | 1 change detected
2026-05-29 21:03:32 | INFO     | watchfiles.main | 1 change detected
2026-05-29 21:03:33 | INFO     | watchfiles.main | 1 change detected
2026-05-29 21:03:33 | INFO     | watchfiles.main | 1 change detected
2026-05-29 21:03:33 | INFO     | watchfiles.main | 1 change detected
2026-05-29 21:03:34 | INFO     | watchfiles.main | 1 change detected
2026-05-29 21:03:34 | INFO     | watchfiles.main | 1 change detected
2026-05-29 21:03:35 | INFO     | watchfiles.main | 1 change detected
2026-05-29 21:03:35 | INFO     | watchfiles.main | 1 change detected
2026-05-29 21:03:35 | INFO     | watchfiles.main | 1 change detected
2026-05-29 21:03:36 | INFO     | watchfiles.main | 1 change detected
2026-05-29 21:03:36 | INFO     | watchfiles.main | 1 change detected
2026-05-29 21:03:36 | INFO     | watchfiles.main | 1 change detected
2026-05-29 21:03:37 | INFO     | watchfiles.main | 1 change detected
2026-05-29 21:03:37 | INFO     | watchfiles.main | 1 change detected
2026-05-29 21:03:37 | INFO     | watchfiles.main | 1 change detected
2026-05-29 21:03:38 | INFO     | watchfiles.main | 1 change detected
2026-05-29 21:03:38 | INFO     | watchfiles.main | 1 change detected
2026-05-29 21:03:38 | INFO     | watchfiles.main | 1 change detected
2026-05-29 21:03:39 | INFO     | watchfiles.main | 1 change detected
2026-05-29 21:03:39 | INFO     | watchfiles.main | 1 change detected
2026-05-29 21:03:40 | INFO     | watchfiles.main | 1 change detected
2026-05-29 21:03:40 | INFO     | watchfiles.main | 1 change detected
2026-05-29 21:03:40 | INFO     | watchfiles.main | 1 change detected
2026-05-29 21:03:41 | INFO     | watchfiles.main | 1 change detected
2026-05-29 21:03:41 | INFO     | watchfiles.main | 1 change detected
2026-05-29 21:03:41 | INFO     | watchfiles.main | 1 change detected
2026-05-29 21:03:42 | INFO     | watchfiles.main | 1 change detected
2026-05-29 21:03:42 | INFO     | watchfiles.main | 1 change detected
2026-05-29 21:03:42 | INFO     | watchfiles.main | 1 change detected
2026-05-29 21:03:43 | INFO     | watchfiles.main | 1 change detected
2026-05-29 21:03:43 | INFO     | watchfiles.main | 1 change detected
2026-05-29 21:03:43 | INFO     | watchfiles.main | 1 change detected
2026-05-29 21:03:44 | INFO     | watchfiles.main | 1 change detected
2026-05-29 21:03:44 | INFO     | watchfiles.main | 1 change detected
2026-05-29 21:03:45 | INFO     | watchfiles.main | 1 change detected
2026-05-29 21:03:45 | INFO     | watchfiles.main | 1 change detected
2026-05-29 21:03:45 | INFO     | watchfiles.main | 1 change detected
2026-05-29 21:03:46 | INFO     | watchfiles.main | 1 change detected
2026-05-29 21:03:46 | INFO     | watchfiles.main | 1 change detected
2026-05-29 21:03:46 | INFO     | watchfiles.main | 1 change detected
2026-05-29 21:03:47 | INFO     | watchfiles.main | 1 change detected
2026-05-29 21:03:47 | INFO     | watchfiles.main | 1 change detected
2026-05-29 21:03:47 | INFO     | watchfiles.main | 1 change detected
2026-05-29 21:03:48 | INFO     | watchfiles.main | 1 change detected
2026-05-29 21:03:48 | INFO     | watchfiles.main | 1 change detected
2026-05-29 21:03:49 | INFO     | watchfiles.main | 1 change detected
2026-05-29 21:03:49 | INFO     | watchfiles.main | 1 change detected
2026-05-29 21:03:49 | INFO     | watchfiles.main | 1 change detected
2026-05-29 21:03:50 | INFO     | watchfiles.main | 1 change detected
2026-05-29 21:03:50 | INFO     | watchfiles.main | 1 change detected
2026-05-29 21:03:50 | INFO     | watchfiles.main | 1 change detected
2026-05-29 21:03:51 | INFO     | watchfiles.main | 1 change detected
2026-05-29 21:03:51 | INFO     | watchfiles.main | 1 change detected
2026-05-29 21:03:51 | INFO     | watchfiles.main | 1 change detected
2026-05-29 21:03:52 | INFO     | watchfiles.main | 1 change detected
2026-05-29 21:03:52 | INFO     | watchfiles.main | 1 change detected
2026-05-29 21:03:53 | INFO     | watchfiles.main | 1 change detected
2026-05-29 21:03:53 | INFO     | watchfiles.main | 1 change detected
2026-05-29 21:03:53 | INFO     | watchfiles.main | 1 change detected
2026-05-29 21:03:54 | INFO     | watchfiles.main | 1 change detected
2026-05-29 21:03:54 | INFO     | watchfiles.main | 1 change detected
2026-05-29 21:03:54 | INFO     | watchfiles.main | 1 change detected
2026-05-29 21:03:55 | INFO     | watchfiles.main | 1 change detected
2026-05-29 21:03:55 | INFO     | watchfiles.main | 1 change detected
2026-05-29 21:03:55 | INFO     | watchfiles.main | 1 change detected
2026-05-29 21:03:56 | INFO     | watchfiles.main | 1 change detected
2026-05-29 21:03:56 | INFO     | watchfiles.main | 1 change detected
2026-05-29 21:03:57 | INFO     | watchfiles.main | 1 change detected
2026-05-29 21:03:57 | INFO     | watchfiles.main | 1 change detected
2026-05-29 21:03:57 | INFO     | watchfiles.main | 1 change detected
2026-05-29 21:03:58 | INFO     | watchfiles.main | 1 change detected
2026-05-29 21:03:58 | INFO     | watchfiles.main | 1 change detected
2026-05-29 21:03:58 | INFO     | watchfiles.main | 1 change detected
2026-05-29 21:03:59 | INFO     | watchfiles.main | 1 change detected
2026-05-29 21:03:59 | INFO     | watchfiles.main | 1 change detected
2026-05-29 21:03:59 | INFO     | watchfiles.main | 1 change detected
2026-05-29 21:04:00 | INFO     | watchfiles.main | 1 change detected
2026-05-29 21:04:00 | INFO     | watchfiles.main | 1 change detected
2026-05-29 21:04:00 | INFO     | watchfiles.main | 1 change detected
2026-05-29 21:04:01 | INFO     | watchfiles.main | 1 change detected
2026-05-29 21:04:01 | INFO     | watchfiles.main | 1 change detected
2026-05-29 21:04:02 | INFO     | watchfiles.main | 1 change detected
2026-05-29 21:04:02 | INFO     | watchfiles.main | 1 change detected
2026-05-29 21:04:02 | INFO     | watchfiles.main | 1 change detected
2026-05-29 21:04:03 | INFO     | watchfiles.main | 1 change detected
2026-05-29 21:04:03 | INFO     | watchfiles.main | 1 change detected
2026-05-29 21:04:03 | INFO     | watchfiles.main | 1 change detected
2026-05-29 21:04:04 | INFO     | watchfiles.main | 1 change detected
2026-05-29 21:04:04 | INFO     | watchfiles.main | 1 change detected
2026-05-29 21:04:04 | INFO     | watchfiles.main | 1 change detected
2026-05-29 21:04:05 | INFO     | watchfiles.main | 1 change detected
2026-05-29 21:04:05 | INFO     | watchfiles.main | 1 change detected
2026-05-29 21:04:06 | INFO     | watchfiles.main | 1 change detected
2026-05-29 21:04:06 | INFO     | watchfiles.main | 1 change detected
2026-05-29 21:04:06 | INFO     | watchfiles.main | 1 change detected
2026-05-29 21:04:07 | INFO     | watchfiles.main | 1 change detected
2026-05-29 21:04:07 | INFO     | watchfiles.main | 1 change detected
2026-05-29 21:04:07 | INFO     | watchfiles.main | 1 change detected
2026-05-29 21:04:08 | INFO     | watchfiles.main | 1 change detected
2026-05-29 21:04:08 | INFO     | watchfiles.main | 1 change detected
2026-05-29 21:04:08 | INFO     | watchfiles.main | 1 change detected
2026-05-29 21:04:09 | INFO     | watchfiles.main | 1 change detected
2026-05-29 21:04:09 | INFO     | watchfiles.main | 1 change detected
2026-05-29 21:04:09 | INFO     | watchfiles.main | 1 change detected
2026-05-29 21:04:10 | INFO     | watchfiles.main | 1 change detected
2026-05-29 21:04:10 | INFO     | watchfiles.main | 1 change detected
2026-05-29 21:04:11 | INFO     | watchfiles.main | 1 change detected
2026-05-29 21:04:11 | INFO     | watchfiles.main | 1 change detected
2026-05-29 21:04:11 | INFO     | watchfiles.main | 1 change detected
2026-05-29 21:04:12 | INFO     | watchfiles.main | 1 change detected
2026-05-29 21:04:12 | INFO     | watchfiles.main | 1 change detected
2026-05-29 21:04:12 | INFO     | watchfiles.main | 1 change detected
2026-05-29 21:04:13 | INFO     | watchfiles.main | 1 change detected
2026-05-29 21:04:13 | INFO     | watchfiles.main | 1 change detected
2026-05-29 21:04:13 | INFO     | watchfiles.main | 1 change detected
2026-05-29 21:04:14 | INFO     | watchfiles.main | 1 change detected
2026-05-29 21:04:14 | INFO     | watchfiles.main | 1 change detected
2026-05-29 21:04:15 | INFO     | watchfiles.main | 1 change detected
2026-05-29 21:04:15 | INFO     | watchfiles.main | 1 change detected
2026-05-29 21:04:15 | INFO     | watchfiles.main | 1 change detected
2026-05-29 21:04:16 | INFO     | watchfiles.main | 1 change detected
2026-05-29 21:04:16 | INFO     | watchfiles.main | 1 change detected
2026-05-29 21:04:16 | INFO     | watchfiles.main | 1 change detected
2026-05-29 21:04:17 | INFO     | watchfiles.main | 1 change detected
2026-05-29 21:04:17 | INFO     | watchfiles.main | 1 change detected
2026-05-29 21:04:17 | INFO     | watchfiles.main | 1 change detected
2026-05-29 21:04:18 | INFO     | watchfiles.main | 1 change detected
2026-05-29 21:04:18 | INFO     | watchfiles.main | 1 change detected
2026-05-29 21:04:18 | INFO     | watchfiles.main | 1 change detected
2026-05-29 21:04:19 | INFO     | watchfiles.main | 1 change detected
2026-05-29 21:04:19 | INFO     | watchfiles.main | 1 change detected
2026-05-29 21:04:20 | INFO     | watchfiles.main | 1 change detected
2026-05-29 21:04:20 | INFO     | watchfiles.main | 1 change detected
2026-05-29 21:04:20 | INFO     | watchfiles.main | 1 change detected
2026-05-29 21:04:21 | INFO     | watchfiles.main | 1 change detected
2026-05-29 21:04:21 | INFO     | watchfiles.main | 1 change detected
2026-05-29 21:04:21 | INFO     | watchfiles.main | 1 change detected
2026-05-29 21:04:22 | INFO     | watchfiles.main | 1 change detected
2026-05-29 21:04:22 | INFO     | watchfiles.main | 1 change detected
2026-05-29 21:04:22 | INFO     | watchfiles.main | 1 change detected
2026-05-29 21:04:23 | INFO     | watchfiles.main | 1 change detected
2026-05-29 21:04:23 | INFO     | watchfiles.main | 1 change detected
2026-05-29 21:04:23 | INFO     | watchfiles.main | 1 change detected
2026-05-29 21:04:24 | INFO     | watchfiles.main | 1 change detected
2026-05-29 21:04:24 | INFO     | watchfiles.main | 1 change detected
2026-05-29 21:04:25 | INFO     | watchfiles.main | 1 change detected
2026-05-29 21:04:25 | INFO     | watchfiles.main | 1 change detected
2026-05-29 21:04:25 | INFO     | watchfiles.main | 1 change detected
2026-05-29 21:04:26 | INFO     | watchfiles.main | 1 change detected
2026-05-29 21:04:26 | INFO     | watchfiles.main | 1 change detected
2026-05-29 21:04:26 | INFO     | watchfiles.main | 1 change detected
2026-05-29 21:04:27 | INFO     | watchfiles.main | 1 change detected
2026-05-29 21:04:27 | INFO     | watchfiles.main | 1 change detected
2026-05-29 21:04:27 | INFO     | watchfiles.main | 1 change detected
2026-05-29 21:04:28 | INFO     | watchfiles.main | 1 change detected
2026-05-29 21:04:28 | INFO     | watchfiles.main | 1 change detected
2026-05-29 21:04:29 | INFO     | watchfiles.main | 1 change detected
2026-05-29 21:04:29 | INFO     | watchfiles.main | 1 change detected
2026-05-29 21:04:29 | INFO     | watchfiles.main | 1 change detected
2026-05-29 21:04:30 | INFO     | watchfiles.main | 1 change detected
2026-05-29 21:04:30 | INFO     | watchfiles.main | 1 change detected
2026-05-29 21:04:30 | INFO     | watchfiles.main | 1 change detected
2026-05-29 21:04:31 | INFO     | watchfiles.main | 1 change detected
2026-05-29 21:04:31 | INFO     | watchfiles.main | 1 change detected
2026-05-29 21:04:31 | INFO     | watchfiles.main | 1 change detected
2026-05-29 21:04:32 | INFO     | watchfiles.main | 1 change detected
2026-05-29 21:04:32 | INFO     | watchfiles.main | 1 change detected
2026-05-29 21:04:32 | INFO     | watchfiles.main | 1 change detected
2026-05-29 21:04:33 | INFO     | watchfiles.main | 1 change detected
2026-05-29 21:04:33 | INFO     | watchfiles.main | 1 change detected
2026-05-29 21:04:34 | INFO     | watchfiles.main | 1 change detected
2026-05-29 21:04:34 | INFO     | watchfiles.main | 1 change detected
2026-05-29 21:04:34 | INFO     | watchfiles.main | 1 change detected
2026-05-29 21:04:35 | INFO     | watchfiles.main | 1 change detected
2026-05-29 21:04:35 | INFO     | watchfiles.main | 1 change detected
2026-05-29 21:04:35 | INFO     | watchfiles.main | 1 change detected
2026-05-29 21:04:36 | INFO     | watchfiles.main | 1 change detected
2026-05-29 21:04:36 | INFO     | watchfiles.main | 1 change detected
2026-05-29 21:04:36 | INFO     | watchfiles.main | 1 change detected
2026-05-29 21:04:37 | INFO     | watchfiles.main | 1 change detected
2026-05-29 21:04:37 | INFO     | watchfiles.main | 1 change detected
2026-05-29 21:04:38 | INFO     | watchfiles.main | 1 change detected
2026-05-29 21:04:38 | INFO     | watchfiles.main | 1 change detected
2026-05-29 21:04:38 | INFO     | watchfiles.main | 1 change detected
2026-05-29 21:04:39 | INFO     | watchfiles.main | 1 change detected
2026-05-29 21:04:39 | INFO     | watchfiles.main | 1 change detected
2026-05-29 21:04:39 | INFO     | watchfiles.main | 1 change detected
2026-05-29 21:04:40 | INFO     | watchfiles.main | 1 change detected
2026-05-29 21:04:40 | INFO     | watchfiles.main | 1 change detected
2026-05-29 21:04:40 | INFO     | watchfiles.main | 1 change detected
2026-05-29 21:04:41 | INFO     | watchfiles.main | 1 change detected
2026-05-29 21:04:41 | INFO     | watchfiles.main | 1 change detected
2026-05-29 21:04:42 | INFO     | watchfiles.main | 1 change detected
2026-05-29 21:04:42 | INFO     | watchfiles.main | 1 change detected
2026-05-29 21:04:42 | INFO     | watchfiles.main | 1 change detected
2026-05-29 21:04:43 | INFO     | watchfiles.main | 1 change detected
2026-05-29 21:04:43 | INFO     | watchfiles.main | 1 change detected
2026-05-29 21:04:43 | INFO     | watchfiles.main | 1 change detected
2026-05-29 21:04:44 | INFO     | watchfiles.main | 1 change detected
2026-05-29 21:04:44 | INFO     | watchfiles.main | 1 change detected
2026-05-29 21:04:44 | INFO     | watchfiles.main | 1 change detected
2026-05-29 21:04:45 | INFO     | watchfiles.main | 1 change detected
2026-05-29 21:04:45 | INFO     | watchfiles.main | 1 change detected
2026-05-29 21:04:45 | INFO     | watchfiles.main | 1 change detected
2026-05-29 21:04:46 | INFO     | watchfiles.main | 1 change detected
2026-05-29 21:04:46 | INFO     | watchfiles.main | 1 change detected
2026-05-29 21:04:47 | INFO     | watchfiles.main | 1 change detected
2026-05-29 21:04:47 | INFO     | watchfiles.main | 1 change detected
2026-05-29 21:04:47 | INFO     | watchfiles.main | 1 change detected
2026-05-29 21:04:48 | INFO     | watchfiles.main | 1 change detected
2026-05-29 21:04:48 | INFO     | watchfiles.main | 1 change detected
2026-05-29 21:04:48 | INFO     | watchfiles.main | 1 change detected
2026-05-29 21:04:49 | INFO     | watchfiles.main | 1 change detected
2026-05-29 21:04:49 | INFO     | watchfiles.main | 1 change detected
2026-05-29 21:04:49 | INFO     | watchfiles.main | 1 change detected
2026-05-29 21:04:50 | INFO     | watchfiles.main | 1 change detected
2026-05-29 21:04:50 | INFO     | watchfiles.main | 1 change detected
2026-05-29 21:04:51 | INFO     | watchfiles.main | 1 change detected
2026-05-29 21:04:51 | INFO     | watchfiles.main | 1 change detected
2026-05-29 21:04:51 | INFO     | watchfiles.main | 1 change detected
2026-05-29 21:04:52 | INFO     | watchfiles.main | 1 change detected
2026-05-29 21:04:52 | INFO     | watchfiles.main | 1 change detected
2026-05-29 21:04:52 | INFO     | watchfiles.main | 1 change detected
2026-05-29 21:04:53 | INFO     | watchfiles.main | 1 change detected
2026-05-29 21:04:53 | INFO     | watchfiles.main | 1 change detected
2026-05-29 21:04:53 | INFO     | watchfiles.main | 1 change detected
2026-05-29 21:04:54 | INFO     | watchfiles.main | 1 change detected
2026-05-29 21:04:54 | INFO     | watchfiles.main | 1 change detected
2026-05-29 21:04:55 | INFO     | watchfiles.main | 1 change detected
2026-05-29 21:04:55 | INFO     | watchfiles.main | 1 change detected
2026-05-29 21:04:55 | INFO     | watchfiles.main | 1 change detected
2026-05-29 21:04:56 | INFO     | watchfiles.main | 1 change detected
2026-05-29 21:04:56 | INFO     | watchfiles.main | 1 change detected
2026-05-29 21:04:56 | INFO     | watchfiles.main | 1 change detected
2026-05-29 21:04:57 | INFO     | watchfiles.main | 1 change detected
2026-05-29 21:04:57 | INFO     | watchfiles.main | 1 change detected
2026-05-29 21:04:57 | INFO     | watchfiles.main | 1 change detected
2026-05-29 21:04:58 | INFO     | watchfiles.main | 1 change detected
2026-05-29 21:04:58 | INFO     | watchfiles.main | 1 change detected
2026-05-29 21:04:59 | INFO     | watchfiles.main | 1 change detected
2026-05-29 21:04:59 | INFO     | watchfiles.main | 1 change detected
2026-05-29 21:04:59 | INFO     | watchfiles.main | 1 change detected
2026-05-29 21:05:00 | INFO     | watchfiles.main | 1 change detected
2026-05-29 21:05:00 | INFO     | watchfiles.main | 1 change detected
2026-05-29 21:05:00 | INFO     | watchfiles.main | 1 change detected
2026-05-29 21:05:01 | INFO     | watchfiles.main | 1 change detected
2026-05-29 21:05:01 | INFO     | watchfiles.main | 1 change detected
2026-05-29 21:05:01 | INFO     | watchfiles.main | 1 change detected
2026-05-29 21:05:02 | INFO     | watchfiles.main | 1 change detected
2026-05-29 21:05:02 | INFO     | watchfiles.main | 1 change detected
2026-05-29 21:05:03 | INFO     | watchfiles.main | 1 change detected
2026-05-29 21:05:03 | INFO     | watchfiles.main | 1 change detected
2026-05-29 21:05:03 | INFO     | watchfiles.main | 1 change detected
2026-05-29 21:05:04 | INFO     | watchfiles.main | 1 change detected
2026-05-29 21:05:04 | INFO     | watchfiles.main | 1 change detected
2026-05-29 21:05:04 | INFO     | watchfiles.main | 1 change detected
2026-05-29 21:05:05 | INFO     | watchfiles.main | 1 change detected
2026-05-29 21:05:05 | INFO     | watchfiles.main | 1 change detected
2026-05-29 21:05:05 | INFO     | watchfiles.main | 1 change detected
2026-05-29 21:05:06 | INFO     | watchfiles.main | 1 change detected
2026-05-29 21:05:06 | INFO     | watchfiles.main | 1 change detected
2026-05-29 21:05:07 | INFO     | watchfiles.main | 1 change detected
2026-05-29 21:05:07 | INFO     | watchfiles.main | 1 change detected
2026-05-29 21:05:07 | INFO     | watchfiles.main | 1 change detected
2026-05-29 21:05:08 | INFO     | watchfiles.main | 1 change detected
2026-05-29 21:05:08 | INFO     | watchfiles.main | 1 change detected
2026-05-29 21:05:08 | INFO     | watchfiles.main | 1 change detected
2026-05-29 21:05:09 | INFO     | watchfiles.main | 1 change detected
2026-05-29 21:05:09 | INFO     | watchfiles.main | 1 change detected
2026-05-29 21:05:09 | INFO     | watchfiles.main | 1 change detected
2026-05-29 21:05:10 | INFO     | watchfiles.main | 1 change detected
2026-05-29 21:05:10 | INFO     | watchfiles.main | 1 change detected
2026-05-29 21:05:11 | INFO     | watchfiles.main | 1 change detected
2026-05-29 21:05:11 | INFO     | watchfiles.main | 1 change detected
2026-05-29 21:05:11 | INFO     | watchfiles.main | 1 change detected
2026-05-29 21:05:12 | INFO     | watchfiles.main | 1 change detected
2026-05-29 21:05:12 | INFO     | watchfiles.main | 1 change detected
2026-05-29 21:05:12 | INFO     | watchfiles.main | 1 change detected
2026-05-29 21:05:13 | INFO     | watchfiles.main | 1 change detected
2026-05-29 21:05:13 | INFO     | watchfiles.main | 1 change detected
2026-05-29 21:05:13 | INFO     | watchfiles.main | 1 change detected
2026-05-29 21:05:14 | INFO     | watchfiles.main | 1 change detected
2026-05-29 21:05:14 | INFO     | watchfiles.main | 1 change detected
2026-05-29 21:05:14 | INFO     | watchfiles.main | 1 change detected
2026-05-29 21:05:15 | INFO     | watchfiles.main | 1 change detected
2026-05-29 21:05:15 | INFO     | watchfiles.main | 1 change detected
2026-05-29 21:05:16 | INFO     | watchfiles.main | 1 change detected
2026-05-29 21:05:16 | INFO     | watchfiles.main | 1 change detected
2026-05-29 21:05:16 | INFO     | watchfiles.main | 1 change detected
2026-05-29 21:05:17 | INFO     | watchfiles.main | 1 change detected
2026-05-29 21:05:17 | INFO     | watchfiles.main | 1 change detected
2026-05-29 21:05:17 | INFO     | watchfiles.main | 1 change detected
2026-05-29 21:05:18 | INFO     | watchfiles.main | 1 change detected
2026-05-29 21:05:18 | INFO     | watchfiles.main | 1 change detected
2026-05-29 21:05:18 | INFO     | watchfiles.main | 1 change detected
2026-05-29 21:05:19 | INFO     | watchfiles.main | 1 change detected
2026-05-29 21:05:19 | INFO     | watchfiles.main | 1 change detected
2026-05-29 21:05:20 | INFO     | watchfiles.main | 1 change detected
2026-05-29 21:05:20 | INFO     | watchfiles.main | 1 change detected
2026-05-29 21:05:20 | INFO     | watchfiles.main | 1 change detected
2026-05-29 21:05:21 | INFO     | watchfiles.main | 1 change detected
2026-05-29 21:05:21 | INFO     | watchfiles.main | 1 change detected
2026-05-29 21:05:21 | INFO     | watchfiles.main | 1 change detected
2026-05-29 21:05:22 | INFO     | watchfiles.main | 1 change detected
2026-05-29 21:05:22 | INFO     | watchfiles.main | 1 change detected
2026-05-29 21:05:22 | INFO     | watchfiles.main | 1 change detected
2026-05-29 21:05:23 | INFO     | watchfiles.main | 1 change detected
2026-05-29 21:05:23 | INFO     | watchfiles.main | 1 change detected
2026-05-29 21:05:24 | INFO     | watchfiles.main | 1 change detected
2026-05-29 21:05:24 | INFO     | watchfiles.main | 1 change detected
2026-05-29 21:05:24 | INFO     | watchfiles.main | 1 change detected
2026-05-29 21:05:25 | INFO     | watchfiles.main | 1 change detected
2026-05-29 21:05:25 | INFO     | watchfiles.main | 1 change detected
2026-05-29 21:05:25 | INFO     | watchfiles.main | 1 change detected
2026-05-29 21:05:26 | INFO     | watchfiles.main | 1 change detected
2026-05-29 21:05:26 | INFO     | watchfiles.main | 1 change detected
2026-05-29 21:05:26 | INFO     | watchfiles.main | 1 change detected
2026-05-29 21:05:27 | INFO     | watchfiles.main | 1 change detected
2026-05-29 21:05:27 | INFO     | watchfiles.main | 1 change detected
2026-05-29 21:05:27 | INFO     | watchfiles.main | 1 change detected
2026-05-29 21:05:28 | INFO     | watchfiles.main | 1 change detected
2026-05-29 21:05:28 | INFO     | watchfiles.main | 1 change detected
2026-05-29 21:05:29 | INFO     | watchfiles.main | 1 change detected
2026-05-29 21:05:29 | INFO     | watchfiles.main | 1 change detected
2026-05-29 21:05:29 | INFO     | watchfiles.main | 1 change detected
2026-05-29 21:05:30 | INFO     | watchfiles.main | 1 change detected
2026-05-29 21:05:30 | INFO     | watchfiles.main | 1 change detected
2026-05-29 21:05:30 | INFO     | watchfiles.main | 1 change detected
2026-05-29 21:05:31 | INFO     | watchfiles.main | 1 change detected
2026-05-29 21:05:31 | INFO     | watchfiles.main | 1 change detected
2026-05-29 21:05:31 | INFO     | watchfiles.main | 1 change detected
2026-05-29 21:05:32 | INFO     | watchfiles.main | 1 change detected
2026-05-29 21:05:32 | INFO     | watchfiles.main | 1 change detected
2026-05-29 21:05:32 | INFO     | watchfiles.main | 1 change detected
2026-05-29 21:05:33 | INFO     | watchfiles.main | 1 change detected
2026-05-29 21:05:33 | INFO     | watchfiles.main | 1 change detected
2026-05-29 21:05:34 | INFO     | watchfiles.main | 1 change detected
2026-05-29 21:05:34 | INFO     | watchfiles.main | 1 change detected
2026-05-29 21:05:34 | INFO     | watchfiles.main | 1 change detected
2026-05-29 21:05:35 | INFO     | watchfiles.main | 1 change detected
2026-05-29 21:05:35 | INFO     | watchfiles.main | 1 change detected
2026-05-29 21:05:35 | INFO     | watchfiles.main | 1 change detected
2026-05-29 21:05:36 | INFO     | watchfiles.main | 1 change detected
2026-05-29 21:05:36 | INFO     | watchfiles.main | 1 change detected
2026-05-29 21:05:36 | INFO     | watchfiles.main | 1 change detected
2026-05-29 21:05:37 | INFO     | watchfiles.main | 1 change detected
2026-05-29 21:05:37 | INFO     | watchfiles.main | 1 change detected
2026-05-29 21:05:38 | INFO     | watchfiles.main | 1 change detected
2026-05-29 21:05:38 | INFO     | watchfiles.main | 1 change detected
2026-05-29 21:05:38 | INFO     | watchfiles.main | 1 change detected
2026-05-29 21:05:39 | INFO     | watchfiles.main | 1 change detected
2026-05-29 21:05:39 | INFO     | watchfiles.main | 1 change detected
2026-05-29 21:05:39 | INFO     | watchfiles.main | 1 change detected
2026-05-29 21:05:40 | INFO     | watchfiles.main | 1 change detected
2026-05-29 21:05:40 | INFO     | watchfiles.main | 1 change detected
2026-05-29 21:05:40 | INFO     | watchfiles.main | 1 change detected
2026-05-29 21:05:41 | INFO     | watchfiles.main | 1 change detected
2026-05-29 21:05:41 | INFO     | watchfiles.main | 1 change detected
2026-05-29 21:05:41 | INFO     | watchfiles.main | 1 change detected
2026-05-29 21:05:42 | INFO     | watchfiles.main | 1 change detected
2026-05-29 21:05:42 | INFO     | watchfiles.main | 1 change detected
2026-05-29 21:05:43 | INFO     | watchfiles.main | 1 change detected
2026-05-29 21:05:43 | INFO     | watchfiles.main | 1 change detected
2026-05-29 21:05:43 | INFO     | watchfiles.main | 1 change detected
2026-05-29 21:05:44 | INFO     | watchfiles.main | 1 change detected
2026-05-29 21:05:44 | INFO     | watchfiles.main | 1 change detected
2026-05-29 21:05:44 | INFO     | watchfiles.main | 1 change detected
2026-05-29 21:05:45 | INFO     | watchfiles.main | 1 change detected
2026-05-29 21:05:45 | INFO     | watchfiles.main | 1 change detected
2026-05-29 21:05:45 | INFO     | watchfiles.main | 1 change detected
2026-05-29 21:05:46 | INFO     | watchfiles.main | 1 change detected
2026-05-29 21:05:46 | INFO     | watchfiles.main | 1 change detected
2026-05-29 21:05:47 | INFO     | watchfiles.main | 1 change detected
2026-05-29 21:05:47 | INFO     | watchfiles.main | 1 change detected
2026-05-29 21:05:47 | INFO     | watchfiles.main | 1 change detected
2026-05-29 21:05:48 | INFO     | watchfiles.main | 1 change detected
2026-05-29 21:05:48 | INFO     | watchfiles.main | 1 change detected
2026-05-29 21:05:48 | INFO     | watchfiles.main | 1 change detected
2026-05-29 21:05:49 | INFO     | watchfiles.main | 1 change detected
2026-05-29 21:05:49 | INFO     | watchfiles.main | 1 change detected
2026-05-29 21:05:49 | INFO     | watchfiles.main | 1 change detected
2026-05-29 21:05:50 | INFO     | watchfiles.main | 1 change detected
2026-05-29 21:05:50 | INFO     | watchfiles.main | 1 change detected
2026-05-29 21:05:51 | INFO     | watchfiles.main | 1 change detected
2026-05-29 21:05:51 | INFO     | watchfiles.main | 1 change detected
2026-05-29 21:05:51 | INFO     | watchfiles.main | 1 change detected
2026-05-29 21:05:52 | INFO     | watchfiles.main | 1 change detected
2026-05-29 21:05:52 | INFO     | watchfiles.main | 1 change detected
2026-05-29 21:05:52 | INFO     | watchfiles.main | 1 change detected
2026-05-29 21:05:53 | INFO     | watchfiles.main | 1 change detected
2026-05-29 21:05:53 | INFO     | watchfiles.main | 1 change detected
2026-05-29 21:05:53 | INFO     | watchfiles.main | 1 change detected
2026-05-29 21:05:54 | INFO     | watchfiles.main | 1 change detected
2026-05-29 21:05:54 | INFO     | watchfiles.main | 1 change detected
2026-05-29 21:05:54 | INFO     | watchfiles.main | 1 change detected
2026-05-29 21:05:55 | INFO     | watchfiles.main | 1 change detected
2026-05-29 21:05:55 | INFO     | watchfiles.main | 1 change detected
2026-05-29 21:05:55 | INFO     | watchfiles.main | 1 change detected
2026-05-29 21:05:56 | INFO     | watchfiles.main | 1 change detected
2026-05-29 21:05:56 | INFO     | watchfiles.main | 1 change detected
2026-05-29 21:05:57 | INFO     | watchfiles.main | 1 change detected
2026-05-29 21:05:57 | INFO     | watchfiles.main | 1 change detected
2026-05-29 21:05:57 | INFO     | watchfiles.main | 1 change detected
2026-05-29 21:05:58 | INFO     | watchfiles.main | 1 change detected
2026-05-29 21:05:58 | INFO     | watchfiles.main | 1 change detected
2026-05-29 21:05:58 | INFO     | watchfiles.main | 1 change detected
2026-05-29 21:05:59 | INFO     | watchfiles.main | 1 change detected
2026-05-29 21:05:59 | INFO     | watchfiles.main | 1 change detected
2026-05-29 21:05:59 | INFO     | watchfiles.main | 1 change detected
2026-05-29 21:06:00 | INFO     | watchfiles.main | 1 change detected
2026-05-29 21:06:00 | INFO     | watchfiles.main | 1 change detected
2026-05-29 21:06:01 | INFO     | watchfiles.main | 1 change detected
2026-05-29 21:06:01 | INFO     | watchfiles.main | 1 change detected
2026-05-29 21:06:01 | INFO     | watchfiles.main | 1 change detected
2026-05-29 21:06:02 | INFO     | watchfiles.main | 1 change detected
2026-05-29 21:06:02 | INFO     | watchfiles.main | 1 change detected
2026-05-29 21:06:02 | INFO     | watchfiles.main | 1 change detected
2026-05-29 21:06:03 | INFO     | watchfiles.main | 1 change detected
2026-05-29 21:06:03 | INFO     | watchfiles.main | 1 change detected
2026-05-29 21:06:03 | INFO     | watchfiles.main | 1 change detected
2026-05-29 21:06:04 | INFO     | watchfiles.main | 1 change detected
2026-05-29 21:06:04 | INFO     | watchfiles.main | 1 change detected
2026-05-29 21:06:05 | INFO     | watchfiles.main | 1 change detected
2026-05-29 21:06:05 | INFO     | watchfiles.main | 1 change detected
2026-05-29 21:06:05 | INFO     | watchfiles.main | 1 change detected
2026-05-29 21:06:06 | INFO     | watchfiles.main | 1 change detected
2026-05-29 21:06:06 | INFO     | watchfiles.main | 1 change detected
2026-05-29 21:06:06 | INFO     | watchfiles.main | 1 change detected
2026-05-29 21:06:07 | INFO     | watchfiles.main | 1 change detected
2026-05-29 21:06:07 | INFO     | watchfiles.main | 1 change detected
2026-05-29 21:06:07 | INFO     | watchfiles.main | 1 change detected
2026-05-29 21:06:08 | INFO     | watchfiles.main | 1 change detected
2026-05-29 21:06:08 | INFO     | watchfiles.main | 1 change detected
2026-05-29 21:06:08 | INFO     | watchfiles.main | 1 change detected
2026-05-29 21:06:09 | INFO     | watchfiles.main | 1 change detected
2026-05-29 21:06:09 | INFO     | watchfiles.main | 1 change detected
2026-05-29 21:06:10 | INFO     | watchfiles.main | 1 change detected
2026-05-29 21:06:10 | INFO     | watchfiles.main | 1 change detected
2026-05-29 21:06:10 | INFO     | watchfiles.main | 1 change detected
2026-05-29 21:06:11 | INFO     | watchfiles.main | 1 change detected
2026-05-29 21:06:11 | INFO     | watchfiles.main | 1 change detected
2026-05-29 21:06:11 | INFO     | watchfiles.main | 1 change detected
2026-05-29 21:06:12 | INFO     | watchfiles.main | 1 change detected
2026-05-29 21:06:12 | INFO     | watchfiles.main | 1 change detected
2026-05-29 21:06:12 | INFO     | watchfiles.main | 1 change detected
2026-05-29 21:06:13 | INFO     | watchfiles.main | 1 change detected
2026-05-29 21:06:13 | INFO     | watchfiles.main | 1 change detected
2026-05-29 21:06:13 | INFO     | watchfiles.main | 1 change detected
2026-05-29 21:06:14 | INFO     | watchfiles.main | 1 change detected
2026-05-29 21:06:14 | INFO     | watchfiles.main | 1 change detected
2026-05-29 21:06:15 | INFO     | watchfiles.main | 1 change detected
2026-05-29 21:06:15 | INFO     | watchfiles.main | 1 change detected
2026-05-29 21:06:15 | INFO     | watchfiles.main | 1 change detected
2026-05-29 21:06:16 | INFO     | watchfiles.main | 1 change detected
2026-05-29 21:06:16 | INFO     | watchfiles.main | 1 change detected
2026-05-29 21:06:16 | INFO     | watchfiles.main | 1 change detected
2026-05-29 21:06:17 | INFO     | watchfiles.main | 1 change detected
2026-05-29 21:06:17 | INFO     | watchfiles.main | 1 change detected
2026-05-29 21:06:17 | INFO     | watchfiles.main | 1 change detected
2026-05-29 21:06:18 | INFO     | watchfiles.main | 1 change detected
2026-05-29 21:06:18 | INFO     | watchfiles.main | 1 change detected
2026-05-29 21:06:19 | INFO     | watchfiles.main | 1 change detected
2026-05-29 21:06:19 | INFO     | watchfiles.main | 1 change detected
2026-05-29 21:06:19 | INFO     | watchfiles.main | 1 change detected
2026-05-29 21:06:20 | INFO     | watchfiles.main | 1 change detected
2026-05-29 21:06:20 | INFO     | watchfiles.main | 1 change detected
2026-05-29 21:06:20 | INFO     | watchfiles.main | 1 change detected
2026-05-29 21:06:21 | INFO     | watchfiles.main | 1 change detected
2026-05-29 21:06:21 | INFO     | watchfiles.main | 1 change detected
2026-05-29 21:06:21 | INFO     | watchfiles.main | 1 change detected
2026-05-29 21:06:22 | INFO     | watchfiles.main | 1 change detected
2026-05-29 21:06:22 | INFO     | watchfiles.main | 1 change detected
2026-05-29 21:06:23 | INFO     | watchfiles.main | 1 change detected
2026-05-29 21:06:23 | INFO     | watchfiles.main | 1 change detected
2026-05-29 21:06:23 | INFO     | watchfiles.main | 1 change detected
2026-05-29 21:06:24 | INFO     | watchfiles.main | 1 change detected
2026-05-29 21:06:24 | INFO     | watchfiles.main | 1 change detected
2026-05-29 21:06:24 | INFO     | watchfiles.main | 1 change detected
2026-05-29 21:06:25 | INFO     | watchfiles.main | 1 change detected
2026-05-29 21:06:25 | INFO     | watchfiles.main | 1 change detected
2026-05-29 21:06:25 | INFO     | watchfiles.main | 1 change detected
2026-05-29 21:06:26 | INFO     | watchfiles.main | 1 change detected
2026-05-29 21:06:26 | INFO     | watchfiles.main | 1 change detected
2026-05-29 21:06:26 | INFO     | watchfiles.main | 1 change detected
2026-05-29 21:06:27 | INFO     | watchfiles.main | 1 change detected
2026-05-29 21:06:27 | INFO     | watchfiles.main | 1 change detected
2026-05-29 21:06:28 | INFO     | watchfiles.main | 1 change detected
2026-05-29 21:06:28 | INFO     | watchfiles.main | 1 change detected
2026-05-29 21:06:28 | INFO     | watchfiles.main | 1 change detected
2026-05-29 21:06:29 | INFO     | watchfiles.main | 1 change detected
2026-05-29 21:06:29 | INFO     | watchfiles.main | 1 change detected
2026-05-29 21:06:29 | INFO     | watchfiles.main | 1 change detected
2026-05-29 21:06:30 | INFO     | watchfiles.main | 1 change detected
2026-05-29 21:06:30 | INFO     | watchfiles.main | 1 change detected
2026-05-29 21:06:30 | INFO     | watchfiles.main | 1 change detected
2026-05-29 21:06:31 | INFO     | watchfiles.main | 1 change detected
2026-05-29 21:06:31 | INFO     | watchfiles.main | 1 change detected
2026-05-29 21:06:31 | INFO     | watchfiles.main | 1 change detected
2026-05-29 21:06:32 | INFO     | watchfiles.main | 1 change detected
2026-05-29 21:06:32 | INFO     | watchfiles.main | 1 change detected
2026-05-29 21:06:33 | INFO     | watchfiles.main | 1 change detected
2026-05-29 21:06:33 | INFO     | watchfiles.main | 1 change detected
2026-05-29 21:06:33 | INFO     | watchfiles.main | 1 change detected
2026-05-29 21:06:34 | INFO     | watchfiles.main | 1 change detected
2026-05-29 21:06:34 | INFO     | watchfiles.main | 1 change detected
2026-05-29 21:06:34 | INFO     | watchfiles.main | 1 change detected
2026-05-29 21:06:35 | INFO     | watchfiles.main | 1 change detected
2026-05-29 21:06:35 | INFO     | watchfiles.main | 1 change detected
2026-05-29 21:06:35 | INFO     | watchfiles.main | 1 change detected
2026-05-29 21:06:36 | INFO     | watchfiles.main | 1 change detected
2026-05-29 21:06:36 | INFO     | watchfiles.main | 1 change detected
2026-05-29 21:06:37 | INFO     | watchfiles.main | 1 change detected
2026-05-29 21:06:37 | INFO     | watchfiles.main | 1 change detected
2026-05-29 21:06:37 | INFO     | watchfiles.main | 1 change detected
2026-05-29 21:06:38 | INFO     | watchfiles.main | 1 change detected
2026-05-29 21:06:38 | INFO     | watchfiles.main | 1 change detected
2026-05-29 21:06:38 | INFO     | watchfiles.main | 1 change detected
2026-05-29 21:06:39 | INFO     | watchfiles.main | 1 change detected
2026-05-29 21:06:39 | INFO     | watchfiles.main | 1 change detected
2026-05-29 21:06:39 | INFO     | watchfiles.main | 1 change detected
2026-05-29 21:06:40 | INFO     | watchfiles.main | 1 change detected
2026-05-29 21:06:40 | INFO     | watchfiles.main | 1 change detected
2026-05-29 21:06:40 | INFO     | watchfiles.main | 1 change detected
2026-05-29 21:06:41 | INFO     | watchfiles.main | 1 change detected
2026-05-29 21:06:41 | INFO     | watchfiles.main | 1 change detected
2026-05-29 21:06:42 | INFO     | watchfiles.main | 1 change detected
2026-05-29 21:06:42 | INFO     | watchfiles.main | 1 change detected
2026-05-29 21:06:42 | INFO     | watchfiles.main | 1 change detected
2026-05-29 21:06:43 | INFO     | watchfiles.main | 1 change detected
2026-05-29 21:06:43 | INFO     | watchfiles.main | 1 change detected
2026-05-29 21:06:43 | INFO     | watchfiles.main | 1 change detected
2026-05-29 21:06:44 | INFO     | watchfiles.main | 1 change detected
2026-05-29 21:06:44 | INFO     | watchfiles.main | 1 change detected
2026-05-29 21:06:44 | INFO     | watchfiles.main | 1 change detected
2026-05-29 21:06:45 | INFO     | watchfiles.main | 1 change detected
2026-05-29 21:06:45 | INFO     | watchfiles.main | 1 change detected
2026-05-29 21:06:45 | INFO     | watchfiles.main | 1 change detected
2026-05-29 21:06:46 | INFO     | watchfiles.main | 1 change detected
2026-05-29 21:06:46 | INFO     | watchfiles.main | 1 change detected
2026-05-29 21:06:47 | INFO     | watchfiles.main | 1 change detected
2026-05-29 21:06:47 | INFO     | watchfiles.main | 1 change detected
2026-05-29 21:06:47 | INFO     | watchfiles.main | 1 change detected
2026-05-29 21:06:48 | INFO     | watchfiles.main | 1 change detected
2026-05-29 21:06:48 | INFO     | watchfiles.main | 1 change detected
2026-05-29 21:06:48 | INFO     | watchfiles.main | 1 change detected
2026-05-29 21:06:49 | INFO     | watchfiles.main | 1 change detected
2026-05-29 21:06:49 | INFO     | watchfiles.main | 1 change detected
2026-05-29 21:06:49 | INFO     | watchfiles.main | 1 change detected
2026-05-29 21:06:50 | INFO     | watchfiles.main | 1 change detected
2026-05-29 21:06:50 | INFO     | watchfiles.main | 1 change detected
2026-05-29 21:06:51 | INFO     | watchfiles.main | 1 change detected
2026-05-29 21:06:51 | INFO     | watchfiles.main | 1 change detected
2026-05-29 21:06:51 | INFO     | watchfiles.main | 1 change detected
2026-05-29 21:06:52 | INFO     | watchfiles.main | 1 change detected
2026-05-29 21:06:52 | INFO     | watchfiles.main | 1 change detected
2026-05-29 21:06:52 | INFO     | watchfiles.main | 1 change detected
2026-05-29 21:06:53 | INFO     | watchfiles.main | 1 change detected
2026-05-29 21:06:53 | INFO     | watchfiles.main | 1 change detected
2026-05-29 21:06:53 | INFO     | watchfiles.main | 1 change detected
2026-05-29 21:06:54 | INFO     | watchfiles.main | 1 change detected
2026-05-29 21:06:54 | INFO     | watchfiles.main | 1 change detected
2026-05-29 21:06:55 | INFO     | watchfiles.main | 1 change detected
2026-05-29 21:06:55 | INFO     | watchfiles.main | 1 change detected
2026-05-29 21:06:55 | INFO     | watchfiles.main | 1 change detected
2026-05-29 21:06:56 | INFO     | watchfiles.main | 1 change detected
2026-05-29 21:06:56 | INFO     | watchfiles.main | 1 change detected
2026-05-29 21:06:56 | INFO     | watchfiles.main | 1 change detected
2026-05-29 21:06:57 | INFO     | watchfiles.main | 1 change detected
2026-05-29 21:06:57 | INFO     | watchfiles.main | 1 change detected
2026-05-29 21:06:58 | INFO     | watchfiles.main | 1 change detected
2026-05-29 21:06:58 | INFO     | watchfiles.main | 1 change detected
2026-05-29 21:06:58 | INFO     | watchfiles.main | 1 change detected
2026-05-29 21:06:59 | INFO     | watchfiles.main | 1 change detected
2026-05-29 21:06:59 | INFO     | watchfiles.main | 1 change detected
2026-05-29 21:06:59 | INFO     | watchfiles.main | 1 change detected
2026-05-29 21:07:00 | INFO     | watchfiles.main | 1 change detected
2026-05-29 21:07:00 | INFO     | watchfiles.main | 1 change detected
2026-05-29 21:07:00 | INFO     | watchfiles.main | 1 change detected
2026-05-29 21:07:01 | INFO     | watchfiles.main | 1 change detected
2026-05-29 21:07:01 | INFO     | watchfiles.main | 1 change detected
2026-05-29 21:07:02 | INFO     | watchfiles.main | 1 change detected
2026-05-29 21:07:02 | INFO     | watchfiles.main | 1 change detected
2026-05-29 21:07:02 | INFO     | watchfiles.main | 1 change detected
2026-05-29 21:07:03 | INFO     | watchfiles.main | 1 change detected
2026-05-29 21:07:03 | INFO     | watchfiles.main | 1 change detected
2026-05-29 21:07:03 | INFO     | watchfiles.main | 1 change detected
2026-05-29 21:07:04 | INFO     | watchfiles.main | 1 change detected
2026-05-29 21:07:04 | INFO     | watchfiles.main | 1 change detected
2026-05-29 21:07:04 | INFO     | watchfiles.main | 1 change detected
2026-05-29 21:07:05 | INFO     | watchfiles.main | 1 change detected
2026-05-29 21:07:05 | INFO     | watchfiles.main | 1 change detected
2026-05-29 21:07:06 | INFO     | watchfiles.main | 1 change detected
2026-05-29 21:07:06 | INFO     | watchfiles.main | 1 change detected
2026-05-29 21:07:06 | INFO     | watchfiles.main | 1 change detected
2026-05-29 21:07:07 | INFO     | watchfiles.main | 1 change detected
2026-05-29 21:07:07 | INFO     | watchfiles.main | 1 change detected
2026-05-29 21:07:07 | INFO     | watchfiles.main | 1 change detected
2026-05-29 21:07:08 | INFO     | watchfiles.main | 1 change detected
2026-05-29 21:07:08 | INFO     | watchfiles.main | 1 change detected
2026-05-29 21:07:08 | INFO     | watchfiles.main | 1 change detected
2026-05-29 21:07:09 | INFO     | watchfiles.main | 1 change detected
2026-05-29 21:07:09 | INFO     | watchfiles.main | 1 change detected
2026-05-29 21:07:10 | INFO     | watchfiles.main | 1 change detected
2026-05-29 21:07:10 | INFO     | watchfiles.main | 1 change detected
2026-05-29 21:07:10 | INFO     | watchfiles.main | 1 change detected
2026-05-29 21:07:11 | INFO     | watchfiles.main | 1 change detected
2026-05-29 21:07:11 | INFO     | watchfiles.main | 1 change detected
2026-05-29 21:07:11 | INFO     | watchfiles.main | 1 change detected
2026-05-29 21:07:12 | INFO     | watchfiles.main | 1 change detected
2026-05-29 21:07:12 | INFO     | watchfiles.main | 1 change detected
2026-05-29 21:07:12 | INFO     | watchfiles.main | 1 change detected
2026-05-29 21:07:13 | INFO     | watchfiles.main | 1 change detected
2026-05-29 21:07:13 | INFO     | watchfiles.main | 1 change detected
2026-05-29 21:07:14 | INFO     | watchfiles.main | 1 change detected
2026-05-29 21:07:14 | INFO     | watchfiles.main | 1 change detected
2026-05-29 21:07:14 | INFO     | watchfiles.main | 1 change detected
2026-05-29 21:07:15 | INFO     | watchfiles.main | 1 change detected
2026-05-29 21:07:15 | INFO     | watchfiles.main | 1 change detected
2026-05-29 21:07:15 | INFO     | watchfiles.main | 1 change detected
2026-05-29 21:07:16 | INFO     | watchfiles.main | 1 change detected
2026-05-29 21:07:16 | INFO     | watchfiles.main | 1 change detected
2026-05-29 21:07:16 | INFO     | watchfiles.main | 1 change detected
2026-05-29 21:07:17 | INFO     | watchfiles.main | 1 change detected
2026-05-29 21:07:17 | INFO     | watchfiles.main | 1 change detected
2026-05-29 21:07:18 | INFO     | watchfiles.main | 1 change detected
2026-05-29 21:07:18 | INFO     | watchfiles.main | 1 change detected
2026-05-29 21:07:18 | INFO     | watchfiles.main | 1 change detected
2026-05-29 21:07:19 | INFO     | watchfiles.main | 1 change detected
2026-05-29 21:07:19 | INFO     | watchfiles.main | 1 change detected
2026-05-29 21:07:19 | INFO     | watchfiles.main | 1 change detected
2026-05-29 21:07:20 | INFO     | watchfiles.main | 1 change detected
2026-05-29 21:07:20 | INFO     | watchfiles.main | 1 change detected
2026-05-29 21:07:20 | INFO     | watchfiles.main | 1 change detected
2026-05-29 21:07:21 | INFO     | watchfiles.main | 1 change detected
2026-05-29 21:07:21 | INFO     | watchfiles.main | 1 change detected
2026-05-29 21:07:22 | INFO     | watchfiles.main | 1 change detected
2026-05-29 21:07:22 | INFO     | watchfiles.main | 1 change detected
2026-05-29 21:07:22 | INFO     | watchfiles.main | 1 change detected
2026-05-29 21:07:23 | INFO     | watchfiles.main | 1 change detected
2026-05-29 21:07:23 | INFO     | watchfiles.main | 1 change detected
2026-05-29 21:07:23 | INFO     | watchfiles.main | 1 change detected
2026-05-29 21:07:24 | INFO     | watchfiles.main | 1 change detected
2026-05-29 21:07:24 | INFO     | watchfiles.main | 1 change detected
2026-05-29 21:07:25 | INFO     | watchfiles.main | 1 change detected
2026-05-29 21:07:25 | INFO     | watchfiles.main | 1 change detected
2026-05-29 21:07:25 | INFO     | watchfiles.main | 1 change detected
2026-05-29 21:07:26 | INFO     | watchfiles.main | 1 change detected
2026-05-29 21:07:26 | INFO     | watchfiles.main | 1 change detected
2026-05-29 21:07:26 | INFO     | watchfiles.main | 1 change detected
2026-05-29 21:07:27 | INFO     | watchfiles.main | 1 change detected
2026-05-29 21:07:27 | INFO     | watchfiles.main | 1 change detected
2026-05-29 21:07:27 | INFO     | watchfiles.main | 1 change detected
2026-05-29 21:07:28 | INFO     | watchfiles.main | 1 change detected
2026-05-29 21:07:28 | INFO     | watchfiles.main | 1 change detected
2026-05-29 21:07:29 | INFO     | watchfiles.main | 1 change detected
2026-05-29 21:07:29 | INFO     | watchfiles.main | 1 change detected
2026-05-29 21:07:29 | INFO     | watchfiles.main | 1 change detected
2026-05-29 21:07:30 | INFO     | watchfiles.main | 1 change detected
2026-05-29 21:07:30 | INFO     | watchfiles.main | 1 change detected
2026-05-29 21:07:30 | INFO     | watchfiles.main | 1 change detected
2026-05-29 21:07:31 | INFO     | watchfiles.main | 1 change detected
2026-05-29 21:07:31 | INFO     | watchfiles.main | 1 change detected
2026-05-29 21:07:31 | INFO     | watchfiles.main | 1 change detected
2026-05-29 21:07:32 | INFO     | watchfiles.main | 1 change detected
2026-05-29 21:07:32 | INFO     | watchfiles.main | 1 change detected
2026-05-29 21:07:33 | INFO     | watchfiles.main | 1 change detected
2026-05-29 21:07:33 | INFO     | watchfiles.main | 1 change detected
2026-05-29 21:07:33 | INFO     | watchfiles.main | 1 change detected
2026-05-29 21:07:34 | INFO     | watchfiles.main | 1 change detected
2026-05-29 21:07:34 | INFO     | watchfiles.main | 1 change detected
2026-05-29 21:07:34 | INFO     | watchfiles.main | 1 change detected
2026-05-29 21:07:35 | INFO     | watchfiles.main | 1 change detected
2026-05-29 21:07:35 | INFO     | watchfiles.main | 1 change detected
2026-05-29 21:07:35 | INFO     | watchfiles.main | 1 change detected
2026-05-29 21:07:36 | INFO     | watchfiles.main | 1 change detected
2026-05-29 21:07:36 | INFO     | watchfiles.main | 1 change detected
2026-05-29 21:07:37 | INFO     | watchfiles.main | 1 change detected
2026-05-29 21:07:37 | INFO     | watchfiles.main | 1 change detected
2026-05-29 21:07:37 | INFO     | watchfiles.main | 1 change detected
2026-05-29 21:07:38 | INFO     | watchfiles.main | 1 change detected
2026-05-29 21:07:38 | INFO     | watchfiles.main | 1 change detected
2026-05-29 21:07:38 | INFO     | watchfiles.main | 1 change detected
2026-05-29 21:07:39 | INFO     | watchfiles.main | 1 change detected
2026-05-29 21:07:39 | INFO     | watchfiles.main | 1 change detected
2026-05-29 21:07:39 | INFO     | watchfiles.main | 1 change detected
2026-05-29 21:07:40 | INFO     | watchfiles.main | 1 change detected
2026-05-29 21:07:40 | INFO     | watchfiles.main | 1 change detected
2026-05-29 21:07:41 | INFO     | watchfiles.main | 1 change detected
2026-05-29 21:07:41 | INFO     | watchfiles.main | 1 change detected
2026-05-29 21:07:41 | INFO     | watchfiles.main | 1 change detected
2026-05-29 21:07:42 | INFO     | watchfiles.main | 1 change detected
2026-05-29 21:07:42 | INFO     | watchfiles.main | 1 change detected
2026-05-29 21:07:42 | INFO     | watchfiles.main | 1 change detected
2026-05-29 21:07:43 | INFO     | watchfiles.main | 1 change detected
2026-05-29 21:07:43 | INFO     | watchfiles.main | 1 change detected
2026-05-29 21:07:43 | INFO     | watchfiles.main | 1 change detected
2026-05-29 21:07:44 | INFO     | watchfiles.main | 1 change detected
2026-05-29 21:07:44 | INFO     | watchfiles.main | 1 change detected
2026-05-29 21:07:45 | INFO     | watchfiles.main | 1 change detected
2026-05-29 21:07:45 | INFO     | watchfiles.main | 1 change detected
2026-05-29 21:07:45 | INFO     | watchfiles.main | 1 change detected
2026-05-29 21:07:46 | INFO     | watchfiles.main | 1 change detected
2026-05-29 21:07:46 | INFO     | watchfiles.main | 1 change detected
2026-05-29 21:07:46 | INFO     | watchfiles.main | 1 change detected
2026-05-29 21:07:47 | INFO     | watchfiles.main | 1 change detected
2026-05-29 21:07:47 | INFO     | watchfiles.main | 1 change detected
2026-05-29 21:07:47 | INFO     | watchfiles.main | 1 change detected
2026-05-29 21:07:48 | INFO     | watchfiles.main | 1 change detected
2026-05-29 21:07:48 | INFO     | watchfiles.main | 1 change detected
2026-05-29 21:07:49 | INFO     | watchfiles.main | 1 change detected
2026-05-29 21:07:49 | INFO     | watchfiles.main | 1 change detected
2026-05-29 21:07:49 | INFO     | watchfiles.main | 1 change detected
2026-05-29 21:07:50 | INFO     | watchfiles.main | 1 change detected
2026-05-29 21:07:50 | INFO     | watchfiles.main | 1 change detected
2026-05-29 21:07:50 | INFO     | watchfiles.main | 1 change detected
2026-05-29 21:07:51 | INFO     | watchfiles.main | 1 change detected
2026-05-29 21:07:51 | INFO     | watchfiles.main | 1 change detected
2026-05-29 21:07:52 | INFO     | watchfiles.main | 1 change detected
2026-05-29 21:07:52 | INFO     | watchfiles.main | 1 change detected
2026-05-29 21:07:52 | INFO     | watchfiles.main | 1 change detected
2026-05-29 21:07:53 | INFO     | watchfiles.main | 1 change detected
2026-05-29 21:07:53 | INFO     | watchfiles.main | 1 change detected
2026-05-29 21:07:53 | INFO     | watchfiles.main | 1 change detected
2026-05-29 21:07:54 | INFO     | watchfiles.main | 1 change detected
2026-05-29 21:07:54 | INFO     | watchfiles.main | 1 change detected
2026-05-29 21:07:54 | INFO     | watchfiles.main | 1 change detected
2026-05-29 21:07:55 | INFO     | watchfiles.main | 1 change detected
2026-05-29 21:07:55 | INFO     | watchfiles.main | 1 change detected
2026-05-29 21:07:56 | INFO     | watchfiles.main | 1 change detected
2026-05-29 21:07:56 | INFO     | watchfiles.main | 1 change detected
2026-05-29 21:07:56 | INFO     | watchfiles.main | 1 change detected
2026-05-29 21:07:57 | INFO     | watchfiles.main | 1 change detected
2026-05-29 21:07:57 | INFO     | watchfiles.main | 1 change detected
2026-05-29 21:07:57 | INFO     | watchfiles.main | 1 change detected
2026-05-29 21:07:58 | INFO     | watchfiles.main | 1 change detected
2026-05-29 21:07:58 | INFO     | watchfiles.main | 1 change detected
2026-05-29 21:07:58 | INFO     | watchfiles.main | 1 change detected
2026-05-29 21:07:59 | INFO     | watchfiles.main | 1 change detected
2026-05-29 21:07:59 | INFO     | watchfiles.main | 1 change detected
2026-05-29 21:08:00 | INFO     | watchfiles.main | 1 change detected
2026-05-29 21:08:00 | INFO     | watchfiles.main | 1 change detected
2026-05-29 21:08:00 | INFO     | watchfiles.main | 1 change detected
2026-05-29 21:08:01 | INFO     | watchfiles.main | 1 change detected
2026-05-29 21:08:01 | INFO     | watchfiles.main | 1 change detected
2026-05-29 21:08:01 | INFO     | watchfiles.main | 1 change detected
2026-05-29 21:08:02 | INFO     | watchfiles.main | 1 change detected
2026-05-29 21:08:02 | INFO     | watchfiles.main | 1 change detected
2026-05-29 21:08:02 | INFO     | watchfiles.main | 1 change detected
2026-05-29 21:08:03 | INFO     | watchfiles.main | 1 change detected
2026-05-29 21:08:03 | INFO     | watchfiles.main | 1 change detected
2026-05-29 21:08:04 | INFO     | watchfiles.main | 1 change detected
2026-05-29 21:08:04 | INFO     | watchfiles.main | 1 change detected
2026-05-29 21:08:04 | INFO     | watchfiles.main | 1 change detected
2026-05-29 21:08:05 | INFO     | watchfiles.main | 1 change detected
2026-05-29 21:08:05 | INFO     | watchfiles.main | 1 change detected
2026-05-29 21:08:05 | INFO     | watchfiles.main | 1 change detected
2026-05-29 21:08:06 | INFO     | watchfiles.main | 1 change detected
2026-05-29 21:08:06 | INFO     | watchfiles.main | 1 change detected
2026-05-29 21:08:06 | INFO     | watchfiles.main | 1 change detected
2026-05-29 21:08:07 | INFO     | watchfiles.main | 1 change detected
2026-05-29 21:08:07 | INFO     | watchfiles.main | 1 change detected
2026-05-29 21:08:08 | INFO     | watchfiles.main | 1 change detected
2026-05-29 21:08:08 | INFO     | watchfiles.main | 1 change detected
2026-05-29 21:08:08 | INFO     | watchfiles.main | 1 change detected
2026-05-29 21:08:09 | INFO     | watchfiles.main | 1 change detected
2026-05-29 21:08:09 | INFO     | watchfiles.main | 1 change detected
2026-05-29 21:08:09 | INFO     | watchfiles.main | 1 change detected
2026-05-29 21:08:10 | INFO     | watchfiles.main | 1 change detected
2026-05-29 21:08:10 | INFO     | watchfiles.main | 1 change detected
2026-05-29 21:08:10 | INFO     | watchfiles.main | 1 change detected
2026-05-29 21:08:11 | INFO     | watchfiles.main | 1 change detected
2026-05-29 21:08:11 | INFO     | watchfiles.main | 1 change detected
2026-05-29 21:08:12 | INFO     | watchfiles.main | 1 change detected
2026-05-29 21:08:12 | INFO     | watchfiles.main | 1 change detected
2026-05-29 21:08:12 | INFO     | watchfiles.main | 1 change detected
2026-05-29 21:08:13 | INFO     | watchfiles.main | 1 change detected
2026-05-29 21:08:13 | INFO     | watchfiles.main | 1 change detected
2026-05-29 21:08:13 | INFO     | watchfiles.main | 1 change detected
2026-05-29 21:08:14 | INFO     | watchfiles.main | 1 change detected
2026-05-29 21:08:14 | INFO     | watchfiles.main | 1 change detected
2026-05-29 21:08:15 | INFO     | watchfiles.main | 1 change detected
2026-05-29 21:08:15 | INFO     | watchfiles.main | 1 change detected
2026-05-29 21:08:15 | INFO     | watchfiles.main | 1 change detected
2026-05-29 21:08:16 | INFO     | watchfiles.main | 1 change detected
2026-05-29 21:08:16 | INFO     | watchfiles.main | 1 change detected
2026-05-29 21:08:16 | INFO     | watchfiles.main | 1 change detected
2026-05-29 21:08:17 | INFO     | watchfiles.main | 1 change detected
2026-05-29 21:08:17 | INFO     | watchfiles.main | 1 change detected
2026-05-29 21:08:17 | INFO     | watchfiles.main | 1 change detected
2026-05-29 21:08:18 | INFO     | watchfiles.main | 1 change detected
2026-05-29 21:08:18 | INFO     | watchfiles.main | 1 change detected
2026-05-29 21:08:19 | INFO     | watchfiles.main | 1 change detected
2026-05-29 21:08:19 | INFO     | watchfiles.main | 1 change detected
2026-05-29 21:08:19 | INFO     | watchfiles.main | 1 change detected
2026-05-29 21:08:20 | INFO     | watchfiles.main | 1 change detected
2026-05-29 21:08:20 | INFO     | watchfiles.main | 1 change detected
2026-05-29 21:08:20 | INFO     | watchfiles.main | 1 change detected
2026-05-29 21:08:21 | INFO     | watchfiles.main | 1 change detected
2026-05-29 21:08:21 | INFO     | watchfiles.main | 1 change detected
2026-05-29 21:08:21 | INFO     | watchfiles.main | 1 change detected
2026-05-29 21:08:22 | INFO     | watchfiles.main | 1 change detected
2026-05-29 21:08:22 | INFO     | watchfiles.main | 1 change detected
2026-05-29 21:08:22 | INFO     | watchfiles.main | 1 change detected
2026-05-29 21:08:23 | INFO     | watchfiles.main | 1 change detected
2026-05-29 21:08:23 | INFO     | watchfiles.main | 1 change detected
2026-05-29 21:08:24 | INFO     | watchfiles.main | 1 change detected
2026-05-29 21:08:24 | INFO     | watchfiles.main | 1 change detected
2026-05-29 21:08:24 | INFO     | watchfiles.main | 1 change detected
2026-05-29 21:08:25 | INFO     | watchfiles.main | 1 change detected
2026-05-29 21:08:25 | INFO     | watchfiles.main | 1 change detected
2026-05-29 21:08:25 | INFO     | watchfiles.main | 1 change detected
2026-05-29 21:08:26 | INFO     | watchfiles.main | 1 change detected
2026-05-29 21:08:26 | INFO     | watchfiles.main | 1 change detected
2026-05-29 21:08:26 | INFO     | watchfiles.main | 1 change detected
2026-05-29 21:08:27 | INFO     | watchfiles.main | 1 change detected
2026-05-29 21:08:27 | INFO     | watchfiles.main | 1 change detected
2026-05-29 21:08:28 | INFO     | watchfiles.main | 1 change detected
2026-05-29 21:08:28 | INFO     | watchfiles.main | 1 change detected
2026-05-29 21:08:28 | INFO     | watchfiles.main | 1 change detected
2026-05-29 21:08:29 | INFO     | watchfiles.main | 1 change detected
2026-05-29 21:08:29 | INFO     | watchfiles.main | 1 change detected
2026-05-29 21:08:29 | INFO     | watchfiles.main | 1 change detected
2026-05-29 21:08:30 | INFO     | watchfiles.main | 1 change detected
2026-05-29 21:08:30 | INFO     | watchfiles.main | 1 change detected
2026-05-29 21:08:30 | INFO     | watchfiles.main | 1 change detected
2026-05-29 21:08:31 | INFO     | watchfiles.main | 1 change detected
2026-05-29 21:08:31 | INFO     | watchfiles.main | 1 change detected
2026-05-29 21:08:31 | INFO     | watchfiles.main | 1 change detected
2026-05-29 21:08:32 | INFO     | watchfiles.main | 1 change detected
2026-05-29 21:08:32 | INFO     | watchfiles.main | 1 change detected
2026-05-29 21:08:33 | INFO     | watchfiles.main | 1 change detected
2026-05-29 21:08:33 | INFO     | watchfiles.main | 1 change detected
2026-05-29 21:08:33 | INFO     | watchfiles.main | 1 change detected
2026-05-29 21:08:34 | INFO     | watchfiles.main | 1 change detected
2026-05-29 21:08:34 | INFO     | watchfiles.main | 1 change detected
2026-05-29 21:08:34 | INFO     | watchfiles.main | 1 change detected
2026-05-29 21:08:35 | INFO     | watchfiles.main | 1 change detected
2026-05-29 21:08:35 | INFO     | watchfiles.main | 1 change detected
2026-05-29 21:08:35 | INFO     | watchfiles.main | 1 change detected
2026-05-29 21:08:36 | INFO     | watchfiles.main | 1 change detected
2026-05-29 21:08:36 | INFO     | watchfiles.main | 1 change detected
2026-05-29 21:08:37 | INFO     | watchfiles.main | 1 change detected
2026-05-29 21:08:37 | INFO     | watchfiles.main | 1 change detected
2026-05-29 21:08:37 | INFO     | watchfiles.main | 1 change detected
2026-05-29 21:08:38 | INFO     | watchfiles.main | 1 change detected
2026-05-29 21:08:38 | INFO     | watchfiles.main | 1 change detected
2026-05-29 21:08:38 | INFO     | watchfiles.main | 1 change detected
2026-05-29 21:08:39 | INFO     | watchfiles.main | 1 change detected
2026-05-29 21:08:39 | INFO     | watchfiles.main | 1 change detected
2026-05-29 21:08:39 | INFO     | watchfiles.main | 1 change detected
2026-05-29 21:08:40 | INFO     | watchfiles.main | 1 change detected
2026-05-29 21:08:40 | INFO     | watchfiles.main | 1 change detected
2026-05-29 21:08:40 | INFO     | watchfiles.main | 1 change detected
2026-05-29 21:08:41 | INFO     | watchfiles.main | 1 change detected
2026-05-29 21:08:41 | INFO     | watchfiles.main | 1 change detected
2026-05-29 21:08:42 | INFO     | watchfiles.main | 1 change detected
2026-05-29 21:08:42 | INFO     | watchfiles.main | 1 change detected
2026-05-29 21:08:42 | INFO     | watchfiles.main | 1 change detected
2026-05-29 21:08:43 | INFO     | watchfiles.main | 1 change detected
2026-05-29 21:08:43 | INFO     | watchfiles.main | 1 change detected
2026-05-29 21:08:43 | INFO     | watchfiles.main | 1 change detected
2026-05-29 21:08:44 | INFO     | watchfiles.main | 1 change detected
2026-05-29 21:08:44 | INFO     | watchfiles.main | 1 change detected
2026-05-29 21:08:44 | INFO     | watchfiles.main | 1 change detected
2026-05-29 21:08:45 | INFO     | watchfiles.main | 1 change detected
2026-05-29 21:08:45 | INFO     | watchfiles.main | 1 change detected
2026-05-29 21:08:46 | INFO     | watchfiles.main | 1 change detected
2026-05-29 21:08:46 | INFO     | watchfiles.main | 1 change detected
2026-05-29 21:08:46 | INFO     | watchfiles.main | 1 change detected
2026-05-29 21:08:47 | INFO     | watchfiles.main | 1 change detected
2026-05-29 21:08:47 | INFO     | watchfiles.main | 1 change detected
2026-05-29 21:08:47 | INFO     | watchfiles.main | 1 change detected
2026-05-29 21:08:48 | INFO     | watchfiles.main | 1 change detected
2026-05-29 21:08:48 | INFO     | watchfiles.main | 1 change detected
2026-05-29 21:08:48 | INFO     | watchfiles.main | 1 change detected
2026-05-29 21:08:49 | INFO     | watchfiles.main | 1 change detected
2026-05-29 21:08:49 | INFO     | watchfiles.main | 1 change detected
2026-05-29 21:08:50 | INFO     | watchfiles.main | 1 change detected
2026-05-29 21:08:50 | INFO     | watchfiles.main | 1 change detected
2026-05-29 21:08:50 | INFO     | watchfiles.main | 1 change detected
2026-05-29 21:08:51 | INFO     | watchfiles.main | 1 change detected
2026-05-29 21:08:51 | INFO     | watchfiles.main | 1 change detected
2026-05-29 21:08:51 | INFO     | watchfiles.main | 1 change detected
2026-05-29 21:08:52 | INFO     | watchfiles.main | 1 change detected
2026-05-29 21:08:52 | INFO     | watchfiles.main | 1 change detected
2026-05-29 21:08:52 | INFO     | watchfiles.main | 1 change detected
2026-05-29 21:08:53 | INFO     | watchfiles.main | 1 change detected
2026-05-29 21:08:53 | INFO     | watchfiles.main | 1 change detected
2026-05-29 21:08:54 | INFO     | watchfiles.main | 1 change detected
2026-05-29 21:08:54 | INFO     | watchfiles.main | 1 change detected
2026-05-29 21:08:54 | INFO     | watchfiles.main | 1 change detected
2026-05-29 21:08:55 | INFO     | watchfiles.main | 1 change detected
2026-05-29 21:08:55 | INFO     | watchfiles.main | 1 change detected
2026-05-29 21:08:55 | INFO     | watchfiles.main | 1 change detected
2026-05-29 21:08:56 | INFO     | watchfiles.main | 1 change detected
2026-05-29 21:08:56 | INFO     | watchfiles.main | 1 change detected
2026-05-29 21:08:56 | INFO     | watchfiles.main | 1 change detected
2026-05-29 21:08:57 | INFO     | watchfiles.main | 1 change detected
2026-05-29 21:08:57 | INFO     | watchfiles.main | 1 change detected
2026-05-29 21:08:58 | INFO     | watchfiles.main | 1 change detected
2026-05-29 21:08:58 | INFO     | watchfiles.main | 1 change detected
2026-05-29 21:08:58 | INFO     | watchfiles.main | 1 change detected
2026-05-29 21:08:59 | INFO     | watchfiles.main | 1 change detected
2026-05-29 21:08:59 | INFO     | watchfiles.main | 1 change detected
2026-05-29 21:08:59 | INFO     | watchfiles.main | 1 change detected
2026-05-29 21:09:00 | INFO     | watchfiles.main | 1 change detected
2026-05-29 21:09:00 | INFO     | watchfiles.main | 1 change detected
2026-05-29 21:09:00 | INFO     | watchfiles.main | 1 change detected
2026-05-29 21:09:01 | INFO     | watchfiles.main | 1 change detected
2026-05-29 21:09:01 | INFO     | watchfiles.main | 1 change detected
2026-05-29 21:09:02 | INFO     | watchfiles.main | 1 change detected
2026-05-29 21:09:02 | INFO     | watchfiles.main | 1 change detected
2026-05-29 21:09:02 | INFO     | watchfiles.main | 1 change detected
2026-05-29 21:09:03 | INFO     | watchfiles.main | 1 change detected
2026-05-29 21:09:03 | INFO     | watchfiles.main | 1 change detected
2026-05-29 21:09:03 | INFO     | watchfiles.main | 1 change detected
2026-05-29 21:09:04 | INFO     | watchfiles.main | 1 change detected
2026-05-29 21:09:04 | INFO     | watchfiles.main | 1 change detected
2026-05-29 21:09:04 | INFO     | watchfiles.main | 1 change detected
2026-05-29 21:09:05 | INFO     | watchfiles.main | 1 change detected
2026-05-29 21:09:05 | INFO     | watchfiles.main | 1 change detected
2026-05-29 21:09:05 | INFO     | watchfiles.main | 1 change detected
2026-05-29 21:09:06 | INFO     | watchfiles.main | 1 change detected
2026-05-29 21:09:06 | INFO     | watchfiles.main | 1 change detected
2026-05-29 21:09:07 | INFO     | watchfiles.main | 1 change detected
2026-05-29 21:09:07 | INFO     | watchfiles.main | 1 change detected
2026-05-29 21:09:07 | INFO     | watchfiles.main | 1 change detected
2026-05-29 21:09:08 | INFO     | watchfiles.main | 1 change detected
2026-05-29 21:09:08 | INFO     | watchfiles.main | 1 change detected
2026-05-29 21:09:08 | INFO     | watchfiles.main | 1 change detected
2026-05-29 21:09:09 | INFO     | watchfiles.main | 1 change detected
2026-05-29 21:09:09 | INFO     | watchfiles.main | 1 change detected
2026-05-29 21:09:09 | INFO     | watchfiles.main | 1 change detected
2026-05-29 21:09:10 | INFO     | watchfiles.main | 1 change detected
2026-05-29 21:09:10 | INFO     | watchfiles.main | 1 change detected
2026-05-29 21:09:11 | INFO     | watchfiles.main | 1 change detected
2026-05-29 21:09:11 | INFO     | watchfiles.main | 1 change detected
2026-05-29 21:09:11 | INFO     | watchfiles.main | 1 change detected
2026-05-29 21:09:12 | INFO     | watchfiles.main | 1 change detected
2026-05-29 21:09:12 | INFO     | watchfiles.main | 1 change detected
2026-05-29 21:09:12 | INFO     | watchfiles.main | 1 change detected
2026-05-29 21:09:13 | INFO     | watchfiles.main | 1 change detected
2026-05-29 21:09:13 | INFO     | watchfiles.main | 1 change detected
2026-05-29 21:09:13 | INFO     | watchfiles.main | 1 change detected
2026-05-29 21:09:14 | INFO     | watchfiles.main | 1 change detected
2026-05-29 21:09:14 | INFO     | watchfiles.main | 1 change detected
2026-05-29 21:09:14 | INFO     | watchfiles.main | 1 change detected
2026-05-29 21:09:15 | INFO     | watchfiles.main | 1 change detected
2026-05-29 21:09:15 | INFO     | watchfiles.main | 1 change detected
2026-05-29 21:09:16 | INFO     | watchfiles.main | 1 change detected
2026-05-29 21:09:16 | INFO     | watchfiles.main | 1 change detected
2026-05-29 21:09:16 | INFO     | watchfiles.main | 1 change detected
2026-05-29 21:09:17 | INFO     | watchfiles.main | 1 change detected
2026-05-29 21:09:17 | INFO     | watchfiles.main | 1 change detected
2026-05-29 21:09:17 | INFO     | watchfiles.main | 1 change detected
2026-05-29 21:09:18 | INFO     | watchfiles.main | 1 change detected
2026-05-29 21:09:18 | INFO     | watchfiles.main | 1 change detected
2026-05-29 21:09:18 | INFO     | watchfiles.main | 1 change detected
2026-05-29 21:09:19 | INFO     | watchfiles.main | 1 change detected
2026-05-29 21:09:19 | INFO     | watchfiles.main | 1 change detected
2026-05-29 21:09:20 | INFO     | watchfiles.main | 1 change detected
2026-05-29 21:09:20 | INFO     | watchfiles.main | 1 change detected
2026-05-29 21:09:20 | INFO     | watchfiles.main | 1 change detected
2026-05-29 21:09:21 | INFO     | watchfiles.main | 1 change detected
2026-05-29 21:09:21 | INFO     | watchfiles.main | 1 change detected
2026-05-29 21:09:21 | INFO     | watchfiles.main | 1 change detected
2026-05-29 21:09:22 | INFO     | watchfiles.main | 1 change detected
2026-05-29 21:09:22 | INFO     | watchfiles.main | 1 change detected
2026-05-29 21:09:22 | INFO     | watchfiles.main | 1 change detected
2026-05-29 21:09:23 | INFO     | watchfiles.main | 1 change detected
2026-05-29 21:09:23 | INFO     | watchfiles.main | 1 change detected
2026-05-29 21:09:24 | INFO     | watchfiles.main | 1 change detected
2026-05-29 21:09:24 | INFO     | watchfiles.main | 1 change detected
2026-05-29 21:09:24 | INFO     | watchfiles.main | 1 change detected
2026-05-29 21:09:25 | INFO     | watchfiles.main | 1 change detected
2026-05-29 21:09:25 | INFO     | watchfiles.main | 1 change detected
2026-05-29 21:09:25 | INFO     | watchfiles.main | 1 change detected
2026-05-29 21:09:26 | INFO     | watchfiles.main | 1 change detected
2026-05-29 21:09:26 | INFO     | watchfiles.main | 1 change detected
2026-05-29 21:09:26 | INFO     | watchfiles.main | 1 change detected
2026-05-29 21:09:27 | INFO     | watchfiles.main | 1 change detected
2026-05-29 21:09:27 | INFO     | watchfiles.main | 1 change detected
2026-05-29 21:09:28 | INFO     | watchfiles.main | 1 change detected
2026-05-29 21:09:28 | INFO     | watchfiles.main | 1 change detected
2026-05-29 21:09:28 | INFO     | watchfiles.main | 1 change detected
2026-05-29 21:09:29 | INFO     | watchfiles.main | 1 change detected
2026-05-29 21:09:29 | INFO     | watchfiles.main | 1 change detected
2026-05-29 21:09:29 | INFO     | watchfiles.main | 1 change detected
2026-05-29 21:09:30 | INFO     | watchfiles.main | 1 change detected
2026-05-29 21:09:30 | INFO     | watchfiles.main | 1 change detected
2026-05-29 21:09:30 | INFO     | watchfiles.main | 1 change detected
2026-05-29 21:09:31 | INFO     | watchfiles.main | 1 change detected
2026-05-29 21:09:31 | INFO     | watchfiles.main | 1 change detected
2026-05-29 21:09:31 | INFO     | watchfiles.main | 1 change detected
2026-05-29 21:09:32 | INFO     | watchfiles.main | 1 change detected
2026-05-29 21:09:32 | INFO     | watchfiles.main | 1 change detected
2026-05-29 21:09:33 | INFO     | watchfiles.main | 1 change detected
2026-05-29 21:09:33 | INFO     | watchfiles.main | 1 change detected
2026-05-29 21:09:33 | INFO     | watchfiles.main | 1 change detected
2026-05-29 21:09:34 | INFO     | watchfiles.main | 1 change detected
2026-05-29 21:09:34 | INFO     | watchfiles.main | 1 change detected
2026-05-29 21:09:34 | INFO     | watchfiles.main | 1 change detected
2026-05-29 21:09:35 | INFO     | watchfiles.main | 1 change detected
2026-05-29 21:09:35 | INFO     | watchfiles.main | 1 change detected
2026-05-29 21:09:35 | INFO     | watchfiles.main | 1 change detected
2026-05-29 21:09:36 | INFO     | watchfiles.main | 1 change detected
2026-05-29 21:09:36 | INFO     | watchfiles.main | 1 change detected
2026-05-29 21:09:36 | INFO     | watchfiles.main | 1 change detected
2026-05-29 21:09:37 | INFO     | watchfiles.main | 1 change detected
2026-05-29 21:09:37 | INFO     | watchfiles.main | 1 change detected
2026-05-29 21:09:38 | INFO     | watchfiles.main | 1 change detected
2026-05-29 21:09:38 | INFO     | watchfiles.main | 1 change detected
2026-05-29 21:09:38 | INFO     | watchfiles.main | 1 change detected
2026-05-29 21:09:39 | INFO     | watchfiles.main | 1 change detected
2026-05-29 21:09:39 | INFO     | watchfiles.main | 1 change detected
2026-05-29 21:09:39 | INFO     | watchfiles.main | 1 change detected
2026-05-29 21:09:40 | INFO     | watchfiles.main | 1 change detected
2026-05-29 21:09:40 | INFO     | watchfiles.main | 1 change detected
2026-05-29 21:09:40 | INFO     | watchfiles.main | 1 change detected
2026-05-29 21:09:41 | INFO     | watchfiles.main | 1 change detected
2026-05-29 21:09:41 | INFO     | watchfiles.main | 1 change detected
2026-05-29 21:09:42 | INFO     | watchfiles.main | 1 change detected
2026-05-29 21:09:42 | INFO     | watchfiles.main | 1 change detected
2026-05-29 21:09:42 | INFO     | watchfiles.main | 1 change detected
2026-05-29 21:09:43 | INFO     | watchfiles.main | 1 change detected
2026-05-29 21:09:43 | INFO     | watchfiles.main | 1 change detected
2026-05-29 21:09:43 | INFO     | watchfiles.main | 1 change detected
2026-05-29 21:09:44 | INFO     | watchfiles.main | 1 change detected
2026-05-29 21:09:44 | INFO     | watchfiles.main | 1 change detected
2026-05-29 21:09:44 | INFO     | watchfiles.main | 1 change detected
2026-05-29 21:09:45 | INFO     | watchfiles.main | 1 change detected
2026-05-29 21:09:45 | INFO     | watchfiles.main | 1 change detected
2026-05-29 21:09:45 | INFO     | watchfiles.main | 1 change detected
2026-05-29 21:09:46 | INFO     | watchfiles.main | 1 change detected
2026-05-29 21:09:46 | INFO     | watchfiles.main | 1 change detected
2026-05-29 21:09:47 | INFO     | watchfiles.main | 1 change detected
2026-05-29 21:09:47 | INFO     | watchfiles.main | 1 change detected
2026-05-29 21:09:47 | INFO     | watchfiles.main | 1 change detected
2026-05-29 21:09:48 | INFO     | watchfiles.main | 1 change detected
2026-05-29 21:09:48 | INFO     | watchfiles.main | 1 change detected
2026-05-29 21:09:48 | INFO     | watchfiles.main | 1 change detected
2026-05-29 21:09:49 | INFO     | watchfiles.main | 1 change detected
2026-05-29 21:09:49 | INFO     | watchfiles.main | 1 change detected
2026-05-29 21:09:49 | INFO     | watchfiles.main | 1 change detected
2026-05-29 21:09:50 | INFO     | watchfiles.main | 1 change detected
2026-05-29 21:09:50 | INFO     | watchfiles.main | 1 change detected
2026-05-29 21:09:50 | INFO     | watchfiles.main | 1 change detected
2026-05-29 21:09:51 | INFO     | watchfiles.main | 1 change detected
2026-05-29 21:09:51 | INFO     | watchfiles.main | 1 change detected
2026-05-29 21:09:52 | INFO     | watchfiles.main | 1 change detected
2026-05-29 21:09:52 | INFO     | watchfiles.main | 1 change detected
2026-05-29 21:09:52 | INFO     | watchfiles.main | 1 change detected
2026-05-29 21:09:53 | INFO     | watchfiles.main | 1 change detected
2026-05-29 21:09:53 | INFO     | watchfiles.main | 1 change detected
2026-05-29 21:09:53 | INFO     | watchfiles.main | 1 change detected
2026-05-29 21:09:54 | INFO     | watchfiles.main | 1 change detected
2026-05-29 21:09:54 | INFO     | watchfiles.main | 1 change detected
2026-05-29 21:09:54 | INFO     | watchfiles.main | 1 change detected
2026-05-29 21:09:55 | INFO     | watchfiles.main | 1 change detected
2026-05-29 21:09:55 | INFO     | watchfiles.main | 1 change detected
2026-05-29 21:09:55 | INFO     | watchfiles.main | 1 change detected
2026-05-29 21:09:56 | INFO     | watchfiles.main | 1 change detected
2026-05-29 21:09:56 | INFO     | watchfiles.main | 1 change detected
2026-05-29 21:09:57 | INFO     | watchfiles.main | 1 change detected
2026-05-29 21:09:57 | INFO     | watchfiles.main | 1 change detected
2026-05-29 21:09:57 | INFO     | watchfiles.main | 1 change detected
2026-05-29 21:09:58 | INFO     | watchfiles.main | 1 change detected
2026-05-29 21:09:58 | INFO     | watchfiles.main | 1 change detected
2026-05-29 21:09:58 | INFO     | watchfiles.main | 1 change detected
2026-05-29 21:09:59 | INFO     | watchfiles.main | 1 change detected
2026-05-29 21:09:59 | INFO     | watchfiles.main | 1 change detected
2026-05-29 21:09:59 | INFO     | watchfiles.main | 1 change detected
2026-05-29 21:10:00 | INFO     | watchfiles.main | 1 change detected
2026-05-29 21:10:00 | INFO     | watchfiles.main | 1 change detected
2026-05-29 21:10:01 | INFO     | watchfiles.main | 1 change detected
2026-05-29 21:10:01 | INFO     | watchfiles.main | 1 change detected
2026-05-29 21:10:01 | INFO     | watchfiles.main | 1 change detected
2026-05-29 21:10:02 | INFO     | watchfiles.main | 1 change detected
2026-05-29 21:10:02 | INFO     | watchfiles.main | 1 change detected
2026-05-29 21:10:02 | INFO     | watchfiles.main | 1 change detected
2026-05-29 21:10:03 | INFO     | watchfiles.main | 1 change detected
2026-05-29 21:10:03 | INFO     | watchfiles.main | 1 change detected
2026-05-29 21:10:03 | INFO     | watchfiles.main | 1 change detected
2026-05-29 21:10:04 | INFO     | watchfiles.main | 1 change detected
2026-05-29 21:10:04 | INFO     | watchfiles.main | 1 change detected
2026-05-29 21:10:05 | INFO     | watchfiles.main | 1 change detected
2026-05-29 21:10:05 | INFO     | watchfiles.main | 1 change detected
2026-05-29 21:10:05 | INFO     | watchfiles.main | 1 change detected
2026-05-29 21:10:06 | INFO     | watchfiles.main | 1 change detected
2026-05-29 21:10:06 | INFO     | watchfiles.main | 1 change detected
2026-05-29 21:10:06 | INFO     | watchfiles.main | 1 change detected
2026-05-29 21:10:07 | INFO     | watchfiles.main | 1 change detected
2026-05-29 21:10:07 | INFO     | watchfiles.main | 1 change detected
2026-05-29 21:10:07 | INFO     | watchfiles.main | 1 change detected
2026-05-29 21:10:08 | INFO     | watchfiles.main | 1 change detected
2026-05-29 21:10:08 | INFO     | router.post | Fetched 3 posts
2026-05-29 21:10:08 | INFO     | router.post | Fetched 3 posts
2026-05-29 21:10:08 | INFO     | router.post | Fetched 0 comments for post_id=3
2026-05-29 21:10:08 | INFO     | router.post | Fetched 0 comments for post_id=2
2026-05-29 21:10:08 | INFO     | router.post | Fetched 1 comments for post_id=1
2026-05-29 21:10:08 | INFO     | router.post | Fetched 0 comments for post_id=3
2026-05-29 21:10:08 | INFO     | router.post | Fetched 0 comments for post_id=2
2026-05-29 21:10:08 | INFO     | router.post | Fetched 1 comments for post_id=1
2026-05-29 21:10:08 | INFO     | watchfiles.main | 1 change detected
2026-05-29 21:10:08 | INFO     | watchfiles.main | 1 change detected
2026-05-29 21:10:09 | INFO     | watchfiles.main | 1 change detected
2026-05-29 21:10:09 | INFO     | watchfiles.main | 1 change detected
2026-05-29 21:10:10 | INFO     | watchfiles.main | 1 change detected
2026-05-29 21:10:10 | INFO     | watchfiles.main | 1 change detected
2026-05-29 21:10:10 | INFO     | watchfiles.main | 1 change detected
2026-05-29 21:10:11 | INFO     | watchfiles.main | 1 change detected
2026-05-29 21:10:11 | INFO     | watchfiles.main | 1 change detected
2026-05-29 21:10:11 | INFO     | watchfiles.main | 1 change detected
2026-05-29 21:10:12 | INFO     | watchfiles.main | 1 change detected
2026-05-29 21:10:12 | INFO     | watchfiles.main | 1 change detected
2026-05-29 21:10:12 | INFO     | watchfiles.main | 1 change detected
2026-05-29 21:10:13 | INFO     | watchfiles.main | 1 change detected
2026-05-29 21:10:13 | INFO     | watchfiles.main | 1 change detected
2026-05-29 21:10:14 | INFO     | watchfiles.main | 1 change detected
2026-05-29 21:10:14 | INFO     | watchfiles.main | 1 change detected
2026-05-29 21:10:14 | INFO     | watchfiles.main | 1 change detected
2026-05-29 21:10:15 | INFO     | watchfiles.main | 1 change detected
2026-05-29 21:10:15 | INFO     | watchfiles.main | 1 change detected
2026-05-29 21:10:15 | INFO     | watchfiles.main | 1 change detected
2026-05-29 21:10:16 | INFO     | watchfiles.main | 1 change detected
2026-05-29 21:10:16 | INFO     | watchfiles.main | 1 change detected
2026-05-29 21:10:16 | INFO     | watchfiles.main | 1 change detected
2026-05-29 21:10:17 | INFO     | watchfiles.main | 1 change detected
2026-05-29 21:10:17 | INFO     | watchfiles.main | 1 change detected
2026-05-29 21:10:17 | INFO     | watchfiles.main | 1 change detected
2026-05-29 21:10:18 | INFO     | watchfiles.main | 1 change detected
2026-05-29 21:10:18 | INFO     | watchfiles.main | 1 change detected
2026-05-29 21:10:19 | INFO     | watchfiles.main | 1 change detected
2026-05-29 21:10:19 | INFO     | watchfiles.main | 1 change detected
2026-05-29 21:10:19 | INFO     | watchfiles.main | 1 change detected
2026-05-29 21:10:20 | INFO     | watchfiles.main | 1 change detected
2026-05-29 21:10:20 | INFO     | watchfiles.main | 1 change detected
2026-05-29 21:10:20 | INFO     | watchfiles.main | 1 change detected
2026-05-29 21:10:21 | INFO     | watchfiles.main | 1 change detected
2026-05-29 21:10:21 | INFO     | watchfiles.main | 1 change detected
2026-05-29 21:10:21 | INFO     | watchfiles.main | 1 change detected
2026-05-29 21:10:22 | INFO     | watchfiles.main | 1 change detected
2026-05-29 21:10:22 | INFO     | watchfiles.main | 1 change detected
2026-05-29 21:10:23 | INFO     | watchfiles.main | 1 change detected
2026-05-29 21:10:23 | INFO     | watchfiles.main | 1 change detected
2026-05-29 21:10:23 | INFO     | watchfiles.main | 1 change detected
2026-05-29 21:10:24 | INFO     | watchfiles.main | 1 change detected
2026-05-29 21:10:24 | INFO     | watchfiles.main | 1 change detected
2026-05-29 21:10:24 | INFO     | watchfiles.main | 1 change detected
2026-05-29 21:10:25 | INFO     | watchfiles.main | 1 change detected
2026-05-29 21:10:25 | INFO     | watchfiles.main | 1 change detected
2026-05-29 21:10:25 | INFO     | watchfiles.main | 1 change detected
2026-05-29 21:10:26 | INFO     | watchfiles.main | 1 change detected
2026-05-29 21:10:26 | INFO     | watchfiles.main | 1 change detected
2026-05-29 21:10:26 | INFO     | watchfiles.main | 1 change detected
2026-05-29 21:10:27 | INFO     | watchfiles.main | 1 change detected
2026-05-29 21:10:27 | INFO     | watchfiles.main | 1 change detected
2026-05-29 21:10:28 | INFO     | watchfiles.main | 1 change detected
2026-05-29 21:10:28 | INFO     | watchfiles.main | 1 change detected
2026-05-29 21:10:28 | INFO     | watchfiles.main | 1 change detected
2026-05-29 21:10:29 | INFO     | watchfiles.main | 1 change detected
2026-05-29 21:10:29 | INFO     | watchfiles.main | 1 change detected
2026-05-29 21:10:29 | INFO     | watchfiles.main | 1 change detected
2026-05-29 21:10:30 | INFO     | watchfiles.main | 1 change detected
2026-05-29 21:10:30 | INFO     | watchfiles.main | 1 change detected
2026-05-29 21:10:30 | INFO     | watchfiles.main | 1 change detected
2026-05-29 21:10:31 | INFO     | watchfiles.main | 1 change detected
2026-05-29 21:10:31 | INFO     | watchfiles.main | 1 change detected
2026-05-29 21:10:32 | INFO     | watchfiles.main | 1 change detected
2026-05-29 21:10:32 | INFO     | watchfiles.main | 1 change detected
2026-05-29 21:10:32 | INFO     | watchfiles.main | 1 change detected
2026-05-29 21:10:33 | INFO     | watchfiles.main | 1 change detected
2026-05-29 21:10:33 | INFO     | watchfiles.main | 1 change detected
2026-05-29 21:10:33 | INFO     | watchfiles.main | 1 change detected
2026-05-29 21:10:34 | INFO     | watchfiles.main | 1 change detected
2026-05-29 21:10:34 | INFO     | watchfiles.main | 1 change detected
2026-05-29 21:10:34 | INFO     | watchfiles.main | 1 change detected
2026-05-29 21:10:35 | INFO     | watchfiles.main | 1 change detected
2026-05-29 21:10:35 | INFO     | watchfiles.main | 1 change detected
2026-05-29 21:10:35 | INFO     | watchfiles.main | 1 change detected
2026-05-29 21:10:36 | INFO     | watchfiles.main | 1 change detected
2026-05-29 21:10:36 | INFO     | watchfiles.main | 1 change detected
2026-05-29 21:10:37 | INFO     | watchfiles.main | 1 change detected
2026-05-29 21:10:37 | INFO     | watchfiles.main | 1 change detected
2026-05-29 21:10:37 | INFO     | watchfiles.main | 1 change detected
2026-05-29 21:10:38 | INFO     | watchfiles.main | 1 change detected
2026-05-29 21:10:38 | INFO     | watchfiles.main | 1 change detected
2026-05-29 21:10:38 | INFO     | watchfiles.main | 1 change detected
2026-05-29 21:10:39 | INFO     | watchfiles.main | 1 change detected
2026-05-29 21:10:39 | INFO     | watchfiles.main | 1 change detected
2026-05-29 21:10:39 | INFO     | watchfiles.main | 1 change detected
2026-05-29 21:10:40 | INFO     | watchfiles.main | 1 change detected
2026-05-29 21:10:40 | INFO     | watchfiles.main | 1 change detected
2026-05-29 21:10:41 | INFO     | watchfiles.main | 1 change detected
2026-05-29 21:10:41 | INFO     | watchfiles.main | 1 change detected
2026-05-29 21:10:41 | INFO     | watchfiles.main | 1 change detected
2026-05-29 21:10:42 | INFO     | watchfiles.main | 1 change detected
2026-05-29 21:10:42 | INFO     | watchfiles.main | 1 change detected
2026-05-29 21:10:42 | INFO     | watchfiles.main | 1 change detected
2026-05-29 21:10:43 | INFO     | watchfiles.main | 1 change detected
2026-05-29 21:10:43 | INFO     | watchfiles.main | 1 change detected
2026-05-29 21:10:43 | INFO     | watchfiles.main | 1 change detected
2026-05-29 21:10:44 | INFO     | watchfiles.main | 1 change detected
2026-05-29 21:10:44 | INFO     | watchfiles.main | 1 change detected
2026-05-29 21:10:44 | INFO     | watchfiles.main | 1 change detected
2026-05-29 21:10:45 | INFO     | watchfiles.main | 1 change detected
2026-05-29 21:10:45 | INFO     | watchfiles.main | 1 change detected
2026-05-29 21:10:46 | INFO     | watchfiles.main | 1 change detected
2026-05-29 21:10:46 | INFO     | watchfiles.main | 1 change detected
2026-05-29 21:10:46 | INFO     | watchfiles.main | 1 change detected
2026-05-29 21:10:47 | INFO     | watchfiles.main | 1 change detected
2026-05-29 21:10:47 | INFO     | watchfiles.main | 1 change detected
2026-05-29 21:10:47 | INFO     | watchfiles.main | 1 change detected
2026-05-29 21:10:48 | INFO     | watchfiles.main | 1 change detected
2026-05-29 21:10:48 | INFO     | watchfiles.main | 1 change detected
2026-05-29 21:10:48 | INFO     | watchfiles.main | 1 change detected
2026-05-29 21:10:49 | INFO     | watchfiles.main | 1 change detected
2026-05-29 21:10:49 | INFO     | watchfiles.main | 1 change detected
2026-05-29 21:10:49 | INFO     | watchfiles.main | 1 change detected
2026-05-29 21:10:50 | INFO     | watchfiles.main | 1 change detected
2026-05-29 21:10:50 | INFO     | watchfiles.main | 1 change detected
2026-05-29 21:10:51 | INFO     | watchfiles.main | 1 change detected
2026-05-29 21:10:51 | INFO     | watchfiles.main | 1 change detected
2026-05-29 21:10:51 | INFO     | watchfiles.main | 1 change detected
2026-05-29 21:10:52 | INFO     | watchfiles.main | 1 change detected
2026-05-29 21:10:52 | INFO     | watchfiles.main | 1 change detected
2026-05-29 21:10:52 | INFO     | watchfiles.main | 1 change detected
2026-05-29 21:10:53 | INFO     | watchfiles.main | 1 change detected
2026-05-29 21:10:53 | INFO     | watchfiles.main | 1 change detected
2026-05-29 21:10:53 | INFO     | watchfiles.main | 1 change detected
2026-05-29 21:10:54 | INFO     | watchfiles.main | 1 change detected
2026-05-29 21:10:54 | INFO     | watchfiles.main | 1 change detected
2026-05-29 21:10:54 | INFO     | watchfiles.main | 1 change detected
2026-05-29 21:10:55 | INFO     | watchfiles.main | 1 change detected
2026-05-29 21:10:55 | INFO     | watchfiles.main | 1 change detected
2026-05-29 21:10:56 | INFO     | watchfiles.main | 1 change detected
2026-05-29 21:10:56 | INFO     | watchfiles.main | 1 change detected
2026-05-29 21:10:56 | INFO     | watchfiles.main | 1 change detected
2026-05-29 21:10:57 | INFO     | watchfiles.main | 1 change detected
2026-05-29 21:10:57 | INFO     | watchfiles.main | 1 change detected
2026-05-29 21:10:57 | INFO     | watchfiles.main | 1 change detected
2026-05-29 21:10:58 | INFO     | watchfiles.main | 1 change detected
2026-05-29 21:10:58 | INFO     | watchfiles.main | 1 change detected
2026-05-29 21:10:58 | INFO     | watchfiles.main | 1 change detected
2026-05-29 21:10:59 | INFO     | watchfiles.main | 1 change detected
2026-05-29 21:10:59 | INFO     | watchfiles.main | 1 change detected
2026-05-29 21:10:59 | INFO     | watchfiles.main | 1 change detected
2026-05-29 21:11:00 | INFO     | watchfiles.main | 1 change detected
2026-05-29 21:11:00 | INFO     | watchfiles.main | 1 change detected
2026-05-29 21:11:01 | INFO     | watchfiles.main | 1 change detected
2026-05-29 21:11:01 | INFO     | watchfiles.main | 1 change detected
2026-05-29 21:11:01 | INFO     | watchfiles.main | 1 change detected
2026-05-29 21:11:02 | INFO     | watchfiles.main | 1 change detected
2026-05-29 21:11:02 | INFO     | watchfiles.main | 1 change detected
2026-05-29 21:11:02 | INFO     | watchfiles.main | 1 change detected
2026-05-29 21:11:03 | INFO     | watchfiles.main | 1 change detected
2026-05-29 21:11:03 | INFO     | watchfiles.main | 1 change detected
2026-05-29 21:11:03 | INFO     | watchfiles.main | 1 change detected
2026-05-29 21:11:04 | INFO     | watchfiles.main | 1 change detected
2026-05-29 21:11:04 | INFO     | watchfiles.main | 1 change detected
2026-05-29 21:11:05 | INFO     | watchfiles.main | 1 change detected
2026-05-29 21:11:05 | INFO     | watchfiles.main | 1 change detected
2026-05-29 21:11:05 | INFO     | watchfiles.main | 1 change detected
2026-05-29 21:11:06 | INFO     | watchfiles.main | 1 change detected
2026-05-29 21:11:06 | INFO     | watchfiles.main | 1 change detected
2026-05-29 21:11:06 | INFO     | watchfiles.main | 1 change detected
2026-05-29 21:11:07 | INFO     | watchfiles.main | 1 change detected
2026-05-29 21:11:07 | INFO     | watchfiles.main | 1 change detected
2026-05-29 21:11:07 | INFO     | watchfiles.main | 1 change detected
2026-05-29 21:11:08 | INFO     | watchfiles.main | 1 change detected
2026-05-29 21:11:08 | INFO     | watchfiles.main | 1 change detected
2026-05-29 21:11:08 | INFO     | watchfiles.main | 1 change detected
2026-05-29 21:11:09 | INFO     | watchfiles.main | 1 change detected
2026-05-29 21:11:09 | INFO     | watchfiles.main | 1 change detected
2026-05-29 21:11:10 | INFO     | watchfiles.main | 1 change detected
2026-05-29 21:11:10 | INFO     | watchfiles.main | 1 change detected
2026-05-29 21:11:10 | INFO     | watchfiles.main | 1 change detected
2026-05-29 21:11:11 | INFO     | watchfiles.main | 1 change detected
2026-05-29 21:11:11 | INFO     | watchfiles.main | 1 change detected
2026-05-29 21:11:11 | INFO     | watchfiles.main | 1 change detected
2026-05-29 21:11:12 | INFO     | watchfiles.main | 1 change detected
2026-05-29 21:11:12 | INFO     | watchfiles.main | 1 change detected
2026-05-29 21:11:12 | INFO     | watchfiles.main | 1 change detected
2026-05-29 21:11:13 | INFO     | watchfiles.main | 1 change detected
2026-05-29 21:11:13 | INFO     | watchfiles.main | 1 change detected
2026-05-29 21:11:13 | INFO     | watchfiles.main | 1 change detected
2026-05-29 21:11:14 | INFO     | watchfiles.main | 1 change detected
2026-05-29 21:11:14 | INFO     | watchfiles.main | 1 change detected
2026-05-29 21:11:15 | INFO     | watchfiles.main | 1 change detected
2026-05-29 21:11:15 | INFO     | watchfiles.main | 1 change detected
2026-05-29 21:11:15 | INFO     | watchfiles.main | 1 change detected
2026-05-29 21:11:16 | INFO     | watchfiles.main | 1 change detected
2026-05-29 21:11:16 | INFO     | watchfiles.main | 1 change detected
2026-05-29 21:11:16 | INFO     | watchfiles.main | 1 change detected
2026-05-29 21:11:17 | INFO     | watchfiles.main | 1 change detected
2026-05-29 21:11:17 | INFO     | watchfiles.main | 1 change detected
2026-05-29 21:11:17 | INFO     | watchfiles.main | 1 change detected
2026-05-29 21:11:18 | INFO     | watchfiles.main | 1 change detected
2026-05-29 21:11:18 | INFO     | watchfiles.main | 1 change detected
2026-05-29 21:11:18 | INFO     | watchfiles.main | 1 change detected
2026-05-29 21:11:19 | INFO     | watchfiles.main | 1 change detected
2026-05-29 21:11:19 | INFO     | watchfiles.main | 1 change detected
2026-05-29 21:11:20 | INFO     | watchfiles.main | 1 change detected
2026-05-29 21:11:20 | INFO     | watchfiles.main | 1 change detected
2026-05-29 21:11:20 | INFO     | watchfiles.main | 1 change detected
2026-05-29 21:11:21 | INFO     | watchfiles.main | 1 change detected
2026-05-29 21:11:21 | INFO     | watchfiles.main | 1 change detected
2026-05-29 21:11:21 | INFO     | watchfiles.main | 1 change detected
2026-05-29 21:11:22 | INFO     | watchfiles.main | 1 change detected
2026-05-29 21:11:22 | INFO     | watchfiles.main | 1 change detected
2026-05-29 21:11:22 | INFO     | watchfiles.main | 1 change detected
2026-05-29 21:11:23 | INFO     | watchfiles.main | 1 change detected
2026-05-29 21:11:23 | INFO     | watchfiles.main | 1 change detected
2026-05-29 21:11:23 | INFO     | watchfiles.main | 1 change detected
2026-05-29 21:11:24 | INFO     | watchfiles.main | 1 change detected
2026-05-29 21:11:24 | INFO     | watchfiles.main | 1 change detected
2026-05-29 21:11:25 | INFO     | watchfiles.main | 1 change detected
2026-05-29 21:11:25 | INFO     | watchfiles.main | 1 change detected
2026-05-29 21:11:25 | INFO     | watchfiles.main | 1 change detected
2026-05-29 21:11:26 | INFO     | watchfiles.main | 1 change detected
2026-05-29 21:11:26 | INFO     | watchfiles.main | 1 change detected
2026-05-29 21:11:26 | INFO     | watchfiles.main | 1 change detected
2026-05-29 21:11:27 | INFO     | watchfiles.main | 1 change detected
2026-05-29 21:11:27 | INFO     | watchfiles.main | 1 change detected
2026-05-29 21:11:27 | INFO     | watchfiles.main | 1 change detected
2026-05-29 21:11:28 | INFO     | watchfiles.main | 1 change detected
2026-05-29 21:11:28 | INFO     | watchfiles.main | 1 change detected
2026-05-29 21:11:28 | INFO     | watchfiles.main | 1 change detected
2026-05-29 21:11:29 | INFO     | watchfiles.main | 1 change detected
2026-05-29 21:11:29 | INFO     | watchfiles.main | 1 change detected
2026-05-29 21:11:30 | INFO     | watchfiles.main | 1 change detected
2026-05-29 21:11:30 | INFO     | watchfiles.main | 1 change detected
2026-05-29 21:11:30 | INFO     | watchfiles.main | 1 change detected
2026-05-29 21:11:31 | INFO     | watchfiles.main | 1 change detected
2026-05-29 21:11:31 | INFO     | watchfiles.main | 1 change detected
2026-05-29 21:11:31 | INFO     | watchfiles.main | 1 change detected
2026-05-29 21:11:32 | INFO     | watchfiles.main | 1 change detected
2026-05-29 21:11:32 | INFO     | watchfiles.main | 1 change detected
2026-05-29 21:11:32 | INFO     | watchfiles.main | 1 change detected
2026-05-29 21:11:33 | INFO     | watchfiles.main | 1 change detected
2026-05-29 21:11:33 | INFO     | watchfiles.main | 1 change detected
2026-05-29 21:11:34 | INFO     | watchfiles.main | 1 change detected
2026-05-29 21:11:34 | INFO     | watchfiles.main | 1 change detected
2026-05-29 21:11:34 | INFO     | watchfiles.main | 1 change detected
2026-05-29 21:11:35 | INFO     | watchfiles.main | 1 change detected
2026-05-29 21:11:35 | INFO     | watchfiles.main | 1 change detected
2026-05-29 21:11:35 | INFO     | watchfiles.main | 1 change detected
2026-05-29 21:11:36 | INFO     | watchfiles.main | 1 change detected
2026-05-29 21:11:36 | INFO     | watchfiles.main | 1 change detected
2026-05-29 21:11:36 | INFO     | watchfiles.main | 1 change detected
2026-05-29 21:11:37 | INFO     | watchfiles.main | 1 change detected
2026-05-29 21:11:37 | INFO     | watchfiles.main | 1 change detected
2026-05-29 21:11:37 | INFO     | watchfiles.main | 1 change detected
2026-05-29 21:11:38 | INFO     | watchfiles.main | 1 change detected
2026-05-29 21:11:38 | INFO     | watchfiles.main | 1 change detected
2026-05-29 21:11:39 | INFO     | watchfiles.main | 1 change detected
2026-05-29 21:11:39 | INFO     | watchfiles.main | 1 change detected
2026-05-29 21:11:39 | INFO     | watchfiles.main | 1 change detected
2026-05-29 21:11:40 | INFO     | watchfiles.main | 1 change detected
2026-05-29 21:11:40 | INFO     | watchfiles.main | 1 change detected
2026-05-29 21:11:40 | INFO     | watchfiles.main | 1 change detected
2026-05-29 21:11:41 | INFO     | watchfiles.main | 1 change detected
2026-05-29 21:11:41 | INFO     | watchfiles.main | 1 change detected
2026-05-29 21:11:41 | INFO     | watchfiles.main | 1 change detected
2026-05-29 21:11:42 | INFO     | watchfiles.main | 1 change detected
2026-05-29 21:11:42 | INFO     | watchfiles.main | 1 change detected
2026-05-29 21:11:42 | INFO     | watchfiles.main | 1 change detected
2026-05-29 21:11:43 | INFO     | watchfiles.main | 1 change detected
2026-05-29 21:11:43 | INFO     | watchfiles.main | 1 change detected
2026-05-29 21:11:44 | INFO     | watchfiles.main | 1 change detected
2026-05-29 21:11:44 | INFO     | watchfiles.main | 1 change detected
2026-05-29 21:11:44 | INFO     | watchfiles.main | 1 change detected
2026-05-29 21:11:45 | INFO     | watchfiles.main | 1 change detected
2026-05-29 21:11:45 | INFO     | watchfiles.main | 1 change detected
2026-05-29 21:11:45 | INFO     | watchfiles.main | 1 change detected
2026-05-29 21:11:46 | INFO     | watchfiles.main | 1 change detected
2026-05-29 21:11:46 | INFO     | watchfiles.main | 1 change detected
2026-05-29 21:11:46 | INFO     | watchfiles.main | 1 change detected
2026-05-29 21:11:47 | INFO     | watchfiles.main | 1 change detected
2026-05-29 21:11:47 | INFO     | watchfiles.main | 1 change detected
2026-05-29 21:11:48 | INFO     | watchfiles.main | 1 change detected
2026-05-29 21:11:48 | INFO     | watchfiles.main | 1 change detected
2026-05-29 21:11:48 | INFO     | watchfiles.main | 1 change detected
2026-05-29 21:11:49 | INFO     | watchfiles.main | 1 change detected
2026-05-29 21:11:49 | INFO     | watchfiles.main | 1 change detected
2026-05-29 21:11:49 | INFO     | watchfiles.main | 1 change detected
2026-05-29 21:11:50 | INFO     | watchfiles.main | 1 change detected
2026-05-29 21:11:50 | INFO     | watchfiles.main | 1 change detected
2026-05-29 21:11:50 | INFO     | watchfiles.main | 1 change detected
2026-05-29 21:11:51 | INFO     | watchfiles.main | 1 change detected
2026-05-29 21:11:51 | INFO     | watchfiles.main | 1 change detected
2026-05-29 21:11:51 | INFO     | watchfiles.main | 1 change detected
2026-05-29 21:11:52 | INFO     | watchfiles.main | 1 change detected
2026-05-29 21:11:52 | INFO     | watchfiles.main | 1 change detected
2026-05-29 21:11:53 | INFO     | watchfiles.main | 1 change detected
2026-05-29 21:11:53 | INFO     | watchfiles.main | 1 change detected
2026-05-29 21:11:53 | INFO     | watchfiles.main | 1 change detected
2026-05-29 21:11:54 | INFO     | watchfiles.main | 1 change detected
2026-05-29 21:11:54 | INFO     | watchfiles.main | 1 change detected
2026-05-29 21:11:54 | INFO     | watchfiles.main | 1 change detected
2026-05-29 21:11:55 | INFO     | watchfiles.main | 1 change detected
2026-05-29 21:11:55 | INFO     | watchfiles.main | 1 change detected
2026-05-29 21:11:55 | INFO     | watchfiles.main | 1 change detected
2026-05-29 21:11:56 | INFO     | watchfiles.main | 1 change detected
2026-05-29 21:11:56 | INFO     | watchfiles.main | 1 change detected
2026-05-29 21:11:56 | INFO     | watchfiles.main | 1 change detected
2026-05-29 21:11:57 | INFO     | watchfiles.main | 1 change detected
2026-05-29 21:11:57 | INFO     | watchfiles.main | 1 change detected
2026-05-29 21:11:58 | INFO     | watchfiles.main | 1 change detected
2026-05-29 21:11:58 | INFO     | watchfiles.main | 1 change detected
2026-05-29 21:11:58 | INFO     | watchfiles.main | 1 change detected
2026-05-29 21:11:59 | INFO     | watchfiles.main | 1 change detected
2026-05-29 21:11:59 | INFO     | watchfiles.main | 1 change detected
2026-05-29 21:11:59 | INFO     | watchfiles.main | 1 change detected
2026-05-29 21:12:00 | INFO     | watchfiles.main | 1 change detected
2026-05-29 21:12:00 | INFO     | watchfiles.main | 1 change detected
2026-05-29 21:12:00 | INFO     | watchfiles.main | 1 change detected
2026-05-29 21:12:01 | INFO     | watchfiles.main | 1 change detected
2026-05-29 21:12:01 | INFO     | watchfiles.main | 1 change detected
2026-05-29 21:12:01 | INFO     | watchfiles.main | 1 change detected
2026-05-29 21:12:02 | INFO     | watchfiles.main | 1 change detected
2026-05-29 21:12:02 | INFO     | watchfiles.main | 1 change detected
2026-05-29 21:12:03 | INFO     | watchfiles.main | 1 change detected
2026-05-29 21:12:03 | INFO     | watchfiles.main | 1 change detected
2026-05-29 21:12:03 | INFO     | watchfiles.main | 1 change detected
2026-05-29 21:12:04 | INFO     | watchfiles.main | 1 change detected
2026-05-29 21:12:04 | INFO     | watchfiles.main | 1 change detected
2026-05-29 21:12:04 | INFO     | watchfiles.main | 1 change detected
2026-05-29 21:12:05 | INFO     | watchfiles.main | 1 change detected
2026-05-29 21:12:05 | INFO     | watchfiles.main | 1 change detected
2026-05-29 21:12:05 | INFO     | watchfiles.main | 1 change detected
2026-05-29 21:12:06 | INFO     | watchfiles.main | 1 change detected
2026-05-29 21:12:06 | INFO     | watchfiles.main | 1 change detected
2026-05-29 21:12:07 | INFO     | watchfiles.main | 1 change detected
2026-05-29 21:12:07 | INFO     | watchfiles.main | 1 change detected
2026-05-29 21:12:07 | INFO     | watchfiles.main | 1 change detected
2026-05-29 21:12:08 | INFO     | watchfiles.main | 1 change detected
2026-05-29 21:12:08 | INFO     | watchfiles.main | 1 change detected
2026-05-29 21:12:08 | INFO     | watchfiles.main | 1 change detected
2026-05-29 21:12:09 | INFO     | watchfiles.main | 1 change detected
2026-05-29 21:12:09 | INFO     | watchfiles.main | 1 change detected
2026-05-29 21:12:09 | INFO     | watchfiles.main | 1 change detected
2026-05-29 21:12:10 | INFO     | watchfiles.main | 1 change detected
2026-05-29 21:12:10 | INFO     | watchfiles.main | 1 change detected
2026-05-29 21:12:10 | INFO     | watchfiles.main | 1 change detected
2026-05-29 21:12:11 | INFO     | watchfiles.main | 1 change detected
2026-05-29 21:12:11 | INFO     | watchfiles.main | 1 change detected
2026-05-29 21:12:12 | INFO     | watchfiles.main | 1 change detected
2026-05-29 21:12:12 | INFO     | watchfiles.main | 1 change detected
2026-05-29 21:12:12 | INFO     | watchfiles.main | 1 change detected
2026-05-29 21:12:13 | INFO     | watchfiles.main | 1 change detected
2026-05-29 21:12:13 | INFO     | watchfiles.main | 1 change detected
2026-05-29 21:12:13 | INFO     | watchfiles.main | 1 change detected
2026-05-29 21:12:14 | INFO     | watchfiles.main | 1 change detected
2026-05-29 21:12:14 | INFO     | watchfiles.main | 1 change detected
2026-05-29 21:12:14 | INFO     | watchfiles.main | 1 change detected
2026-05-29 21:12:15 | INFO     | watchfiles.main | 1 change detected
2026-05-29 21:12:15 | INFO     | watchfiles.main | 1 change detected
2026-05-29 21:12:16 | INFO     | watchfiles.main | 1 change detected
2026-05-29 21:12:16 | INFO     | watchfiles.main | 1 change detected
2026-05-29 21:12:16 | INFO     | watchfiles.main | 1 change detected
2026-05-29 21:12:17 | INFO     | watchfiles.main | 1 change detected
2026-05-29 21:12:17 | INFO     | watchfiles.main | 1 change detected
2026-05-29 21:12:17 | INFO     | watchfiles.main | 1 change detected
2026-05-29 21:12:18 | INFO     | watchfiles.main | 1 change detected
2026-05-29 21:12:18 | INFO     | watchfiles.main | 1 change detected
2026-05-29 21:12:18 | INFO     | watchfiles.main | 1 change detected
2026-05-29 21:12:19 | INFO     | watchfiles.main | 1 change detected
2026-05-29 21:12:19 | INFO     | watchfiles.main | 1 change detected
2026-05-29 21:12:19 | INFO     | watchfiles.main | 1 change detected
2026-05-29 21:12:20 | INFO     | watchfiles.main | 1 change detected
2026-05-29 21:12:20 | INFO     | watchfiles.main | 1 change detected
2026-05-29 21:12:21 | INFO     | watchfiles.main | 1 change detected
2026-05-29 21:12:21 | INFO     | watchfiles.main | 1 change detected
2026-05-29 21:12:21 | INFO     | watchfiles.main | 1 change detected
2026-05-29 21:12:22 | INFO     | watchfiles.main | 1 change detected
2026-05-29 21:12:22 | INFO     | watchfiles.main | 1 change detected
2026-05-29 21:12:22 | INFO     | watchfiles.main | 1 change detected
2026-05-29 21:12:23 | INFO     | watchfiles.main | 1 change detected
2026-05-29 21:12:23 | INFO     | watchfiles.main | 1 change detected
2026-05-29 21:12:23 | INFO     | watchfiles.main | 1 change detected
2026-05-29 21:12:24 | INFO     | watchfiles.main | 1 change detected
2026-05-29 21:12:24 | INFO     | watchfiles.main | 1 change detected
2026-05-29 21:12:24 | INFO     | watchfiles.main | 1 change detected
2026-05-29 21:12:25 | INFO     | watchfiles.main | 1 change detected
2026-05-29 21:12:25 | INFO     | watchfiles.main | 1 change detected
2026-05-29 21:12:26 | INFO     | watchfiles.main | 1 change detected
2026-05-29 21:12:26 | INFO     | watchfiles.main | 1 change detected
2026-05-29 21:12:26 | INFO     | watchfiles.main | 1 change detected
2026-05-29 21:12:27 | INFO     | watchfiles.main | 1 change detected
2026-05-29 21:12:27 | INFO     | watchfiles.main | 1 change detected
2026-05-29 21:12:27 | INFO     | watchfiles.main | 1 change detected
2026-05-29 21:12:28 | INFO     | watchfiles.main | 1 change detected
2026-05-29 21:12:28 | INFO     | watchfiles.main | 1 change detected
2026-05-29 21:12:28 | INFO     | watchfiles.main | 1 change detected
2026-05-29 21:12:29 | INFO     | watchfiles.main | 1 change detected
2026-05-29 21:12:29 | INFO     | watchfiles.main | 1 change detected
2026-05-29 21:12:29 | INFO     | watchfiles.main | 1 change detected
2026-05-29 21:12:30 | INFO     | watchfiles.main | 1 change detected
2026-05-29 21:12:30 | INFO     | watchfiles.main | 1 change detected
2026-05-29 21:12:31 | INFO     | watchfiles.main | 1 change detected
2026-05-29 21:12:31 | INFO     | watchfiles.main | 1 change detected
2026-05-29 21:12:31 | INFO     | watchfiles.main | 1 change detected
2026-05-29 21:12:32 | INFO     | watchfiles.main | 1 change detected
2026-05-29 21:12:32 | INFO     | watchfiles.main | 1 change detected
2026-05-29 21:12:32 | INFO     | watchfiles.main | 1 change detected
2026-05-29 21:12:33 | INFO     | watchfiles.main | 1 change detected
2026-05-29 21:12:33 | INFO     | watchfiles.main | 1 change detected
2026-05-29 21:12:33 | INFO     | watchfiles.main | 1 change detected
2026-05-29 21:12:34 | INFO     | watchfiles.main | 1 change detected
2026-05-29 21:12:34 | INFO     | watchfiles.main | 1 change detected
2026-05-29 21:12:34 | INFO     | watchfiles.main | 1 change detected
2026-05-29 21:12:35 | INFO     | watchfiles.main | 1 change detected
2026-05-29 21:12:35 | INFO     | watchfiles.main | 1 change detected
2026-05-29 21:12:36 | INFO     | watchfiles.main | 1 change detected
2026-05-29 21:12:36 | INFO     | watchfiles.main | 1 change detected
2026-05-29 21:12:36 | INFO     | watchfiles.main | 1 change detected
2026-05-29 21:12:37 | INFO     | watchfiles.main | 1 change detected
2026-05-29 21:12:37 | INFO     | watchfiles.main | 1 change detected
2026-05-29 21:12:37 | INFO     | watchfiles.main | 1 change detected
2026-05-29 21:12:38 | INFO     | watchfiles.main | 1 change detected
2026-05-29 21:12:38 | INFO     | watchfiles.main | 1 change detected
2026-05-29 21:12:38 | INFO     | watchfiles.main | 1 change detected
2026-05-29 21:12:39 | INFO     | watchfiles.main | 1 change detected
2026-05-29 21:12:39 | INFO     | watchfiles.main | 1 change detected
2026-05-29 21:12:40 | INFO     | watchfiles.main | 1 change detected
2026-05-29 21:12:40 | INFO     | watchfiles.main | 1 change detected
2026-05-29 21:12:40 | INFO     | watchfiles.main | 1 change detected
2026-05-29 21:12:41 | INFO     | watchfiles.main | 1 change detected
2026-05-29 21:12:41 | INFO     | watchfiles.main | 1 change detected
2026-05-29 21:12:41 | INFO     | watchfiles.main | 1 change detected
2026-05-29 21:12:42 | INFO     | watchfiles.main | 1 change detected
2026-05-29 21:12:42 | INFO     | watchfiles.main | 1 change detected
2026-05-29 21:12:42 | INFO     | watchfiles.main | 1 change detected
2026-05-29 21:12:43 | INFO     | watchfiles.main | 1 change detected
2026-05-29 21:12:43 | INFO     | watchfiles.main | 1 change detected
2026-05-29 21:12:43 | INFO     | watchfiles.main | 1 change detected
2026-05-29 21:12:44 | INFO     | watchfiles.main | 1 change detected
2026-05-29 21:12:44 | INFO     | watchfiles.main | 1 change detected
2026-05-29 21:12:45 | INFO     | watchfiles.main | 1 change detected
2026-05-29 21:12:45 | INFO     | watchfiles.main | 1 change detected
2026-05-29 21:12:45 | INFO     | watchfiles.main | 1 change detected
2026-05-29 21:12:46 | INFO     | watchfiles.main | 1 change detected
2026-05-29 21:12:46 | INFO     | watchfiles.main | 1 change detected
2026-05-29 21:12:46 | INFO     | watchfiles.main | 1 change detected
2026-05-29 21:12:47 | INFO     | watchfiles.main | 1 change detected
2026-05-29 21:12:47 | INFO     | watchfiles.main | 1 change detected
2026-05-29 21:12:47 | INFO     | watchfiles.main | 1 change detected
2026-05-29 21:12:48 | INFO     | watchfiles.main | 1 change detected
2026-05-29 21:12:48 | INFO     | watchfiles.main | 1 change detected
2026-05-29 21:12:48 | INFO     | watchfiles.main | 1 change detected
2026-05-29 21:12:49 | INFO     | watchfiles.main | 1 change detected
2026-05-29 21:12:49 | INFO     | watchfiles.main | 1 change detected
2026-05-29 21:12:50 | INFO     | watchfiles.main | 1 change detected
2026-05-29 21:12:50 | INFO     | watchfiles.main | 1 change detected
2026-05-29 21:12:50 | INFO     | watchfiles.main | 1 change detected
2026-05-29 21:12:51 | INFO     | watchfiles.main | 1 change detected
2026-05-29 21:12:51 | INFO     | watchfiles.main | 1 change detected
2026-05-29 21:12:51 | INFO     | watchfiles.main | 1 change detected
2026-05-29 21:12:52 | INFO     | watchfiles.main | 1 change detected
2026-05-29 21:12:52 | INFO     | watchfiles.main | 1 change detected
2026-05-29 21:12:52 | INFO     | watchfiles.main | 1 change detected
2026-05-29 21:12:53 | INFO     | watchfiles.main | 1 change detected
2026-05-29 21:12:53 | INFO     | watchfiles.main | 1 change detected
2026-05-29 21:12:53 | INFO     | watchfiles.main | 1 change detected
2026-05-29 21:12:54 | INFO     | watchfiles.main | 1 change detected
2026-05-29 21:12:54 | INFO     | watchfiles.main | 1 change detected
2026-05-29 21:12:55 | INFO     | watchfiles.main | 1 change detected
2026-05-29 21:12:56 | INFO     | watchfiles.main | 1 change detected
2026-05-29 21:12:56 | INFO     | watchfiles.main | 1 change detected
2026-05-29 21:12:56 | INFO     | watchfiles.main | 1 change detected
2026-05-29 21:12:57 | INFO     | watchfiles.main | 1 change detected
2026-05-29 21:12:57 | INFO     | watchfiles.main | 1 change detected
2026-05-29 21:12:57 | INFO     | watchfiles.main | 1 change detected
2026-05-29 21:12:58 | INFO     | watchfiles.main | 4 changes detected
2026-05-29 21:12:58 | WARNING  | uvicorn.error | WatchFiles detected changes in '.venv\Lib\site-packages\numpy\testing\__init__.py', '.venv\Lib\site-packages\pandas\tests\groupby\__init__.py', '.venv\Lib\site-packages\markdown_it\rules_core\__init__.py'. Reloading...
2026-05-29 21:12:58 | INFO     | uvicorn.error | Shutting down
2026-05-29 21:12:58 | INFO     | uvicorn.error | Waiting for application shutdown.
2026-05-29 21:12:58 | INFO     | databases | Disconnected from database sqlite+aiosqlite:///posts.db
2026-05-29 21:12:58 | INFO     | main | DB disconnected successfully
2026-05-29 21:12:58 | INFO     | uvicorn.error | Application shutdown complete.
2026-05-29 21:12:58 | INFO     | uvicorn.error | Finished server process [4740]
2026-05-29 21:12:59 | INFO     | watchfiles.main | 1 change detected
2026-05-29 21:13:00 | INFO     | uvicorn.error | Started server process [26640]
2026-05-29 21:13:00 | INFO     | uvicorn.error | Waiting for application startup.
2026-05-29 21:13:00 | INFO     | main | App starting up — connecting to DB
2026-05-29 21:13:00 | INFO     | databases | Connected to database sqlite+aiosqlite:///posts.db
2026-05-29 21:13:00 | INFO     | main | DB connected successfully
2026-05-29 21:13:00 | INFO     | uvicorn.error | Application startup complete.
2026-05-29 21:13:28 | INFO     | watchfiles.main | 1 change detected
2026-05-29 21:13:28 | INFO     | watchfiles.main | 1 change detected
2026-05-29 21:13:29 | INFO     | watchfiles.main | 1 change detected
2026-05-29 21:13:29 | INFO     | watchfiles.main | 1 change detected
2026-05-29 21:13:29 | INFO     | watchfiles.main | 1 change detected
2026-05-29 21:13:30 | INFO     | watchfiles.main | 1 change detected
2026-05-29 21:13:30 | INFO     | watchfiles.main | 1 change detected
2026-05-29 21:13:30 | INFO     | watchfiles.main | 1 change detected
2026-05-29 21:13:31 | INFO     | watchfiles.main | 1 change detected
2026-05-29 21:13:31 | INFO     | watchfiles.main | 1 change detected
2026-05-29 21:13:32 | INFO     | watchfiles.main | 1 change detected
2026-05-29 21:13:32 | INFO     | watchfiles.main | 1 change detected
2026-05-29 21:13:32 | INFO     | watchfiles.main | 1 change detected
2026-05-29 21:13:33 | INFO     | watchfiles.main | 1 change detected
2026-05-29 21:13:33 | INFO     | watchfiles.main | 1 change detected
2026-05-29 21:13:33 | INFO     | watchfiles.main | 1 change detected
2026-05-29 21:13:34 | INFO     | watchfiles.main | 1 change detected
2026-05-29 21:13:34 | INFO     | watchfiles.main | 1 change detected
2026-05-29 21:13:35 | INFO     | watchfiles.main | 1 change detected
2026-05-29 21:13:35 | INFO     | watchfiles.main | 1 change detected
2026-05-29 21:13:35 | INFO     | watchfiles.main | 1 change detected
2026-05-29 21:13:36 | INFO     | watchfiles.main | 1 change detected
2026-05-29 21:13:36 | INFO     | watchfiles.main | 1 change detected
2026-05-29 21:13:36 | INFO     | watchfiles.main | 1 change detected
2026-05-29 21:13:37 | INFO     | watchfiles.main | 1 change detected
2026-05-29 21:13:37 | INFO     | watchfiles.main | 1 change detected
2026-05-29 21:13:37 | INFO     | watchfiles.main | 1 change detected
2026-05-29 21:13:38 | INFO     | watchfiles.main | 1 change detected
2026-05-29 21:13:38 | INFO     | watchfiles.main | 1 change detected
2026-05-29 21:13:38 | INFO     | watchfiles.main | 1 change detected
2026-05-29 21:13:39 | INFO     | watchfiles.main | 1 change detected
2026-05-29 21:13:39 | INFO     | watchfiles.main | 1 change detected
2026-05-29 21:13:40 | INFO     | watchfiles.main | 1 change detected
2026-05-29 21:13:40 | INFO     | watchfiles.main | 1 change detected
2026-05-29 21:13:40 | INFO     | watchfiles.main | 1 change detected
2026-05-29 21:13:41 | INFO     | watchfiles.main | 1 change detected
2026-05-29 21:13:41 | INFO     | watchfiles.main | 1 change detected
2026-05-29 21:13:41 | INFO     | watchfiles.main | 1 change detected
2026-05-29 21:13:42 | INFO     | watchfiles.main | 1 change detected
2026-05-29 21:13:42 | INFO     | watchfiles.main | 1 change detected
2026-05-29 21:13:42 | INFO     | watchfiles.main | 1 change detected
2026-05-29 21:13:43 | INFO     | watchfiles.main | 1 change detected
2026-05-29 21:13:43 | INFO     | watchfiles.main | 1 change detected
2026-05-29 21:13:43 | INFO     | watchfiles.main | 1 change detected
2026-05-29 21:13:44 | INFO     | watchfiles.main | 1 change detected
2026-05-29 21:13:44 | INFO     | watchfiles.main | 1 change detected
2026-05-29 21:13:45 | INFO     | watchfiles.main | 1 change detected
2026-05-29 21:13:45 | INFO     | watchfiles.main | 1 change detected
2026-05-29 21:13:45 | INFO     | watchfiles.main | 1 change detected
2026-05-29 21:13:46 | INFO     | watchfiles.main | 1 change detected
2026-05-29 21:13:46 | INFO     | watchfiles.main | 1 change detected
2026-05-29 21:13:46 | INFO     | watchfiles.main | 1 change detected
2026-05-29 21:13:47 | INFO     | watchfiles.main | 1 change detected
2026-05-29 21:13:47 | INFO     | watchfiles.main | 1 change detected
2026-05-29 21:13:47 | INFO     | watchfiles.main | 1 change detected
2026-05-29 21:13:48 | INFO     | watchfiles.main | 1 change detected
2026-05-29 21:13:48 | INFO     | watchfiles.main | 1 change detected
2026-05-29 21:13:48 | INFO     | watchfiles.main | 1 change detected
2026-05-29 21:13:49 | INFO     | watchfiles.main | 1 change detected
2026-05-29 21:13:49 | INFO     | watchfiles.main | 1 change detected
2026-05-29 21:13:49 | INFO     | watchfiles.main | 1 change detected
2026-05-29 21:13:50 | INFO     | watchfiles.main | 1 change detected
2026-05-29 21:13:50 | INFO     | watchfiles.main | 1 change detected
2026-05-29 21:13:51 | INFO     | watchfiles.main | 1 change detected
2026-05-29 21:13:51 | INFO     | watchfiles.main | 1 change detected
2026-05-29 21:13:51 | INFO     | watchfiles.main | 1 change detected
2026-05-29 21:13:52 | INFO     | watchfiles.main | 1 change detected
2026-05-29 21:13:52 | INFO     | watchfiles.main | 1 change detected
2026-05-29 21:13:52 | INFO     | watchfiles.main | 1 change detected
2026-05-29 21:13:53 | INFO     | watchfiles.main | 1 change detected
2026-05-29 21:13:53 | INFO     | watchfiles.main | 1 change detected
2026-05-29 21:13:53 | INFO     | watchfiles.main | 1 change detected
2026-05-29 21:13:54 | INFO     | watchfiles.main | 1 change detected
2026-05-29 21:13:54 | INFO     | watchfiles.main | 1 change detected
2026-05-29 21:13:54 | INFO     | watchfiles.main | 1 change detected
2026-05-29 21:13:55 | INFO     | watchfiles.main | 1 change detected
2026-05-29 21:13:55 | INFO     | watchfiles.main | 1 change detected
2026-05-29 21:13:56 | INFO     | watchfiles.main | 1 change detected
2026-05-29 21:13:56 | INFO     | watchfiles.main | 1 change detected
2026-05-29 21:13:56 | INFO     | watchfiles.main | 1 change detected
2026-05-29 21:13:57 | INFO     | watchfiles.main | 1 change detected
2026-05-29 21:13:57 | INFO     | watchfiles.main | 1 change detected
2026-05-29 21:13:57 | INFO     | watchfiles.main | 1 change detected
2026-05-29 21:13:58 | INFO     | watchfiles.main | 1 change detected
2026-05-29 21:13:58 | INFO     | watchfiles.main | 1 change detected
2026-05-29 21:13:58 | INFO     | watchfiles.main | 1 change detected
2026-05-29 21:13:59 | INFO     | watchfiles.main | 1 change detected
2026-05-29 21:13:59 | INFO     | watchfiles.main | 1 change detected
2026-05-29 21:13:59 | INFO     | watchfiles.main | 1 change detected
2026-05-29 21:14:00 | INFO     | watchfiles.main | 1 change detected
2026-05-29 21:14:00 | INFO     | watchfiles.main | 1 change detected
2026-05-29 21:14:00 | INFO     | watchfiles.main | 1 change detected
2026-05-29 21:14:01 | INFO     | watchfiles.main | 1 change detected
2026-05-29 21:14:01 | INFO     | watchfiles.main | 1 change detected
2026-05-29 21:14:02 | INFO     | watchfiles.main | 1 change detected
2026-05-29 21:14:02 | INFO     | watchfiles.main | 1 change detected
2026-05-29 21:14:02 | INFO     | watchfiles.main | 1 change detected
2026-05-29 21:14:03 | INFO     | watchfiles.main | 1 change detected
2026-05-29 21:14:03 | INFO     | watchfiles.main | 1 change detected
2026-05-29 21:14:03 | INFO     | watchfiles.main | 1 change detected
2026-05-29 21:14:04 | INFO     | watchfiles.main | 1 change detected
2026-05-29 21:14:04 | INFO     | watchfiles.main | 1 change detected
2026-05-29 21:14:04 | INFO     | watchfiles.main | 1 change detected
2026-05-29 21:14:05 | INFO     | watchfiles.main | 1 change detected
2026-05-29 21:14:05 | INFO     | watchfiles.main | 1 change detected
2026-05-29 21:14:05 | INFO     | watchfiles.main | 1 change detected
2026-05-29 21:14:06 | INFO     | watchfiles.main | 1 change detected
2026-05-29 21:14:06 | INFO     | watchfiles.main | 1 change detected
2026-05-29 21:14:07 | INFO     | watchfiles.main | 1 change detected
2026-05-29 21:14:07 | INFO     | watchfiles.main | 1 change detected
2026-05-29 21:14:07 | INFO     | watchfiles.main | 1 change detected
2026-05-29 21:14:08 | INFO     | watchfiles.main | 1 change detected
2026-05-29 21:14:08 | INFO     | watchfiles.main | 1 change detected
2026-05-29 21:14:08 | INFO     | watchfiles.main | 1 change detected
2026-05-29 21:14:09 | INFO     | watchfiles.main | 1 change detected
2026-05-29 21:14:09 | INFO     | watchfiles.main | 1 change detected
2026-05-29 21:14:09 | INFO     | watchfiles.main | 1 change detected
2026-05-29 21:14:10 | INFO     | watchfiles.main | 1 change detected
2026-05-29 21:14:10 | INFO     | watchfiles.main | 1 change detected
2026-05-29 21:14:10 | INFO     | watchfiles.main | 1 change detected
2026-05-29 21:14:11 | INFO     | watchfiles.main | 1 change detected
2026-05-29 21:14:11 | INFO     | watchfiles.main | 1 change detected
2026-05-29 21:14:11 | INFO     | watchfiles.main | 1 change detected
2026-05-29 21:14:12 | INFO     | watchfiles.main | 1 change detected
2026-05-29 21:14:12 | INFO     | watchfiles.main | 1 change detected
2026-05-29 21:14:13 | INFO     | watchfiles.main | 1 change detected
2026-05-29 21:14:13 | INFO     | watchfiles.main | 1 change detected
2026-05-29 21:14:13 | INFO     | watchfiles.main | 1 change detected
2026-05-29 21:14:14 | INFO     | watchfiles.main | 1 change detected
2026-05-29 21:14:14 | INFO     | watchfiles.main | 1 change detected
2026-05-29 21:14:14 | INFO     | watchfiles.main | 1 change detected
2026-05-29 21:14:15 | INFO     | watchfiles.main | 1 change detected
2026-05-29 21:14:15 | INFO     | watchfiles.main | 1 change detected
2026-05-29 21:14:15 | INFO     | watchfiles.main | 1 change detected
2026-05-29 21:14:16 | INFO     | watchfiles.main | 1 change detected
2026-05-29 21:14:16 | INFO     | watchfiles.main | 1 change detected
2026-05-29 21:14:16 | INFO     | watchfiles.main | 1 change detected
2026-05-29 21:14:17 | INFO     | watchfiles.main | 1 change detected
2026-05-29 21:14:17 | INFO     | watchfiles.main | 1 change detected
2026-05-29 21:14:18 | INFO     | watchfiles.main | 1 change detected
2026-05-29 21:14:18 | INFO     | watchfiles.main | 1 change detected
2026-05-29 21:14:18 | INFO     | watchfiles.main | 1 change detected
2026-05-29 21:14:19 | INFO     | watchfiles.main | 1 change detected
2026-05-29 21:14:19 | INFO     | watchfiles.main | 1 change detected
2026-05-29 21:14:19 | INFO     | watchfiles.main | 1 change detected
2026-05-29 21:14:20 | INFO     | watchfiles.main | 1 change detected
2026-05-29 21:14:20 | INFO     | watchfiles.main | 1 change detected
2026-05-29 21:14:20 | INFO     | watchfiles.main | 1 change detected
2026-05-29 21:14:21 | INFO     | watchfiles.main | 1 change detected
2026-05-29 21:14:21 | INFO     | watchfiles.main | 1 change detected
2026-05-29 21:14:21 | INFO     | watchfiles.main | 1 change detected
2026-05-29 21:14:22 | INFO     | watchfiles.main | 1 change detected
2026-05-29 21:14:22 | INFO     | watchfiles.main | 1 change detected
2026-05-29 21:14:22 | INFO     | watchfiles.main | 1 change detected
2026-05-29 21:14:23 | INFO     | watchfiles.main | 1 change detected
2026-05-29 21:14:23 | INFO     | watchfiles.main | 1 change detected
2026-05-29 21:14:24 | INFO     | watchfiles.main | 1 change detected
2026-05-29 21:14:24 | INFO     | watchfiles.main | 1 change detected
2026-05-29 21:14:24 | INFO     | watchfiles.main | 1 change detected
2026-05-29 21:14:25 | INFO     | watchfiles.main | 1 change detected
2026-05-29 21:14:25 | INFO     | watchfiles.main | 1 change detected
2026-05-29 21:14:25 | INFO     | watchfiles.main | 1 change detected
2026-05-29 21:14:26 | INFO     | watchfiles.main | 1 change detected
2026-05-29 21:14:26 | INFO     | watchfiles.main | 1 change detected
2026-05-29 21:14:26 | INFO     | watchfiles.main | 1 change detected
2026-05-29 21:14:27 | INFO     | watchfiles.main | 1 change detected
2026-05-29 21:14:27 | INFO     | watchfiles.main | 1 change detected
2026-05-29 21:14:27 | INFO     | watchfiles.main | 1 change detected
2026-05-29 21:14:28 | INFO     | watchfiles.main | 1 change detected
2026-05-29 21:14:28 | INFO     | watchfiles.main | 1 change detected
2026-05-29 21:14:29 | INFO     | watchfiles.main | 1 change detected
2026-05-29 21:14:29 | INFO     | watchfiles.main | 1 change detected
2026-05-29 21:14:29 | INFO     | watchfiles.main | 1 change detected
2026-05-29 21:14:30 | INFO     | watchfiles.main | 1 change detected
2026-05-29 21:14:30 | INFO     | watchfiles.main | 1 change detected
2026-05-29 21:14:30 | INFO     | watchfiles.main | 1 change detected
2026-05-29 21:14:31 | INFO     | watchfiles.main | 1 change detected
2026-05-29 21:14:31 | INFO     | watchfiles.main | 1 change detected
2026-05-29 21:14:31 | INFO     | watchfiles.main | 1 change detected
2026-05-29 21:14:32 | INFO     | watchfiles.main | 1 change detected
2026-05-29 21:14:32 | INFO     | watchfiles.main | 1 change detected
2026-05-29 21:14:32 | INFO     | watchfiles.main | 1 change detected
2026-05-29 21:14:33 | INFO     | watchfiles.main | 1 change detected
2026-05-29 21:14:33 | INFO     | watchfiles.main | 1 change detected
2026-05-29 21:14:33 | INFO     | watchfiles.main | 1 change detected
2026-05-29 21:14:34 | INFO     | watchfiles.main | 1 change detected
2026-05-29 21:14:34 | INFO     | watchfiles.main | 1 change detected
2026-05-29 21:14:35 | INFO     | watchfiles.main | 1 change detected
2026-05-29 21:14:35 | INFO     | watchfiles.main | 1 change detected
2026-05-29 21:14:35 | INFO     | watchfiles.main | 1 change detected
2026-05-29 21:14:36 | INFO     | watchfiles.main | 1 change detected
2026-05-29 21:14:36 | INFO     | watchfiles.main | 1 change detected
2026-05-29 21:14:36 | INFO     | watchfiles.main | 1 change detected
2026-05-29 21:14:37 | INFO     | watchfiles.main | 1 change detected
2026-05-29 21:14:37 | INFO     | watchfiles.main | 1 change detected
2026-05-29 21:14:37 | INFO     | watchfiles.main | 1 change detected
2026-05-29 21:14:38 | INFO     | watchfiles.main | 1 change detected
2026-05-29 21:14:38 | INFO     | watchfiles.main | 1 change detected
2026-05-29 21:14:38 | INFO     | watchfiles.main | 1 change detected
2026-05-29 21:14:39 | INFO     | watchfiles.main | 1 change detected
2026-05-29 21:14:39 | INFO     | watchfiles.main | 1 change detected
2026-05-29 21:14:40 | INFO     | watchfiles.main | 1 change detected
2026-05-29 21:14:40 | INFO     | watchfiles.main | 1 change detected
2026-05-29 21:14:40 | INFO     | watchfiles.main | 1 change detected
2026-05-29 21:14:41 | INFO     | watchfiles.main | 1 change detected
2026-05-29 21:14:41 | INFO     | watchfiles.main | 1 change detected
2026-05-29 21:14:41 | INFO     | watchfiles.main | 1 change detected
2026-05-29 21:14:42 | INFO     | watchfiles.main | 1 change detected
2026-05-29 21:14:42 | INFO     | watchfiles.main | 1 change detected
2026-05-29 21:14:42 | INFO     | watchfiles.main | 1 change detected
2026-05-29 21:14:43 | INFO     | watchfiles.main | 1 change detected
2026-05-29 21:14:43 | INFO     | watchfiles.main | 1 change detected
2026-05-29 21:14:43 | INFO     | watchfiles.main | 1 change detected
2026-05-29 21:14:44 | INFO     | watchfiles.main | 1 change detected
2026-05-29 21:14:44 | INFO     | watchfiles.main | 1 change detected
2026-05-29 21:14:44 | INFO     | watchfiles.main | 1 change detected
2026-05-29 21:14:45 | INFO     | watchfiles.main | 1 change detected
2026-05-29 21:14:45 | INFO     | watchfiles.main | 1 change detected
2026-05-29 21:14:46 | INFO     | watchfiles.main | 1 change detected
2026-05-29 21:14:46 | INFO     | watchfiles.main | 1 change detected
2026-05-29 21:14:46 | INFO     | watchfiles.main | 1 change detected
2026-05-29 21:14:47 | INFO     | watchfiles.main | 1 change detected
2026-05-29 21:14:47 | INFO     | watchfiles.main | 1 change detected
2026-05-29 21:14:47 | INFO     | watchfiles.main | 1 change detected
2026-05-29 21:14:48 | INFO     | watchfiles.main | 1 change detected
2026-05-29 21:14:48 | INFO     | watchfiles.main | 1 change detected
2026-05-29 21:14:48 | INFO     | watchfiles.main | 1 change detected
2026-05-29 21:14:49 | INFO     | watchfiles.main | 1 change detected
2026-05-29 21:14:49 | INFO     | watchfiles.main | 1 change detected
2026-05-29 21:14:49 | INFO     | watchfiles.main | 1 change detected
2026-05-29 21:14:50 | INFO     | watchfiles.main | 1 change detected
2026-05-29 21:14:50 | INFO     | watchfiles.main | 1 change detected
2026-05-29 21:14:51 | INFO     | watchfiles.main | 1 change detected
2026-05-29 21:14:51 | INFO     | watchfiles.main | 1 change detected
2026-05-29 21:14:51 | INFO     | watchfiles.main | 1 change detected
2026-05-29 21:14:52 | INFO     | watchfiles.main | 1 change detected
2026-05-29 21:14:52 | INFO     | watchfiles.main | 1 change detected
2026-05-29 21:14:52 | INFO     | watchfiles.main | 1 change detected
2026-05-29 21:14:53 | INFO     | watchfiles.main | 1 change detected
2026-05-29 21:14:53 | INFO     | watchfiles.main | 1 change detected
2026-05-29 21:14:53 | INFO     | watchfiles.main | 1 change detected
2026-05-29 21:14:54 | INFO     | watchfiles.main | 1 change detected
2026-05-29 21:14:54 | INFO     | watchfiles.main | 1 change detected
2026-05-29 21:14:54 | INFO     | watchfiles.main | 1 change detected
2026-05-29 21:14:55 | INFO     | watchfiles.main | 1 change detected
2026-05-29 21:14:55 | INFO     | watchfiles.main | 1 change detected
2026-05-29 21:14:56 | INFO     | watchfiles.main | 1 change detected
2026-05-29 21:14:56 | INFO     | watchfiles.main | 1 change detected
2026-05-29 21:14:56 | INFO     | watchfiles.main | 1 change detected
2026-05-29 21:14:57 | INFO     | watchfiles.main | 1 change detected
2026-05-29 21:14:57 | INFO     | watchfiles.main | 1 change detected
2026-05-29 21:14:57 | INFO     | watchfiles.main | 1 change detected
2026-05-29 21:14:58 | INFO     | watchfiles.main | 1 change detected
2026-05-29 21:14:58 | INFO     | watchfiles.main | 1 change detected
2026-05-29 21:14:59 | INFO     | watchfiles.main | 1 change detected
2026-05-29 21:14:59 | INFO     | watchfiles.main | 1 change detected
2026-05-29 21:14:59 | INFO     | watchfiles.main | 1 change detected
2026-05-29 21:15:00 | INFO     | watchfiles.main | 1 change detected
2026-05-29 21:15:00 | INFO     | watchfiles.main | 1 change detected
2026-05-29 21:15:00 | INFO     | watchfiles.main | 1 change detected
2026-05-29 21:15:01 | INFO     | watchfiles.main | 1 change detected
2026-05-29 21:15:01 | INFO     | watchfiles.main | 1 change detected
2026-05-29 21:15:01 | INFO     | watchfiles.main | 1 change detected
2026-05-29 21:15:02 | INFO     | watchfiles.main | 1 change detected
2026-05-29 21:15:02 | INFO     | watchfiles.main | 1 change detected
2026-05-29 21:15:02 | INFO     | watchfiles.main | 1 change detected
2026-05-29 21:15:03 | INFO     | watchfiles.main | 1 change detected
2026-05-29 21:15:03 | INFO     | watchfiles.main | 1 change detected
2026-05-29 21:15:04 | INFO     | watchfiles.main | 1 change detected
2026-05-29 21:15:04 | INFO     | watchfiles.main | 1 change detected
2026-05-29 21:15:04 | INFO     | watchfiles.main | 1 change detected
2026-05-29 21:15:05 | INFO     | watchfiles.main | 1 change detected
2026-05-29 21:15:05 | INFO     | watchfiles.main | 1 change detected
2026-05-29 21:15:05 | INFO     | watchfiles.main | 1 change detected
2026-05-29 21:15:06 | INFO     | watchfiles.main | 1 change detected
2026-05-29 21:15:06 | INFO     | watchfiles.main | 1 change detected
2026-05-29 21:15:06 | INFO     | watchfiles.main | 1 change detected
2026-05-29 21:15:07 | INFO     | watchfiles.main | 1 change detected
2026-05-29 21:15:07 | INFO     | watchfiles.main | 1 change detected
2026-05-29 21:15:07 | INFO     | watchfiles.main | 1 change detected
2026-05-29 21:15:08 | INFO     | watchfiles.main | 1 change detected
2026-05-29 21:15:08 | INFO     | watchfiles.main | 1 change detected
2026-05-29 21:15:09 | INFO     | watchfiles.main | 1 change detected
2026-05-29 21:15:09 | INFO     | watchfiles.main | 1 change detected
2026-05-29 21:15:09 | INFO     | watchfiles.main | 1 change detected
2026-05-29 21:15:10 | INFO     | watchfiles.main | 1 change detected
2026-05-29 21:15:10 | INFO     | watchfiles.main | 1 change detected
2026-05-29 21:15:10 | INFO     | watchfiles.main | 1 change detected
2026-05-29 21:15:11 | INFO     | watchfiles.main | 1 change detected
2026-05-29 21:15:11 | INFO     | watchfiles.main | 1 change detected
2026-05-29 21:15:11 | INFO     | watchfiles.main | 1 change detected
2026-05-29 21:15:12 | INFO     | watchfiles.main | 1 change detected
2026-05-29 21:15:12 | INFO     | watchfiles.main | 1 change detected
2026-05-29 21:15:12 | INFO     | watchfiles.main | 1 change detected
2026-05-29 21:15:13 | INFO     | watchfiles.main | 1 change detected
2026-05-29 21:15:13 | INFO     | watchfiles.main | 1 change detected
2026-05-29 21:15:13 | INFO     | watchfiles.main | 1 change detected
2026-05-29 21:15:14 | INFO     | watchfiles.main | 1 change detected
2026-05-29 21:15:14 | INFO     | watchfiles.main | 1 change detected
2026-05-29 21:15:15 | INFO     | watchfiles.main | 1 change detected
2026-05-29 21:15:15 | INFO     | watchfiles.main | 1 change detected
2026-05-29 21:15:15 | INFO     | watchfiles.main | 1 change detected
2026-05-29 21:15:16 | INFO     | watchfiles.main | 1 change detected
2026-05-29 21:15:16 | INFO     | watchfiles.main | 1 change detected
2026-05-29 21:15:16 | INFO     | watchfiles.main | 1 change detected
2026-05-29 21:15:17 | INFO     | watchfiles.main | 1 change detected
2026-05-29 21:15:17 | INFO     | watchfiles.main | 1 change detected
2026-05-29 21:15:17 | INFO     | watchfiles.main | 1 change detected
2026-05-29 21:15:18 | INFO     | watchfiles.main | 1 change detected
2026-05-29 21:15:18 | INFO     | watchfiles.main | 1 change detected
2026-05-29 21:15:18 | INFO     | watchfiles.main | 1 change detected
2026-05-29 21:15:19 | INFO     | watchfiles.main | 1 change detected
2026-05-29 21:15:19 | INFO     | watchfiles.main | 1 change detected
2026-05-29 21:15:20 | INFO     | watchfiles.main | 1 change detected
2026-05-29 21:15:20 | INFO     | watchfiles.main | 1 change detected
2026-05-29 21:15:20 | INFO     | watchfiles.main | 1 change detected
2026-05-29 21:15:21 | INFO     | watchfiles.main | 1 change detected
2026-05-29 21:15:21 | INFO     | watchfiles.main | 1 change detected
2026-05-29 21:15:21 | INFO     | watchfiles.main | 1 change detected
2026-05-29 21:15:22 | INFO     | watchfiles.main | 1 change detected
2026-05-29 21:15:22 | INFO     | watchfiles.main | 1 change detected
2026-05-29 21:15:22 | INFO     | watchfiles.main | 1 change detected
2026-05-29 21:15:23 | INFO     | watchfiles.main | 1 change detected
2026-05-29 21:15:23 | INFO     | watchfiles.main | 1 change detected
2026-05-29 21:15:23 | INFO     | watchfiles.main | 1 change detected
2026-05-29 21:15:24 | INFO     | watchfiles.main | 1 change detected
2026-05-29 21:15:24 | INFO     | watchfiles.main | 1 change detected
2026-05-29 21:15:24 | INFO     | watchfiles.main | 1 change detected
2026-05-29 21:15:25 | INFO     | watchfiles.main | 1 change detected
2026-05-29 21:15:25 | INFO     | watchfiles.main | 1 change detected
2026-05-29 21:15:26 | INFO     | watchfiles.main | 1 change detected
2026-05-29 21:15:26 | INFO     | watchfiles.main | 1 change detected
2026-05-29 21:15:26 | INFO     | watchfiles.main | 1 change detected
2026-05-29 21:15:27 | INFO     | watchfiles.main | 1 change detected
2026-05-29 21:15:27 | INFO     | watchfiles.main | 1 change detected
2026-05-29 21:15:27 | INFO     | watchfiles.main | 1 change detected
2026-05-29 21:15:28 | INFO     | watchfiles.main | 1 change detected
2026-05-29 21:15:28 | INFO     | watchfiles.main | 1 change detected
2026-05-29 21:15:28 | INFO     | watchfiles.main | 1 change detected
2026-05-29 21:15:29 | INFO     | watchfiles.main | 1 change detected
2026-05-29 21:15:29 | INFO     | watchfiles.main | 1 change detected
2026-05-29 21:15:29 | INFO     | watchfiles.main | 1 change detected
2026-05-29 21:15:30 | INFO     | watchfiles.main | 1 change detected
2026-05-29 21:15:30 | INFO     | watchfiles.main | 1 change detected
2026-05-29 21:15:31 | INFO     | watchfiles.main | 1 change detected
2026-05-29 21:15:31 | INFO     | watchfiles.main | 1 change detected
2026-05-29 21:15:31 | INFO     | watchfiles.main | 1 change detected
2026-05-29 21:15:32 | INFO     | watchfiles.main | 1 change detected
2026-05-29 21:15:32 | INFO     | watchfiles.main | 1 change detected
2026-05-29 21:15:32 | INFO     | watchfiles.main | 1 change detected
2026-05-29 21:15:33 | INFO     | watchfiles.main | 1 change detected
2026-05-29 21:15:33 | INFO     | watchfiles.main | 1 change detected
2026-05-29 21:15:33 | INFO     | watchfiles.main | 1 change detected
2026-05-29 21:15:34 | INFO     | watchfiles.main | 1 change detected
2026-05-29 21:15:34 | INFO     | watchfiles.main | 1 change detected
2026-05-29 21:15:34 | INFO     | watchfiles.main | 1 change detected
2026-05-29 21:15:35 | INFO     | watchfiles.main | 1 change detected
2026-05-29 21:15:35 | INFO     | watchfiles.main | 1 change detected
2026-05-29 21:15:35 | INFO     | watchfiles.main | 1 change detected
2026-05-29 21:15:36 | INFO     | watchfiles.main | 1 change detected
2026-05-29 21:15:36 | INFO     | watchfiles.main | 1 change detected
2026-05-29 21:15:37 | INFO     | watchfiles.main | 1 change detected
2026-05-29 21:15:37 | INFO     | watchfiles.main | 1 change detected
2026-05-29 21:15:37 | INFO     | watchfiles.main | 1 change detected
2026-05-29 21:15:38 | INFO     | watchfiles.main | 1 change detected
2026-05-29 21:15:38 | INFO     | watchfiles.main | 1 change detected
2026-05-29 21:15:38 | INFO     | watchfiles.main | 1 change detected
2026-05-29 21:15:39 | INFO     | watchfiles.main | 1 change detected
2026-05-29 21:15:39 | INFO     | watchfiles.main | 1 change detected
2026-05-29 21:15:39 | INFO     | watchfiles.main | 1 change detected
2026-05-29 21:15:40 | INFO     | watchfiles.main | 1 change detected
2026-05-29 21:15:40 | INFO     | watchfiles.main | 1 change detected
2026-05-29 21:15:40 | INFO     | watchfiles.main | 1 change detected
2026-05-29 21:15:41 | INFO     | watchfiles.main | 1 change detected
2026-05-29 21:15:41 | INFO     | watchfiles.main | 1 change detected
2026-05-29 21:15:42 | INFO     | watchfiles.main | 1 change detected
2026-05-29 21:15:42 | INFO     | watchfiles.main | 1 change detected
2026-05-29 21:15:42 | INFO     | watchfiles.main | 1 change detected
2026-05-29 21:15:43 | INFO     | watchfiles.main | 1 change detected
2026-05-29 21:15:43 | INFO     | watchfiles.main | 1 change detected
2026-05-29 21:15:43 | INFO     | watchfiles.main | 1 change detected
2026-05-29 21:15:44 | INFO     | watchfiles.main | 1 change detected
2026-05-29 21:15:44 | INFO     | watchfiles.main | 1 change detected
2026-05-29 21:15:44 | INFO     | watchfiles.main | 1 change detected
2026-05-29 21:15:45 | INFO     | watchfiles.main | 1 change detected
2026-05-29 21:15:45 | INFO     | watchfiles.main | 1 change detected
2026-05-29 21:15:45 | INFO     | watchfiles.main | 1 change detected
2026-05-29 21:15:46 | INFO     | watchfiles.main | 1 change detected
2026-05-29 21:15:46 | INFO     | watchfiles.main | 1 change detected
2026-05-29 21:15:47 | INFO     | watchfiles.main | 1 change detected
2026-05-29 21:15:47 | INFO     | watchfiles.main | 1 change detected
2026-05-29 21:15:47 | INFO     | watchfiles.main | 1 change detected
2026-05-29 21:15:48 | INFO     | watchfiles.main | 1 change detected
2026-05-29 21:15:48 | INFO     | watchfiles.main | 1 change detected
2026-05-29 21:15:48 | INFO     | watchfiles.main | 1 change detected
2026-05-29 21:15:49 | INFO     | watchfiles.main | 1 change detected
2026-05-29 21:15:49 | INFO     | watchfiles.main | 1 change detected
2026-05-29 21:15:49 | INFO     | watchfiles.main | 1 change detected
2026-05-29 21:15:50 | INFO     | watchfiles.main | 1 change detected
2026-05-29 21:15:50 | INFO     | watchfiles.main | 1 change detected
2026-05-29 21:15:50 | INFO     | watchfiles.main | 1 change detected
2026-05-29 21:15:51 | INFO     | watchfiles.main | 1 change detected
2026-05-29 21:15:51 | INFO     | watchfiles.main | 1 change detected
2026-05-29 21:15:51 | INFO     | watchfiles.main | 1 change detected
2026-05-29 21:15:52 | INFO     | watchfiles.main | 1 change detected
2026-05-29 21:15:52 | INFO     | watchfiles.main | 1 change detected
2026-05-29 21:15:53 | INFO     | watchfiles.main | 1 change detected
2026-05-29 21:15:53 | INFO     | watchfiles.main | 1 change detected
2026-05-29 21:15:53 | INFO     | watchfiles.main | 1 change detected
2026-05-29 21:15:54 | INFO     | watchfiles.main | 1 change detected
2026-05-29 21:15:54 | INFO     | watchfiles.main | 1 change detected
2026-05-29 21:15:54 | INFO     | watchfiles.main | 1 change detected
2026-05-29 21:15:55 | INFO     | watchfiles.main | 1 change detected
2026-05-29 21:15:55 | INFO     | watchfiles.main | 1 change detected
2026-05-29 21:15:55 | INFO     | watchfiles.main | 1 change detected
2026-05-29 21:15:56 | INFO     | watchfiles.main | 1 change detected
2026-05-29 21:15:56 | INFO     | watchfiles.main | 1 change detected
2026-05-29 21:15:56 | INFO     | watchfiles.main | 1 change detected
2026-05-29 21:15:57 | INFO     | watchfiles.main | 1 change detected
2026-05-29 21:15:57 | INFO     | watchfiles.main | 1 change detected
2026-05-29 21:15:58 | INFO     | watchfiles.main | 1 change detected
2026-05-29 21:15:58 | INFO     | watchfiles.main | 1 change detected
2026-05-29 21:15:58 | INFO     | watchfiles.main | 1 change detected
2026-05-29 21:15:59 | INFO     | watchfiles.main | 1 change detected
2026-05-29 21:15:59 | INFO     | watchfiles.main | 1 change detected
2026-05-29 21:15:59 | INFO     | watchfiles.main | 1 change detected
2026-05-29 21:16:00 | INFO     | watchfiles.main | 1 change detected
2026-05-29 21:16:00 | INFO     | watchfiles.main | 1 change detected
2026-05-29 21:16:00 | INFO     | watchfiles.main | 1 change detected
2026-05-29 21:16:01 | INFO     | watchfiles.main | 1 change detected
2026-05-29 21:16:01 | INFO     | watchfiles.main | 1 change detected
2026-05-29 21:16:01 | INFO     | watchfiles.main | 1 change detected
2026-05-29 21:16:02 | INFO     | watchfiles.main | 1 change detected
2026-05-29 21:16:02 | INFO     | watchfiles.main | 1 change detected
2026-05-29 21:16:03 | INFO     | watchfiles.main | 1 change detected
2026-05-29 21:16:03 | INFO     | watchfiles.main | 1 change detected
2026-05-29 21:16:03 | INFO     | watchfiles.main | 1 change detected
2026-05-29 21:16:04 | INFO     | watchfiles.main | 1 change detected
2026-05-29 21:16:04 | INFO     | watchfiles.main | 1 change detected
2026-05-29 21:16:04 | INFO     | watchfiles.main | 1 change detected
2026-05-29 21:16:05 | INFO     | watchfiles.main | 1 change detected
2026-05-29 21:16:05 | INFO     | watchfiles.main | 1 change detected
2026-05-29 21:16:05 | INFO     | watchfiles.main | 1 change detected
2026-05-29 21:16:06 | INFO     | watchfiles.main | 1 change detected
2026-05-29 21:16:06 | INFO     | watchfiles.main | 1 change detected
2026-05-29 21:16:06 | INFO     | watchfiles.main | 1 change detected
2026-05-29 21:16:07 | INFO     | watchfiles.main | 1 change detected
2026-05-29 21:16:07 | INFO     | watchfiles.main | 1 change detected
2026-05-29 21:16:08 | INFO     | watchfiles.main | 1 change detected
2026-05-29 21:16:08 | INFO     | watchfiles.main | 1 change detected
2026-05-29 21:16:08 | INFO     | watchfiles.main | 1 change detected
2026-05-29 21:16:09 | INFO     | watchfiles.main | 1 change detected
2026-05-29 21:16:09 | INFO     | watchfiles.main | 1 change detected
2026-05-29 21:16:09 | INFO     | watchfiles.main | 1 change detected
2026-05-29 21:16:10 | INFO     | watchfiles.main | 1 change detected
2026-05-29 21:16:10 | INFO     | watchfiles.main | 1 change detected
2026-05-29 21:16:10 | INFO     | watchfiles.main | 1 change detected
2026-05-29 21:16:11 | INFO     | watchfiles.main | 1 change detected
2026-05-29 21:16:11 | INFO     | watchfiles.main | 1 change detected
2026-05-29 21:16:11 | INFO     | watchfiles.main | 1 change detected
2026-05-29 21:16:12 | INFO     | watchfiles.main | 1 change detected
2026-05-29 21:16:12 | INFO     | watchfiles.main | 1 change detected
2026-05-29 21:16:12 | INFO     | watchfiles.main | 1 change detected
2026-05-29 21:16:13 | INFO     | watchfiles.main | 1 change detected
2026-05-29 21:16:13 | INFO     | watchfiles.main | 1 change detected
2026-05-29 21:16:14 | INFO     | watchfiles.main | 1 change detected
2026-05-29 21:16:14 | INFO     | watchfiles.main | 1 change detected
2026-05-29 21:16:14 | INFO     | watchfiles.main | 1 change detected
2026-05-29 21:16:15 | INFO     | watchfiles.main | 1 change detected
2026-05-29 21:16:15 | INFO     | watchfiles.main | 1 change detected
2026-05-29 21:16:15 | INFO     | watchfiles.main | 1 change detected
2026-05-29 21:16:16 | INFO     | watchfiles.main | 1 change detected
2026-05-29 21:16:16 | INFO     | watchfiles.main | 1 change detected
2026-05-29 21:16:16 | INFO     | watchfiles.main | 1 change detected
2026-05-29 21:16:17 | INFO     | watchfiles.main | 1 change detected
2026-05-29 21:16:17 | INFO     | watchfiles.main | 1 change detected
2026-05-29 21:16:17 | INFO     | watchfiles.main | 1 change detected
2026-05-29 21:16:18 | INFO     | watchfiles.main | 1 change detected
2026-05-29 21:16:18 | INFO     | watchfiles.main | 1 change detected
2026-05-29 21:16:19 | INFO     | watchfiles.main | 1 change detected
2026-05-29 21:16:19 | INFO     | watchfiles.main | 1 change detected
2026-05-29 21:16:19 | INFO     | watchfiles.main | 1 change detected
2026-05-29 21:16:20 | INFO     | watchfiles.main | 1 change detected
2026-05-29 21:16:20 | INFO     | watchfiles.main | 1 change detected
2026-05-29 21:16:20 | INFO     | watchfiles.main | 1 change detected
2026-05-29 21:16:21 | INFO     | watchfiles.main | 1 change detected
2026-05-29 21:16:21 | INFO     | watchfiles.main | 1 change detected
2026-05-29 21:16:21 | INFO     | watchfiles.main | 1 change detected
2026-05-29 21:16:22 | INFO     | watchfiles.main | 1 change detected
2026-05-29 21:16:22 | INFO     | watchfiles.main | 1 change detected
2026-05-29 21:16:22 | INFO     | watchfiles.main | 1 change detected
2026-05-29 21:16:23 | INFO     | watchfiles.main | 1 change detected
2026-05-29 21:16:23 | INFO     | watchfiles.main | 1 change detected
2026-05-29 21:16:24 | INFO     | watchfiles.main | 1 change detected
2026-05-29 21:16:24 | INFO     | watchfiles.main | 1 change detected
2026-05-29 21:16:24 | INFO     | watchfiles.main | 1 change detected
2026-05-29 21:16:25 | INFO     | watchfiles.main | 1 change detected
2026-05-29 21:16:25 | INFO     | watchfiles.main | 1 change detected
2026-05-29 21:16:25 | INFO     | watchfiles.main | 1 change detected
2026-05-29 21:16:26 | INFO     | watchfiles.main | 1 change detected
2026-05-29 21:16:26 | INFO     | watchfiles.main | 1 change detected
2026-05-29 21:16:26 | INFO     | watchfiles.main | 1 change detected
2026-05-29 21:16:27 | INFO     | watchfiles.main | 1 change detected
2026-05-29 21:16:27 | INFO     | watchfiles.main | 1 change detected
2026-05-29 21:16:27 | INFO     | watchfiles.main | 1 change detected
2026-05-29 21:16:28 | INFO     | watchfiles.main | 1 change detected
2026-05-29 21:16:28 | INFO     | watchfiles.main | 1 change detected
2026-05-29 21:16:28 | INFO     | watchfiles.main | 1 change detected
2026-05-29 21:16:29 | INFO     | watchfiles.main | 1 change detected
2026-05-29 21:16:29 | INFO     | watchfiles.main | 1 change detected
2026-05-29 21:16:30 | INFO     | watchfiles.main | 1 change detected
2026-05-29 21:16:30 | INFO     | watchfiles.main | 1 change detected
2026-05-29 21:16:30 | INFO     | watchfiles.main | 1 change detected
2026-05-29 21:16:31 | INFO     | watchfiles.main | 1 change detected
2026-05-29 21:16:31 | INFO     | watchfiles.main | 1 change detected
2026-05-29 21:16:31 | INFO     | watchfiles.main | 1 change detected
2026-05-29 21:16:32 | INFO     | watchfiles.main | 1 change detected
2026-05-29 21:16:32 | INFO     | watchfiles.main | 1 change detected
2026-05-29 21:16:32 | INFO     | watchfiles.main | 1 change detected
2026-05-29 21:16:33 | INFO     | watchfiles.main | 1 change detected
2026-05-29 21:16:33 | INFO     | watchfiles.main | 1 change detected
2026-05-29 21:16:33 | INFO     | watchfiles.main | 1 change detected
2026-05-29 21:16:34 | INFO     | watchfiles.main | 1 change detected
2026-05-29 21:16:34 | INFO     | watchfiles.main | 1 change detected
2026-05-29 21:16:35 | INFO     | watchfiles.main | 1 change detected
2026-05-29 21:16:35 | INFO     | watchfiles.main | 1 change detected
2026-05-29 21:16:35 | INFO     | watchfiles.main | 1 change detected
2026-05-29 21:16:36 | INFO     | watchfiles.main | 1 change detected
2026-05-29 21:16:36 | INFO     | watchfiles.main | 1 change detected
2026-05-29 21:16:36 | INFO     | watchfiles.main | 1 change detected
2026-05-29 21:16:37 | INFO     | watchfiles.main | 1 change detected
2026-05-29 21:16:37 | INFO     | watchfiles.main | 1 change detected
2026-05-29 21:16:37 | INFO     | watchfiles.main | 1 change detected
2026-05-29 21:16:38 | INFO     | watchfiles.main | 1 change detected
2026-05-29 21:16:38 | INFO     | watchfiles.main | 1 change detected
2026-05-29 21:16:38 | INFO     | watchfiles.main | 1 change detected
2026-05-29 21:16:39 | INFO     | watchfiles.main | 1 change detected
2026-05-29 21:16:39 | INFO     | watchfiles.main | 1 change detected
2026-05-29 21:16:40 | INFO     | watchfiles.main | 1 change detected
2026-05-29 21:16:40 | INFO     | watchfiles.main | 1 change detected
2026-05-29 21:16:40 | INFO     | watchfiles.main | 1 change detected
2026-05-29 21:16:41 | INFO     | watchfiles.main | 1 change detected
2026-05-29 21:16:41 | INFO     | watchfiles.main | 1 change detected
2026-05-29 21:16:41 | INFO     | watchfiles.main | 1 change detected
2026-05-29 21:16:42 | INFO     | watchfiles.main | 1 change detected
2026-05-29 21:16:42 | INFO     | watchfiles.main | 1 change detected
2026-05-29 21:16:42 | INFO     | watchfiles.main | 1 change detected
2026-05-29 21:16:43 | INFO     | watchfiles.main | 1 change detected
2026-05-29 21:16:43 | INFO     | watchfiles.main | 1 change detected
2026-05-29 21:16:43 | INFO     | watchfiles.main | 1 change detected
2026-05-29 21:16:44 | INFO     | watchfiles.main | 1 change detected
2026-05-29 21:16:44 | INFO     | watchfiles.main | 1 change detected
2026-05-29 21:16:44 | INFO     | watchfiles.main | 1 change detected
2026-05-29 21:16:45 | INFO     | watchfiles.main | 1 change detected
2026-05-29 21:16:45 | INFO     | watchfiles.main | 1 change detected
2026-05-29 21:16:46 | INFO     | watchfiles.main | 1 change detected
2026-05-29 21:16:46 | INFO     | watchfiles.main | 1 change detected
2026-05-29 21:16:46 | INFO     | watchfiles.main | 1 change detected
2026-05-29 21:16:47 | INFO     | watchfiles.main | 1 change detected
2026-05-29 21:16:47 | INFO     | watchfiles.main | 1 change detected
2026-05-29 21:16:47 | INFO     | watchfiles.main | 1 change detected
2026-05-29 21:16:48 | INFO     | watchfiles.main | 1 change detected
2026-05-29 21:16:48 | INFO     | watchfiles.main | 1 change detected
2026-05-29 21:16:48 | INFO     | watchfiles.main | 1 change detected
2026-05-29 21:16:49 | INFO     | watchfiles.main | 1 change detected
2026-05-29 21:16:49 | INFO     | watchfiles.main | 1 change detected
2026-05-29 21:16:49 | INFO     | watchfiles.main | 1 change detected
2026-05-29 21:16:50 | INFO     | watchfiles.main | 1 change detected
2026-05-29 21:16:50 | INFO     | watchfiles.main | 1 change detected
2026-05-29 21:16:51 | INFO     | watchfiles.main | 1 change detected
2026-05-29 21:16:51 | INFO     | watchfiles.main | 1 change detected
2026-05-29 21:16:51 | INFO     | watchfiles.main | 1 change detected
2026-05-29 21:16:52 | INFO     | watchfiles.main | 1 change detected
2026-05-29 21:16:52 | INFO     | watchfiles.main | 1 change detected
2026-05-29 21:16:52 | INFO     | watchfiles.main | 1 change detected
2026-05-29 21:16:53 | INFO     | watchfiles.main | 1 change detected
2026-05-29 21:16:53 | INFO     | watchfiles.main | 1 change detected
2026-05-29 21:16:53 | INFO     | watchfiles.main | 1 change detected
2026-05-29 21:16:54 | INFO     | watchfiles.main | 1 change detected
2026-05-29 21:16:54 | INFO     | watchfiles.main | 1 change detected
2026-05-29 21:16:54 | INFO     | watchfiles.main | 1 change detected
2026-05-29 21:16:55 | INFO     | watchfiles.main | 1 change detected
2026-05-29 21:16:55 | INFO     | watchfiles.main | 1 change detected
2026-05-29 21:16:55 | INFO     | watchfiles.main | 1 change detected
2026-05-29 21:16:56 | INFO     | watchfiles.main | 1 change detected
2026-05-29 21:16:56 | INFO     | watchfiles.main | 1 change detected
2026-05-29 21:16:57 | INFO     | watchfiles.main | 1 change detected
2026-05-29 21:16:57 | INFO     | watchfiles.main | 1 change detected
2026-05-29 21:16:57 | INFO     | watchfiles.main | 1 change detected
2026-05-29 21:16:58 | INFO     | watchfiles.main | 1 change detected
2026-05-29 21:16:58 | INFO     | watchfiles.main | 1 change detected
2026-05-29 21:16:58 | INFO     | watchfiles.main | 1 change detected
2026-05-29 21:16:59 | INFO     | watchfiles.main | 1 change detected
2026-05-29 21:16:59 | INFO     | watchfiles.main | 1 change detected
2026-05-29 21:16:59 | INFO     | watchfiles.main | 1 change detected
2026-05-29 21:17:00 | INFO     | watchfiles.main | 1 change detected
2026-05-29 21:17:00 | INFO     | watchfiles.main | 1 change detected
2026-05-29 21:17:00 | INFO     | watchfiles.main | 1 change detected
2026-05-29 21:17:01 | INFO     | watchfiles.main | 1 change detected
2026-05-29 21:17:01 | INFO     | watchfiles.main | 1 change detected
2026-05-29 21:17:01 | INFO     | watchfiles.main | 1 change detected
2026-05-29 21:17:02 | INFO     | watchfiles.main | 1 change detected
2026-05-29 21:17:02 | INFO     | watchfiles.main | 1 change detected
2026-05-29 21:17:03 | INFO     | watchfiles.main | 1 change detected
2026-05-29 21:17:03 | INFO     | watchfiles.main | 1 change detected
2026-05-29 21:17:03 | INFO     | watchfiles.main | 1 change detected
2026-05-29 21:17:04 | INFO     | watchfiles.main | 1 change detected
2026-05-29 21:17:04 | INFO     | watchfiles.main | 1 change detected
2026-05-29 21:17:04 | INFO     | watchfiles.main | 1 change detected
2026-05-29 21:17:05 | INFO     | watchfiles.main | 1 change detected
2026-05-29 21:17:05 | INFO     | watchfiles.main | 1 change detected
2026-05-29 21:17:05 | INFO     | watchfiles.main | 1 change detected
2026-05-29 21:17:06 | INFO     | watchfiles.main | 1 change detected
2026-05-29 21:17:06 | INFO     | watchfiles.main | 1 change detected
2026-05-29 21:17:06 | INFO     | watchfiles.main | 1 change detected
2026-05-29 21:17:07 | INFO     | watchfiles.main | 1 change detected
2026-05-29 21:17:07 | INFO     | watchfiles.main | 1 change detected
2026-05-29 21:17:08 | INFO     | watchfiles.main | 1 change detected
2026-05-29 21:17:08 | INFO     | watchfiles.main | 1 change detected
2026-05-29 21:17:08 | INFO     | watchfiles.main | 1 change detected
2026-05-29 21:17:09 | INFO     | watchfiles.main | 1 change detected
2026-05-29 21:17:09 | INFO     | watchfiles.main | 1 change detected
2026-05-29 21:17:09 | INFO     | watchfiles.main | 1 change detected
2026-05-29 21:17:10 | INFO     | watchfiles.main | 1 change detected
2026-05-29 21:17:10 | INFO     | watchfiles.main | 1 change detected
2026-05-29 21:17:10 | INFO     | watchfiles.main | 1 change detected
2026-05-29 21:17:11 | INFO     | watchfiles.main | 1 change detected
2026-05-29 21:17:11 | INFO     | watchfiles.main | 1 change detected
2026-05-29 21:17:11 | INFO     | watchfiles.main | 1 change detected
2026-05-29 21:17:12 | INFO     | watchfiles.main | 1 change detected
2026-05-29 21:17:12 | INFO     | watchfiles.main | 1 change detected
2026-05-29 21:17:12 | INFO     | watchfiles.main | 1 change detected
2026-05-29 21:17:13 | INFO     | watchfiles.main | 1 change detected
2026-05-29 21:17:13 | INFO     | watchfiles.main | 1 change detected
2026-05-29 21:17:14 | INFO     | watchfiles.main | 1 change detected
2026-05-29 21:17:14 | INFO     | watchfiles.main | 1 change detected
2026-05-29 21:17:14 | INFO     | watchfiles.main | 1 change detected
2026-05-29 21:17:15 | INFO     | watchfiles.main | 1 change detected
2026-05-29 21:17:15 | INFO     | watchfiles.main | 1 change detected
2026-05-29 21:17:15 | INFO     | watchfiles.main | 1 change detected
2026-05-29 21:17:16 | INFO     | watchfiles.main | 1 change detected
2026-05-29 21:17:16 | INFO     | watchfiles.main | 1 change detected
2026-05-29 21:17:16 | INFO     | watchfiles.main | 1 change detected
2026-05-29 21:17:17 | INFO     | watchfiles.main | 1 change detected
2026-05-29 21:17:17 | INFO     | watchfiles.main | 1 change detected
2026-05-29 21:17:17 | INFO     | watchfiles.main | 1 change detected
2026-05-29 21:17:18 | INFO     | watchfiles.main | 1 change detected
2026-05-29 21:17:18 | INFO     | watchfiles.main | 1 change detected
2026-05-29 21:17:19 | INFO     | watchfiles.main | 1 change detected
2026-05-29 21:17:19 | INFO     | watchfiles.main | 1 change detected
2026-05-29 21:17:19 | INFO     | watchfiles.main | 1 change detected
2026-05-29 21:17:20 | INFO     | watchfiles.main | 1 change detected
2026-05-29 21:17:20 | INFO     | watchfiles.main | 1 change detected
2026-05-29 21:17:20 | INFO     | watchfiles.main | 1 change detected
2026-05-29 21:17:21 | INFO     | watchfiles.main | 1 change detected
2026-05-29 21:17:21 | INFO     | watchfiles.main | 1 change detected
2026-05-29 21:17:21 | INFO     | watchfiles.main | 1 change detected
2026-05-29 21:17:22 | INFO     | watchfiles.main | 1 change detected
2026-05-29 21:17:22 | INFO     | watchfiles.main | 1 change detected
2026-05-29 21:17:23 | INFO     | watchfiles.main | 1 change detected
2026-05-29 21:17:23 | INFO     | watchfiles.main | 1 change detected
2026-05-29 21:17:23 | INFO     | watchfiles.main | 1 change detected
2026-05-29 21:17:24 | INFO     | watchfiles.main | 1 change detected
2026-05-29 21:17:24 | INFO     | watchfiles.main | 1 change detected
2026-05-29 21:17:24 | INFO     | watchfiles.main | 1 change detected
2026-05-29 21:17:25 | INFO     | watchfiles.main | 1 change detected
2026-05-29 21:17:25 | INFO     | watchfiles.main | 1 change detected
2026-05-29 21:17:25 | INFO     | watchfiles.main | 1 change detected
2026-05-29 21:17:26 | INFO     | watchfiles.main | 1 change detected
2026-05-29 21:17:26 | INFO     | watchfiles.main | 1 change detected
2026-05-29 21:17:27 | INFO     | watchfiles.main | 1 change detected
2026-05-29 21:17:27 | INFO     | watchfiles.main | 1 change detected
2026-05-29 21:17:27 | INFO     | watchfiles.main | 1 change detected
2026-05-29 21:17:28 | INFO     | watchfiles.main | 1 change detected
2026-05-29 21:17:28 | INFO     | watchfiles.main | 1 change detected
2026-05-29 21:17:28 | INFO     | watchfiles.main | 1 change detected
2026-05-29 21:17:29 | INFO     | watchfiles.main | 1 change detected
2026-05-29 21:17:29 | INFO     | watchfiles.main | 1 change detected
2026-05-29 21:17:29 | INFO     | watchfiles.main | 1 change detected
2026-05-29 21:17:30 | INFO     | watchfiles.main | 1 change detected
2026-05-29 21:17:30 | INFO     | watchfiles.main | 1 change detected
2026-05-29 21:17:30 | INFO     | watchfiles.main | 1 change detected
2026-05-29 21:17:31 | INFO     | watchfiles.main | 1 change detected
2026-05-29 21:17:31 | INFO     | watchfiles.main | 1 change detected
2026-05-29 21:17:32 | INFO     | watchfiles.main | 1 change detected
2026-05-29 21:17:32 | INFO     | watchfiles.main | 1 change detected
2026-05-29 21:17:32 | INFO     | watchfiles.main | 1 change detected
2026-05-29 21:17:33 | INFO     | watchfiles.main | 1 change detected
2026-05-29 21:17:33 | INFO     | watchfiles.main | 1 change detected
2026-05-29 21:17:33 | INFO     | watchfiles.main | 1 change detected
2026-05-29 21:17:34 | INFO     | watchfiles.main | 1 change detected
2026-05-29 21:17:34 | INFO     | watchfiles.main | 1 change detected
2026-05-29 21:17:34 | INFO     | watchfiles.main | 1 change detected
2026-05-29 21:17:35 | INFO     | watchfiles.main | 1 change detected
2026-05-29 21:17:35 | INFO     | watchfiles.main | 1 change detected
2026-05-29 21:17:35 | INFO     | watchfiles.main | 1 change detected
2026-05-29 21:17:36 | INFO     | watchfiles.main | 1 change detected
2026-05-29 21:17:36 | INFO     | watchfiles.main | 1 change detected
2026-05-29 21:17:37 | INFO     | watchfiles.main | 1 change detected
2026-05-29 21:17:37 | INFO     | watchfiles.main | 1 change detected
2026-05-29 21:17:37 | INFO     | watchfiles.main | 1 change detected
2026-05-29 21:17:38 | INFO     | watchfiles.main | 1 change detected
2026-05-29 21:17:38 | INFO     | watchfiles.main | 1 change detected
2026-05-29 21:17:38 | INFO     | watchfiles.main | 1 change detected
2026-05-29 21:17:39 | INFO     | watchfiles.main | 1 change detected
2026-05-29 21:17:39 | INFO     | watchfiles.main | 1 change detected
2026-05-29 21:17:39 | INFO     | watchfiles.main | 1 change detected
2026-05-29 21:17:40 | INFO     | watchfiles.main | 1 change detected
2026-05-29 21:17:40 | INFO     | watchfiles.main | 1 change detected
2026-05-29 21:17:40 | INFO     | watchfiles.main | 1 change detected
2026-05-29 21:17:41 | INFO     | watchfiles.main | 1 change detected
2026-05-29 21:17:41 | INFO     | watchfiles.main | 1 change detected
2026-05-29 21:17:42 | INFO     | watchfiles.main | 1 change detected
2026-05-29 21:17:42 | INFO     | watchfiles.main | 1 change detected
2026-05-29 21:17:42 | INFO     | watchfiles.main | 1 change detected
2026-05-29 21:17:43 | INFO     | watchfiles.main | 1 change detected
2026-05-29 21:17:43 | INFO     | watchfiles.main | 1 change detected
2026-05-29 21:17:43 | INFO     | watchfiles.main | 1 change detected
2026-05-29 21:17:44 | INFO     | watchfiles.main | 1 change detected
2026-05-29 21:17:44 | INFO     | watchfiles.main | 1 change detected
2026-05-29 21:17:44 | INFO     | watchfiles.main | 1 change detected
2026-05-29 21:17:45 | INFO     | watchfiles.main | 1 change detected
2026-05-29 21:17:45 | INFO     | watchfiles.main | 1 change detected
2026-05-29 21:17:45 | INFO     | watchfiles.main | 1 change detected
2026-05-29 21:17:46 | INFO     | watchfiles.main | 1 change detected
2026-05-29 21:17:46 | INFO     | watchfiles.main | 1 change detected
2026-05-29 21:17:47 | INFO     | watchfiles.main | 1 change detected
2026-05-29 21:17:47 | INFO     | watchfiles.main | 1 change detected
2026-05-29 21:17:47 | INFO     | watchfiles.main | 1 change detected
2026-05-29 21:18:55 | INFO     | watchfiles.main | 1 change detected
2026-05-29 21:18:55 | INFO     | watchfiles.main | 1 change detected
2026-05-29 21:18:56 | INFO     | watchfiles.main | 1 change detected
2026-05-29 21:18:56 | INFO     | watchfiles.main | 1 change detected
2026-05-29 21:18:56 | INFO     | watchfiles.main | 1 change detected
2026-05-29 21:18:57 | INFO     | watchfiles.main | 1 change detected
2026-05-29 21:18:57 | INFO     | watchfiles.main | 1 change detected
2026-05-29 21:18:58 | INFO     | watchfiles.main | 1 change detected
2026-05-29 21:18:58 | INFO     | watchfiles.main | 1 change detected
2026-05-29 21:18:58 | INFO     | watchfiles.main | 1 change detected
2026-05-29 21:18:59 | INFO     | watchfiles.main | 1 change detected
2026-05-29 21:18:59 | INFO     | watchfiles.main | 1 change detected
2026-05-29 21:18:59 | INFO     | watchfiles.main | 1 change detected
2026-05-29 21:19:00 | INFO     | watchfiles.main | 1 change detected
2026-05-29 21:19:00 | INFO     | watchfiles.main | 1 change detected
2026-05-29 21:19:00 | INFO     | watchfiles.main | 1 change detected
2026-05-29 21:19:01 | INFO     | watchfiles.main | 1 change detected
2026-05-29 21:19:01 | INFO     | watchfiles.main | 1 change detected
2026-05-29 21:19:01 | INFO     | watchfiles.main | 1 change detected
2026-05-29 21:19:02 | INFO     | watchfiles.main | 1 change detected
2026-05-29 21:19:02 | INFO     | watchfiles.main | 1 change detected
2026-05-29 21:19:03 | INFO     | watchfiles.main | 1 change detected
2026-05-29 21:19:03 | INFO     | watchfiles.main | 1 change detected
2026-05-29 21:19:03 | INFO     | watchfiles.main | 1 change detected
2026-05-29 21:19:04 | INFO     | watchfiles.main | 1 change detected
2026-05-29 21:19:04 | INFO     | watchfiles.main | 1 change detected
2026-05-29 21:19:04 | INFO     | watchfiles.main | 1 change detected
2026-05-29 21:19:05 | INFO     | watchfiles.main | 1 change detected
2026-05-29 21:19:05 | INFO     | watchfiles.main | 1 change detected
2026-05-29 21:19:05 | INFO     | watchfiles.main | 1 change detected
2026-05-29 21:19:06 | INFO     | watchfiles.main | 1 change detected
2026-05-29 21:19:06 | INFO     | watchfiles.main | 1 change detected
2026-05-29 21:19:06 | INFO     | watchfiles.main | 1 change detected
2026-05-29 21:19:07 | INFO     | watchfiles.main | 1 change detected
2026-05-29 21:19:07 | INFO     | watchfiles.main | 1 change detected
2026-05-29 21:19:07 | INFO     | watchfiles.main | 1 change detected
2026-05-29 21:19:08 | INFO     | watchfiles.main | 1 change detected
2026-05-29 21:19:08 | INFO     | watchfiles.main | 1 change detected
2026-05-29 21:19:09 | INFO     | watchfiles.main | 1 change detected
2026-05-29 21:19:09 | INFO     | watchfiles.main | 1 change detected
2026-05-29 21:19:09 | INFO     | watchfiles.main | 1 change detected
2026-05-29 21:19:10 | INFO     | watchfiles.main | 1 change detected
2026-05-29 21:19:10 | INFO     | watchfiles.main | 1 change detected
2026-05-29 21:19:10 | INFO     | watchfiles.main | 1 change detected
2026-05-29 21:19:11 | INFO     | watchfiles.main | 1 change detected
2026-05-29 21:19:11 | INFO     | watchfiles.main | 1 change detected
2026-05-29 21:19:11 | INFO     | watchfiles.main | 1 change detected
2026-05-29 21:19:12 | INFO     | watchfiles.main | 1 change detected
2026-05-29 21:19:12 | INFO     | watchfiles.main | 1 change detected
2026-05-29 21:19:12 | INFO     | watchfiles.main | 1 change detected
2026-05-29 21:19:13 | INFO     | watchfiles.main | 1 change detected
2026-05-29 21:19:13 | INFO     | watchfiles.main | 1 change detected
2026-05-29 21:19:14 | INFO     | watchfiles.main | 1 change detected
2026-05-29 21:19:14 | INFO     | watchfiles.main | 1 change detected
2026-05-29 21:19:14 | INFO     | watchfiles.main | 1 change detected
2026-05-29 21:19:15 | INFO     | watchfiles.main | 1 change detected
2026-05-29 21:19:15 | INFO     | watchfiles.main | 1 change detected
2026-05-29 21:19:15 | INFO     | watchfiles.main | 1 change detected
2026-05-29 21:19:16 | INFO     | watchfiles.main | 1 change detected
2026-05-29 21:19:16 | INFO     | watchfiles.main | 1 change detected
2026-05-29 21:19:16 | INFO     | watchfiles.main | 1 change detected
2026-05-29 21:19:17 | INFO     | watchfiles.main | 1 change detected
2026-05-29 21:19:17 | INFO     | watchfiles.main | 1 change detected
2026-05-29 21:19:17 | INFO     | watchfiles.main | 1 change detected
2026-05-29 21:19:18 | INFO     | watchfiles.main | 1 change detected
2026-05-29 21:19:18 | INFO     | watchfiles.main | 1 change detected
2026-05-29 21:19:18 | INFO     | watchfiles.main | 1 change detected
2026-05-29 21:19:19 | INFO     | watchfiles.main | 1 change detected
2026-05-29 21:19:19 | INFO     | watchfiles.main | 1 change detected
2026-05-29 21:19:20 | INFO     | watchfiles.main | 1 change detected
2026-05-29 21:19:20 | INFO     | watchfiles.main | 1 change detected
2026-05-29 21:19:20 | INFO     | watchfiles.main | 1 change detected
2026-05-29 21:19:21 | INFO     | watchfiles.main | 1 change detected
2026-05-29 21:19:21 | INFO     | watchfiles.main | 1 change detected
2026-05-29 21:19:21 | INFO     | watchfiles.main | 1 change detected
2026-05-29 21:19:22 | INFO     | watchfiles.main | 1 change detected
2026-05-29 21:19:22 | INFO     | watchfiles.main | 1 change detected
2026-05-29 21:19:22 | INFO     | watchfiles.main | 1 change detected
2026-05-29 21:19:23 | INFO     | watchfiles.main | 1 change detected
2026-05-29 21:19:23 | INFO     | watchfiles.main | 1 change detected
2026-05-29 21:19:23 | INFO     | watchfiles.main | 1 change detected
2026-05-29 21:19:24 | INFO     | watchfiles.main | 1 change detected
2026-05-29 21:19:24 | INFO     | watchfiles.main | 1 change detected
2026-05-29 21:19:25 | INFO     | watchfiles.main | 1 change detected
2026-05-29 21:19:25 | INFO     | watchfiles.main | 1 change detected
2026-05-29 21:19:25 | INFO     | watchfiles.main | 1 change detected
2026-05-29 21:19:26 | INFO     | watchfiles.main | 1 change detected
2026-05-29 21:19:26 | INFO     | watchfiles.main | 1 change detected
2026-05-29 21:19:26 | INFO     | watchfiles.main | 1 change detected
2026-05-29 21:19:27 | INFO     | watchfiles.main | 1 change detected
2026-05-29 21:19:27 | INFO     | watchfiles.main | 1 change detected
2026-05-29 21:19:27 | INFO     | watchfiles.main | 1 change detected
2026-05-29 21:19:28 | INFO     | watchfiles.main | 1 change detected
2026-05-29 21:19:28 | INFO     | watchfiles.main | 1 change detected
2026-05-29 21:19:28 | INFO     | watchfiles.main | 1 change detected
2026-05-29 21:19:29 | INFO     | watchfiles.main | 1 change detected
2026-05-29 21:19:29 | INFO     | watchfiles.main | 1 change detected
2026-05-29 21:19:29 | INFO     | watchfiles.main | 1 change detected
2026-05-29 21:19:30 | INFO     | watchfiles.main | 1 change detected
2026-05-29 21:19:30 | INFO     | watchfiles.main | 1 change detected
2026-05-29 21:19:31 | INFO     | watchfiles.main | 1 change detected
2026-05-29 21:19:31 | INFO     | watchfiles.main | 1 change detected
2026-05-29 21:19:31 | INFO     | watchfiles.main | 1 change detected
2026-05-29 21:19:32 | INFO     | watchfiles.main | 1 change detected
2026-05-29 21:19:32 | INFO     | watchfiles.main | 1 change detected
2026-05-29 21:19:32 | INFO     | watchfiles.main | 1 change detected
2026-05-29 21:19:33 | INFO     | watchfiles.main | 1 change detected
2026-05-29 21:19:33 | INFO     | watchfiles.main | 1 change detected
2026-05-29 21:19:33 | INFO     | watchfiles.main | 1 change detected
2026-05-29 21:19:34 | INFO     | watchfiles.main | 1 change detected
2026-05-29 21:19:34 | INFO     | watchfiles.main | 1 change detected
2026-05-29 21:19:34 | INFO     | watchfiles.main | 1 change detected
2026-05-29 21:19:35 | INFO     | watchfiles.main | 1 change detected
2026-05-29 21:19:35 | INFO     | watchfiles.main | 1 change detected
2026-05-29 21:19:36 | INFO     | watchfiles.main | 1 change detected
2026-05-29 21:19:36 | INFO     | watchfiles.main | 1 change detected
2026-05-29 21:19:36 | INFO     | watchfiles.main | 1 change detected
2026-05-29 21:19:37 | INFO     | watchfiles.main | 1 change detected
2026-05-29 21:19:37 | INFO     | watchfiles.main | 1 change detected
2026-05-29 21:19:37 | INFO     | watchfiles.main | 1 change detected
2026-05-29 21:19:38 | INFO     | watchfiles.main | 1 change detected
2026-05-29 21:19:38 | INFO     | watchfiles.main | 1 change detected
2026-05-29 21:19:38 | INFO     | watchfiles.main | 1 change detected
2026-05-29 21:19:39 | INFO     | watchfiles.main | 1 change detected
2026-05-29 21:19:39 | INFO     | watchfiles.main | 1 change detected
2026-05-29 21:19:39 | INFO     | watchfiles.main | 1 change detected
2026-05-29 21:19:40 | INFO     | watchfiles.main | 1 change detected
2026-05-29 21:19:40 | INFO     | watchfiles.main | 1 change detected
2026-05-29 21:19:40 | INFO     | watchfiles.main | 1 change detected
2026-05-29 21:19:41 | INFO     | watchfiles.main | 1 change detected
2026-05-29 21:19:41 | INFO     | watchfiles.main | 1 change detected
2026-05-29 21:19:42 | INFO     | watchfiles.main | 1 change detected
2026-05-29 21:19:42 | INFO     | watchfiles.main | 1 change detected
2026-05-29 21:19:42 | INFO     | watchfiles.main | 1 change detected
2026-05-29 21:19:43 | INFO     | watchfiles.main | 1 change detected
2026-05-29 21:19:43 | INFO     | watchfiles.main | 1 change detected
2026-05-29 21:19:43 | INFO     | watchfiles.main | 1 change detected
2026-05-29 21:19:44 | INFO     | watchfiles.main | 1 change detected
2026-05-29 21:19:44 | INFO     | watchfiles.main | 1 change detected
2026-05-29 21:19:44 | INFO     | watchfiles.main | 1 change detected
2026-05-29 21:19:45 | INFO     | watchfiles.main | 1 change detected
2026-05-29 21:19:45 | INFO     | watchfiles.main | 1 change detected
2026-05-29 21:19:45 | INFO     | watchfiles.main | 1 change detected
2026-05-29 21:19:46 | INFO     | watchfiles.main | 1 change detected
2026-05-29 21:19:46 | INFO     | watchfiles.main | 1 change detected
2026-05-29 21:19:47 | INFO     | watchfiles.main | 1 change detected
2026-05-29 21:19:47 | INFO     | watchfiles.main | 1 change detected
2026-05-29 21:19:47 | INFO     | watchfiles.main | 1 change detected
2026-05-29 21:19:48 | INFO     | watchfiles.main | 1 change detected
2026-05-29 21:19:48 | INFO     | watchfiles.main | 1 change detected
2026-05-29 21:19:48 | INFO     | watchfiles.main | 1 change detected
2026-05-29 21:19:49 | INFO     | watchfiles.main | 1 change detected
2026-05-29 21:19:49 | INFO     | watchfiles.main | 1 change detected
2026-05-29 21:19:49 | INFO     | watchfiles.main | 1 change detected
2026-05-29 21:19:50 | INFO     | watchfiles.main | 1 change detected
2026-05-29 21:19:50 | INFO     | watchfiles.main | 1 change detected
2026-05-29 21:19:50 | INFO     | watchfiles.main | 1 change detected
2026-05-29 21:19:51 | INFO     | watchfiles.main | 1 change detected
2026-05-29 21:19:51 | INFO     | watchfiles.main | 1 change detected
2026-05-29 21:19:51 | INFO     | watchfiles.main | 1 change detected
2026-05-29 21:19:52 | INFO     | watchfiles.main | 1 change detected
2026-05-29 21:19:52 | INFO     | watchfiles.main | 1 change detected
2026-05-29 21:19:53 | INFO     | watchfiles.main | 1 change detected
2026-05-29 21:19:53 | INFO     | watchfiles.main | 1 change detected
2026-05-29 21:19:53 | INFO     | watchfiles.main | 1 change detected
2026-05-29 21:19:54 | INFO     | watchfiles.main | 1 change detected
2026-05-29 21:19:54 | INFO     | watchfiles.main | 1 change detected
2026-05-29 21:19:54 | INFO     | watchfiles.main | 1 change detected
2026-05-29 21:19:55 | INFO     | watchfiles.main | 1 change detected
2026-05-29 21:19:55 | INFO     | watchfiles.main | 1 change detected
2026-05-29 21:19:55 | INFO     | watchfiles.main | 1 change detected
2026-05-29 21:19:56 | INFO     | watchfiles.main | 1 change detected
2026-05-29 21:19:56 | INFO     | watchfiles.main | 1 change detected
2026-05-29 21:19:56 | INFO     | watchfiles.main | 1 change detected
2026-05-29 21:19:57 | INFO     | watchfiles.main | 1 change detected
2026-05-29 21:19:57 | INFO     | watchfiles.main | 1 change detected
2026-05-29 21:19:58 | INFO     | watchfiles.main | 1 change detected
2026-05-29 21:19:58 | INFO     | watchfiles.main | 1 change detected
2026-05-29 21:19:58 | INFO     | watchfiles.main | 1 change detected
2026-05-29 21:19:59 | INFO     | watchfiles.main | 1 change detected
2026-05-29 21:19:59 | INFO     | watchfiles.main | 1 change detected
2026-05-29 21:19:59 | INFO     | watchfiles.main | 1 change detected
2026-05-29 21:20:00 | INFO     | watchfiles.main | 1 change detected
2026-05-29 21:20:00 | INFO     | watchfiles.main | 1 change detected
2026-05-29 21:20:00 | INFO     | watchfiles.main | 1 change detected
2026-05-29 21:20:01 | INFO     | watchfiles.main | 1 change detected
2026-05-29 21:20:01 | INFO     | watchfiles.main | 1 change detected
2026-05-29 21:20:01 | INFO     | watchfiles.main | 1 change detected
2026-05-29 21:20:02 | INFO     | watchfiles.main | 1 change detected
2026-05-29 21:20:02 | INFO     | watchfiles.main | 1 change detected
2026-05-29 21:20:02 | INFO     | watchfiles.main | 1 change detected
2026-05-29 21:20:03 | INFO     | watchfiles.main | 1 change detected
2026-05-29 21:20:03 | INFO     | watchfiles.main | 1 change detected
2026-05-29 21:20:04 | INFO     | watchfiles.main | 1 change detected
2026-05-29 21:20:04 | INFO     | watchfiles.main | 1 change detected
2026-05-29 21:20:04 | INFO     | watchfiles.main | 1 change detected
2026-05-29 21:20:05 | INFO     | watchfiles.main | 1 change detected
2026-05-29 21:20:05 | INFO     | watchfiles.main | 1 change detected
2026-05-29 21:20:05 | INFO     | watchfiles.main | 1 change detected
2026-05-29 21:20:06 | INFO     | watchfiles.main | 1 change detected
2026-05-29 21:20:06 | INFO     | watchfiles.main | 1 change detected
2026-05-29 21:20:06 | INFO     | watchfiles.main | 1 change detected
2026-05-29 21:20:07 | INFO     | watchfiles.main | 1 change detected
2026-05-29 21:20:07 | INFO     | watchfiles.main | 1 change detected
2026-05-29 21:20:08 | INFO     | watchfiles.main | 1 change detected
2026-05-29 21:20:08 | INFO     | watchfiles.main | 1 change detected
2026-05-29 21:20:08 | INFO     | watchfiles.main | 1 change detected
2026-05-29 21:20:09 | INFO     | watchfiles.main | 1 change detected
2026-05-29 21:20:09 | INFO     | watchfiles.main | 1 change detected
2026-05-29 21:20:09 | INFO     | watchfiles.main | 1 change detected
2026-05-29 21:20:10 | INFO     | watchfiles.main | 1 change detected
2026-05-29 21:20:10 | INFO     | watchfiles.main | 1 change detected
2026-05-29 21:20:11 | INFO     | watchfiles.main | 1 change detected
2026-05-29 21:20:11 | INFO     | watchfiles.main | 1 change detected
2026-05-29 21:20:11 | INFO     | watchfiles.main | 1 change detected
2026-05-29 21:20:12 | INFO     | watchfiles.main | 1 change detected
2026-05-29 21:20:12 | INFO     | watchfiles.main | 1 change detected
2026-05-29 21:20:12 | INFO     | watchfiles.main | 1 change detected
2026-05-29 21:20:13 | INFO     | watchfiles.main | 1 change detected
2026-05-29 21:20:13 | INFO     | watchfiles.main | 1 change detected
2026-05-29 21:20:13 | INFO     | watchfiles.main | 1 change detected
2026-05-29 21:20:14 | INFO     | watchfiles.main | 1 change detected
2026-05-29 21:20:14 | INFO     | watchfiles.main | 1 change detected
2026-05-29 21:20:14 | INFO     | watchfiles.main | 1 change detected
2026-05-29 21:20:15 | INFO     | watchfiles.main | 1 change detected
2026-05-29 21:20:15 | INFO     | watchfiles.main | 1 change detected
2026-05-29 21:20:16 | INFO     | watchfiles.main | 1 change detected
2026-05-29 21:20:16 | INFO     | watchfiles.main | 1 change detected
2026-05-29 21:20:16 | INFO     | watchfiles.main | 1 change detected
2026-05-29 21:20:17 | INFO     | watchfiles.main | 1 change detected
2026-05-29 21:20:17 | INFO     | watchfiles.main | 1 change detected
2026-05-29 21:20:17 | INFO     | watchfiles.main | 1 change detected
2026-05-29 21:20:18 | INFO     | watchfiles.main | 1 change detected
2026-05-29 21:20:18 | INFO     | watchfiles.main | 1 change detected
2026-05-29 21:20:18 | INFO     | watchfiles.main | 1 change detected
2026-05-29 21:20:19 | INFO     | watchfiles.main | 1 change detected
2026-05-29 21:20:19 | INFO     | watchfiles.main | 1 change detected
2026-05-29 21:20:19 | INFO     | watchfiles.main | 1 change detected
2026-05-29 21:20:20 | INFO     | watchfiles.main | 1 change detected
2026-05-29 21:20:20 | INFO     | watchfiles.main | 1 change detected
2026-05-29 21:20:21 | INFO     | watchfiles.main | 1 change detected
2026-05-29 21:20:21 | INFO     | watchfiles.main | 1 change detected
2026-05-29 21:20:21 | INFO     | watchfiles.main | 1 change detected
2026-05-29 21:20:22 | INFO     | watchfiles.main | 1 change detected
2026-05-29 21:20:22 | INFO     | watchfiles.main | 1 change detected
2026-05-29 21:20:22 | INFO     | watchfiles.main | 1 change detected
2026-05-29 21:20:23 | INFO     | watchfiles.main | 1 change detected
2026-05-29 21:20:23 | INFO     | watchfiles.main | 1 change detected
2026-05-29 21:20:23 | INFO     | watchfiles.main | 1 change detected
2026-05-29 21:20:24 | INFO     | watchfiles.main | 1 change detected
2026-05-29 21:20:24 | INFO     | watchfiles.main | 1 change detected
2026-05-29 21:20:24 | INFO     | watchfiles.main | 1 change detected
2026-05-29 21:20:25 | INFO     | watchfiles.main | 1 change detected
2026-05-29 21:20:25 | INFO     | watchfiles.main | 1 change detected
2026-05-29 21:20:26 | INFO     | watchfiles.main | 1 change detected
2026-05-29 21:20:26 | INFO     | watchfiles.main | 1 change detected
2026-05-29 21:20:26 | INFO     | watchfiles.main | 1 change detected
2026-05-29 21:20:27 | INFO     | watchfiles.main | 1 change detected
2026-05-29 21:20:27 | INFO     | watchfiles.main | 1 change detected
2026-05-29 21:20:27 | INFO     | watchfiles.main | 1 change detected
2026-05-29 21:20:28 | INFO     | watchfiles.main | 1 change detected
2026-05-29 21:20:28 | INFO     | watchfiles.main | 1 change detected
2026-05-29 21:20:28 | INFO     | watchfiles.main | 1 change detected
2026-05-29 21:20:29 | INFO     | watchfiles.main | 1 change detected
2026-05-29 21:20:29 | INFO     | watchfiles.main | 1 change detected
2026-05-29 21:20:29 | INFO     | watchfiles.main | 1 change detected
2026-05-29 21:20:30 | INFO     | watchfiles.main | 1 change detected
2026-05-29 21:20:30 | INFO     | watchfiles.main | 1 change detected
2026-05-29 21:20:31 | INFO     | watchfiles.main | 1 change detected
2026-05-29 21:20:31 | INFO     | watchfiles.main | 1 change detected
2026-05-29 21:20:31 | INFO     | watchfiles.main | 1 change detected
2026-05-29 21:20:32 | INFO     | watchfiles.main | 1 change detected
2026-05-29 21:20:32 | INFO     | watchfiles.main | 1 change detected
2026-05-29 21:20:32 | INFO     | watchfiles.main | 1 change detected
2026-05-29 21:20:33 | INFO     | watchfiles.main | 1 change detected
2026-05-29 21:20:33 | INFO     | watchfiles.main | 1 change detected
2026-05-29 21:20:33 | INFO     | watchfiles.main | 1 change detected
2026-05-29 21:20:34 | INFO     | watchfiles.main | 1 change detected
2026-05-29 21:20:34 | INFO     | watchfiles.main | 1 change detected
2026-05-29 21:20:34 | INFO     | watchfiles.main | 1 change detected
2026-05-29 21:20:35 | INFO     | watchfiles.main | 1 change detected
2026-05-29 21:20:35 | INFO     | watchfiles.main | 1 change detected
2026-05-29 21:20:36 | INFO     | watchfiles.main | 1 change detected
2026-05-29 21:20:36 | INFO     | watchfiles.main | 1 change detected
2026-05-29 21:20:36 | INFO     | watchfiles.main | 1 change detected
2026-05-29 21:20:37 | INFO     | watchfiles.main | 1 change detected
2026-05-29 21:20:37 | INFO     | watchfiles.main | 1 change detected
2026-05-29 21:20:37 | INFO     | watchfiles.main | 1 change detected
2026-05-29 21:20:38 | INFO     | watchfiles.main | 1 change detected
2026-05-29 21:20:38 | INFO     | watchfiles.main | 1 change detected
2026-05-29 21:20:38 | INFO     | watchfiles.main | 1 change detected
2026-05-29 21:20:39 | INFO     | watchfiles.main | 1 change detected
2026-05-29 21:20:39 | INFO     | watchfiles.main | 1 change detected
2026-05-29 21:20:39 | INFO     | watchfiles.main | 1 change detected
2026-05-29 21:20:40 | INFO     | watchfiles.main | 1 change detected
2026-05-29 21:20:40 | INFO     | watchfiles.main | 1 change detected
2026-05-29 21:20:40 | INFO     | watchfiles.main | 1 change detected
2026-05-29 21:20:41 | INFO     | watchfiles.main | 1 change detected
2026-05-29 21:20:41 | INFO     | watchfiles.main | 1 change detected
2026-05-29 21:20:42 | INFO     | watchfiles.main | 1 change detected
2026-05-29 21:20:42 | INFO     | watchfiles.main | 1 change detected
2026-05-29 21:20:42 | INFO     | watchfiles.main | 1 change detected
2026-05-29 21:20:43 | INFO     | watchfiles.main | 1 change detected
2026-05-29 21:20:43 | INFO     | watchfiles.main | 1 change detected
2026-05-29 21:20:43 | INFO     | watchfiles.main | 1 change detected
2026-05-29 21:20:44 | INFO     | watchfiles.main | 1 change detected
2026-05-29 21:20:44 | INFO     | watchfiles.main | 1 change detected
2026-05-29 21:20:44 | INFO     | watchfiles.main | 1 change detected
2026-05-29 21:20:45 | INFO     | watchfiles.main | 1 change detected
2026-05-29 21:20:45 | INFO     | watchfiles.main | 1 change detected
2026-05-29 21:20:45 | INFO     | watchfiles.main | 1 change detected
2026-05-29 21:20:46 | INFO     | watchfiles.main | 1 change detected
2026-05-29 21:20:46 | INFO     | watchfiles.main | 1 change detected
2026-05-29 21:20:47 | INFO     | watchfiles.main | 1 change detected
2026-05-29 21:20:47 | INFO     | watchfiles.main | 1 change detected
2026-05-29 21:20:47 | INFO     | watchfiles.main | 1 change detected
2026-05-29 21:20:48 | INFO     | watchfiles.main | 1 change detected
2026-05-29 21:20:48 | INFO     | watchfiles.main | 1 change detected
2026-05-29 21:20:48 | INFO     | watchfiles.main | 1 change detected
2026-05-29 21:20:49 | INFO     | watchfiles.main | 1 change detected
2026-05-29 21:20:49 | INFO     | watchfiles.main | 1 change detected
2026-05-29 21:20:49 | INFO     | watchfiles.main | 1 change detected
2026-05-29 21:20:50 | INFO     | watchfiles.main | 1 change detected
2026-05-29 21:20:50 | INFO     | watchfiles.main | 1 change detected
2026-05-29 21:20:50 | INFO     | watchfiles.main | 1 change detected
2026-05-29 21:20:51 | INFO     | watchfiles.main | 1 change detected
2026-05-29 21:20:51 | INFO     | watchfiles.main | 1 change detected
2026-05-29 21:20:52 | INFO     | watchfiles.main | 1 change detected
2026-05-29 21:20:52 | INFO     | watchfiles.main | 1 change detected
2026-05-29 21:20:52 | INFO     | watchfiles.main | 1 change detected
2026-05-29 21:20:53 | INFO     | watchfiles.main | 1 change detected
2026-05-29 21:20:53 | INFO     | watchfiles.main | 1 change detected
2026-05-29 21:20:53 | INFO     | watchfiles.main | 1 change detected
2026-05-29 21:20:54 | INFO     | watchfiles.main | 1 change detected
2026-05-29 21:20:54 | INFO     | watchfiles.main | 1 change detected
2026-05-29 21:20:54 | INFO     | watchfiles.main | 1 change detected
2026-05-29 21:20:55 | INFO     | watchfiles.main | 1 change detected
2026-05-29 21:20:55 | INFO     | watchfiles.main | 1 change detected
2026-05-29 21:20:55 | INFO     | watchfiles.main | 1 change detected
2026-05-29 21:20:56 | INFO     | watchfiles.main | 1 change detected
2026-05-29 21:20:56 | INFO     | watchfiles.main | 1 change detected
2026-05-29 21:20:56 | INFO     | watchfiles.main | 1 change detected
2026-05-29 21:20:57 | INFO     | watchfiles.main | 1 change detected
2026-05-29 21:20:57 | INFO     | watchfiles.main | 1 change detected
2026-05-29 21:20:58 | INFO     | watchfiles.main | 1 change detected
2026-05-29 21:20:58 | INFO     | watchfiles.main | 1 change detected
2026-05-29 21:20:58 | INFO     | watchfiles.main | 1 change detected
2026-05-29 21:20:59 | INFO     | watchfiles.main | 1 change detected
2026-05-29 21:20:59 | INFO     | watchfiles.main | 1 change detected
2026-05-29 21:20:59 | INFO     | watchfiles.main | 1 change detected
2026-05-29 21:21:00 | INFO     | watchfiles.main | 1 change detected
2026-05-29 21:21:00 | INFO     | watchfiles.main | 1 change detected
2026-05-29 21:21:00 | INFO     | watchfiles.main | 1 change detected
2026-05-29 21:21:01 | INFO     | watchfiles.main | 1 change detected
2026-05-29 21:21:01 | INFO     | watchfiles.main | 1 change detected
2026-05-29 21:21:01 | INFO     | watchfiles.main | 1 change detected
2026-05-29 21:21:02 | INFO     | watchfiles.main | 1 change detected
2026-05-29 21:21:02 | INFO     | watchfiles.main | 1 change detected
2026-05-29 21:21:03 | INFO     | watchfiles.main | 1 change detected
2026-05-29 21:21:03 | INFO     | watchfiles.main | 1 change detected
2026-05-29 21:21:03 | INFO     | watchfiles.main | 1 change detected
2026-05-29 21:21:04 | INFO     | watchfiles.main | 1 change detected
2026-05-29 21:21:04 | INFO     | watchfiles.main | 1 change detected
2026-05-29 21:21:04 | INFO     | watchfiles.main | 1 change detected
2026-05-29 21:21:05 | INFO     | watchfiles.main | 1 change detected
2026-05-29 21:21:05 | INFO     | watchfiles.main | 1 change detected
2026-05-29 21:21:05 | INFO     | watchfiles.main | 1 change detected
2026-05-29 21:21:06 | INFO     | watchfiles.main | 1 change detected
2026-05-29 21:21:06 | INFO     | watchfiles.main | 1 change detected
2026-05-29 21:21:07 | INFO     | watchfiles.main | 1 change detected
2026-05-29 21:21:07 | INFO     | watchfiles.main | 1 change detected
2026-05-29 21:21:07 | INFO     | watchfiles.main | 1 change detected
2026-05-29 21:21:08 | INFO     | watchfiles.main | 1 change detected
2026-05-29 21:21:08 | INFO     | watchfiles.main | 1 change detected
2026-05-29 21:21:08 | INFO     | watchfiles.main | 1 change detected
2026-05-29 21:21:09 | INFO     | watchfiles.main | 1 change detected
2026-05-29 21:21:09 | INFO     | watchfiles.main | 1 change detected
2026-05-29 21:21:09 | INFO     | watchfiles.main | 1 change detected
2026-05-29 21:21:10 | INFO     | watchfiles.main | 1 change detected
2026-05-29 21:21:10 | INFO     | watchfiles.main | 1 change detected
2026-05-29 21:21:10 | INFO     | watchfiles.main | 1 change detected
2026-05-29 21:21:11 | INFO     | watchfiles.main | 1 change detected
2026-05-29 21:21:11 | INFO     | watchfiles.main | 1 change detected
2026-05-29 21:21:12 | INFO     | watchfiles.main | 1 change detected
2026-05-29 21:21:12 | INFO     | watchfiles.main | 1 change detected
2026-05-29 21:21:12 | INFO     | watchfiles.main | 1 change detected
2026-05-29 21:21:13 | INFO     | watchfiles.main | 1 change detected
2026-05-29 21:21:13 | INFO     | watchfiles.main | 1 change detected
2026-05-29 21:21:13 | INFO     | watchfiles.main | 1 change detected
2026-05-29 21:21:14 | INFO     | watchfiles.main | 1 change detected
2026-05-29 21:21:14 | INFO     | watchfiles.main | 1 change detected
2026-05-29 21:21:14 | INFO     | watchfiles.main | 1 change detected
2026-05-29 21:21:15 | INFO     | watchfiles.main | 1 change detected
2026-05-29 21:21:15 | INFO     | watchfiles.main | 1 change detected
2026-05-29 21:21:15 | INFO     | watchfiles.main | 1 change detected
2026-05-29 21:21:16 | INFO     | watchfiles.main | 1 change detected
2026-05-29 21:21:16 | INFO     | watchfiles.main | 1 change detected
2026-05-29 21:21:16 | INFO     | watchfiles.main | 1 change detected
2026-05-29 21:21:17 | INFO     | watchfiles.main | 1 change detected
2026-05-29 21:21:17 | INFO     | watchfiles.main | 1 change detected
2026-05-29 21:21:18 | INFO     | watchfiles.main | 1 change detected
2026-05-29 21:21:18 | INFO     | watchfiles.main | 1 change detected
2026-05-29 21:21:18 | INFO     | watchfiles.main | 1 change detected
2026-05-29 21:21:19 | INFO     | watchfiles.main | 1 change detected
2026-05-29 21:21:19 | INFO     | watchfiles.main | 1 change detected
2026-05-29 21:21:19 | INFO     | watchfiles.main | 1 change detected
2026-05-29 21:21:20 | INFO     | watchfiles.main | 1 change detected
2026-05-29 21:21:20 | INFO     | watchfiles.main | 1 change detected
2026-05-29 21:21:20 | INFO     | watchfiles.main | 1 change detected
2026-05-29 21:21:21 | INFO     | watchfiles.main | 1 change detected
2026-05-29 21:21:21 | INFO     | watchfiles.main | 1 change detected
2026-05-29 21:21:21 | INFO     | watchfiles.main | 1 change detected
2026-05-29 21:21:22 | INFO     | watchfiles.main | 1 change detected
2026-05-29 21:21:22 | INFO     | watchfiles.main | 1 change detected
2026-05-29 21:21:23 | INFO     | watchfiles.main | 1 change detected
2026-05-29 21:21:23 | INFO     | watchfiles.main | 1 change detected
2026-05-29 21:21:23 | INFO     | watchfiles.main | 1 change detected
2026-05-29 21:21:24 | INFO     | watchfiles.main | 1 change detected
2026-05-29 21:21:24 | INFO     | watchfiles.main | 1 change detected
2026-05-29 21:21:24 | INFO     | watchfiles.main | 1 change detected
2026-05-29 21:21:25 | INFO     | watchfiles.main | 1 change detected
2026-05-29 21:21:25 | INFO     | watchfiles.main | 1 change detected
2026-05-29 21:21:25 | INFO     | watchfiles.main | 1 change detected
2026-05-29 21:21:26 | INFO     | watchfiles.main | 1 change detected
2026-05-29 21:21:26 | INFO     | watchfiles.main | 1 change detected
2026-05-29 21:21:27 | INFO     | watchfiles.main | 1 change detected
2026-05-29 21:21:27 | INFO     | watchfiles.main | 1 change detected
2026-05-29 21:21:27 | INFO     | watchfiles.main | 1 change detected
2026-05-29 21:21:28 | INFO     | watchfiles.main | 1 change detected
2026-05-29 21:21:28 | INFO     | watchfiles.main | 1 change detected
2026-05-29 21:21:28 | INFO     | watchfiles.main | 1 change detected
2026-05-29 21:21:29 | INFO     | watchfiles.main | 1 change detected
2026-05-29 21:21:29 | INFO     | watchfiles.main | 1 change detected
2026-05-29 21:21:29 | INFO     | watchfiles.main | 1 change detected
2026-05-29 21:21:30 | INFO     | watchfiles.main | 1 change detected
2026-05-29 21:21:30 | INFO     | watchfiles.main | 1 change detected
2026-05-29 21:21:30 | INFO     | watchfiles.main | 1 change detected
2026-05-29 21:21:31 | INFO     | watchfiles.main | 1 change detected
2026-05-29 21:21:31 | INFO     | watchfiles.main | 1 change detected
2026-05-29 21:21:32 | INFO     | watchfiles.main | 1 change detected
2026-05-29 21:21:32 | INFO     | watchfiles.main | 1 change detected
2026-05-29 21:21:32 | INFO     | watchfiles.main | 1 change detected
2026-05-29 21:21:33 | INFO     | watchfiles.main | 1 change detected
2026-05-29 21:21:33 | INFO     | watchfiles.main | 1 change detected
2026-05-29 21:21:33 | INFO     | watchfiles.main | 1 change detected
2026-05-29 21:21:34 | INFO     | watchfiles.main | 1 change detected
2026-05-29 21:21:34 | INFO     | watchfiles.main | 1 change detected
2026-05-29 21:21:34 | INFO     | watchfiles.main | 1 change detected
2026-05-29 21:21:35 | INFO     | watchfiles.main | 1 change detected
2026-05-29 21:21:35 | INFO     | watchfiles.main | 1 change detected
2026-05-29 21:21:35 | INFO     | watchfiles.main | 1 change detected
2026-05-29 21:21:36 | INFO     | watchfiles.main | 1 change detected
2026-05-29 21:21:36 | INFO     | watchfiles.main | 1 change detected
2026-05-29 21:21:37 | INFO     | watchfiles.main | 1 change detected
2026-05-29 21:21:37 | INFO     | watchfiles.main | 1 change detected
2026-05-29 21:21:37 | INFO     | watchfiles.main | 1 change detected
2026-05-29 21:21:38 | INFO     | watchfiles.main | 1 change detected
2026-05-29 21:21:38 | INFO     | watchfiles.main | 1 change detected
2026-05-29 21:21:38 | INFO     | watchfiles.main | 1 change detected
2026-05-29 21:21:39 | INFO     | watchfiles.main | 1 change detected
2026-05-29 21:21:39 | INFO     | watchfiles.main | 1 change detected
2026-05-29 21:21:39 | INFO     | watchfiles.main | 1 change detected
2026-05-29 21:21:40 | INFO     | watchfiles.main | 1 change detected
2026-05-29 21:21:40 | INFO     | watchfiles.main | 1 change detected
2026-05-29 21:21:40 | INFO     | watchfiles.main | 1 change detected
2026-05-29 21:21:41 | INFO     | watchfiles.main | 1 change detected
2026-05-29 21:21:41 | INFO     | watchfiles.main | 1 change detected
2026-05-29 21:21:42 | INFO     | watchfiles.main | 1 change detected
2026-05-29 21:21:42 | INFO     | watchfiles.main | 1 change detected
2026-05-29 21:21:42 | INFO     | watchfiles.main | 1 change detected
2026-05-29 21:21:43 | INFO     | watchfiles.main | 1 change detected
2026-05-29 21:21:43 | INFO     | watchfiles.main | 1 change detected
2026-05-29 21:21:43 | INFO     | watchfiles.main | 1 change detected
2026-05-29 21:21:44 | INFO     | watchfiles.main | 1 change detected
2026-05-29 21:21:44 | INFO     | watchfiles.main | 1 change detected
2026-05-29 21:21:44 | INFO     | watchfiles.main | 1 change detected
2026-05-29 21:21:45 | INFO     | watchfiles.main | 1 change detected
2026-05-29 21:21:45 | INFO     | watchfiles.main | 1 change detected
2026-05-29 21:21:45 | INFO     | watchfiles.main | 1 change detected
2026-05-29 21:21:46 | INFO     | watchfiles.main | 1 change detected
2026-05-29 21:21:46 | INFO     | watchfiles.main | 1 change detected
2026-05-29 21:21:47 | INFO     | watchfiles.main | 1 change detected
2026-05-29 21:21:47 | INFO     | watchfiles.main | 1 change detected
2026-05-29 21:21:47 | INFO     | watchfiles.main | 1 change detected
2026-05-29 21:21:48 | INFO     | watchfiles.main | 1 change detected
2026-05-29 21:21:48 | INFO     | watchfiles.main | 1 change detected
2026-05-29 21:21:48 | INFO     | watchfiles.main | 1 change detected
2026-05-29 21:21:49 | INFO     | watchfiles.main | 1 change detected
2026-05-29 21:21:49 | INFO     | watchfiles.main | 1 change detected
2026-05-29 21:21:49 | INFO     | watchfiles.main | 1 change detected
2026-05-29 21:21:50 | INFO     | watchfiles.main | 1 change detected
2026-05-29 21:21:50 | INFO     | watchfiles.main | 1 change detected
2026-05-29 21:21:50 | INFO     | watchfiles.main | 1 change detected
2026-05-29 21:21:51 | INFO     | watchfiles.main | 1 change detected
2026-05-29 21:21:51 | INFO     | watchfiles.main | 1 change detected
2026-05-29 21:21:52 | INFO     | watchfiles.main | 1 change detected
2026-05-29 21:21:52 | INFO     | watchfiles.main | 1 change detected
2026-05-29 21:21:52 | INFO     | watchfiles.main | 1 change detected
2026-05-29 21:21:53 | INFO     | watchfiles.main | 1 change detected
2026-05-29 21:21:53 | INFO     | watchfiles.main | 1 change detected
2026-05-29 21:21:53 | INFO     | watchfiles.main | 1 change detected
2026-05-29 21:21:54 | INFO     | watchfiles.main | 1 change detected
2026-05-29 21:21:54 | INFO     | watchfiles.main | 1 change detected
2026-05-29 21:21:54 | INFO     | watchfiles.main | 1 change detected
2026-05-29 21:21:55 | INFO     | watchfiles.main | 1 change detected
2026-05-29 21:21:55 | INFO     | watchfiles.main | 1 change detected
2026-05-29 21:21:55 | INFO     | watchfiles.main | 1 change detected
2026-05-29 21:21:56 | INFO     | watchfiles.main | 1 change detected
2026-05-29 21:21:56 | INFO     | watchfiles.main | 1 change detected
2026-05-29 21:21:57 | INFO     | watchfiles.main | 1 change detected
2026-05-29 21:21:57 | INFO     | watchfiles.main | 1 change detected
2026-05-29 21:21:57 | INFO     | watchfiles.main | 1 change detected
2026-05-29 21:21:58 | INFO     | watchfiles.main | 1 change detected
2026-05-29 21:21:58 | INFO     | watchfiles.main | 1 change detected
2026-05-29 21:21:58 | INFO     | watchfiles.main | 1 change detected
2026-05-29 21:21:59 | INFO     | watchfiles.main | 1 change detected
2026-05-29 21:21:59 | INFO     | watchfiles.main | 1 change detected
2026-05-29 21:21:59 | INFO     | watchfiles.main | 1 change detected
2026-05-29 21:22:00 | INFO     | watchfiles.main | 1 change detected
2026-05-29 21:22:00 | INFO     | watchfiles.main | 1 change detected
2026-05-29 21:22:00 | INFO     | watchfiles.main | 1 change detected
2026-05-29 21:22:01 | INFO     | watchfiles.main | 1 change detected
2026-05-29 21:22:01 | INFO     | watchfiles.main | 1 change detected
2026-05-29 21:22:02 | INFO     | watchfiles.main | 1 change detected
2026-05-29 21:22:02 | INFO     | watchfiles.main | 1 change detected
2026-05-29 21:22:02 | INFO     | watchfiles.main | 1 change detected
2026-05-29 21:22:03 | INFO     | watchfiles.main | 1 change detected
2026-05-29 21:22:03 | INFO     | watchfiles.main | 1 change detected
2026-05-29 21:22:03 | INFO     | watchfiles.main | 1 change detected
2026-05-29 21:22:04 | INFO     | watchfiles.main | 1 change detected
2026-05-29 21:22:04 | INFO     | watchfiles.main | 1 change detected
2026-05-29 21:22:04 | INFO     | watchfiles.main | 1 change detected
2026-05-29 21:22:05 | INFO     | watchfiles.main | 1 change detected
2026-05-29 21:22:05 | INFO     | watchfiles.main | 1 change detected
2026-05-29 21:22:06 | INFO     | watchfiles.main | 1 change detected
2026-05-29 21:22:06 | INFO     | watchfiles.main | 1 change detected
2026-05-29 21:22:06 | INFO     | watchfiles.main | 1 change detected
2026-05-29 21:22:07 | INFO     | watchfiles.main | 1 change detected
2026-05-29 21:22:07 | INFO     | watchfiles.main | 1 change detected
2026-05-29 21:22:07 | INFO     | watchfiles.main | 1 change detected
2026-05-29 21:22:08 | INFO     | watchfiles.main | 1 change detected
2026-05-29 21:22:08 | INFO     | watchfiles.main | 1 change detected
2026-05-29 21:22:08 | INFO     | watchfiles.main | 1 change detected
2026-05-29 21:22:09 | INFO     | watchfiles.main | 1 change detected
2026-05-29 21:22:09 | INFO     | watchfiles.main | 1 change detected
2026-05-29 21:22:09 | INFO     | watchfiles.main | 1 change detected
2026-05-29 21:22:10 | INFO     | watchfiles.main | 1 change detected
2026-05-29 21:22:10 | INFO     | watchfiles.main | 1 change detected
2026-05-29 21:22:11 | INFO     | watchfiles.main | 1 change detected
2026-05-29 21:22:11 | INFO     | watchfiles.main | 1 change detected
2026-05-29 21:22:11 | INFO     | watchfiles.main | 1 change detected
2026-05-29 21:22:12 | INFO     | watchfiles.main | 1 change detected
2026-05-29 21:22:12 | INFO     | watchfiles.main | 1 change detected
2026-05-29 21:22:12 | INFO     | watchfiles.main | 1 change detected
2026-05-29 21:22:13 | INFO     | watchfiles.main | 1 change detected
2026-05-29 21:22:13 | INFO     | watchfiles.main | 1 change detected
2026-05-29 21:22:13 | INFO     | watchfiles.main | 1 change detected
2026-05-29 21:22:14 | INFO     | watchfiles.main | 1 change detected
2026-05-29 21:22:14 | INFO     | watchfiles.main | 1 change detected
2026-05-29 21:22:14 | INFO     | watchfiles.main | 1 change detected
2026-05-29 21:22:15 | INFO     | watchfiles.main | 1 change detected
2026-05-29 21:22:15 | INFO     | watchfiles.main | 1 change detected
2026-05-29 21:22:16 | INFO     | watchfiles.main | 1 change detected
2026-05-29 21:22:16 | INFO     | watchfiles.main | 1 change detected
2026-05-29 21:22:16 | INFO     | watchfiles.main | 1 change detected
2026-05-29 21:22:17 | INFO     | watchfiles.main | 1 change detected
2026-05-29 21:22:17 | INFO     | watchfiles.main | 1 change detected
2026-05-29 21:22:17 | INFO     | watchfiles.main | 1 change detected
2026-05-29 21:22:18 | INFO     | watchfiles.main | 1 change detected
2026-05-29 21:22:18 | INFO     | watchfiles.main | 1 change detected
2026-05-29 21:22:18 | INFO     | watchfiles.main | 1 change detected
2026-05-29 21:22:19 | INFO     | watchfiles.main | 1 change detected
2026-05-29 21:22:19 | INFO     | watchfiles.main | 1 change detected
2026-05-29 21:22:19 | INFO     | watchfiles.main | 1 change detected
2026-05-29 21:22:20 | INFO     | watchfiles.main | 1 change detected
2026-05-29 21:22:20 | INFO     | watchfiles.main | 1 change detected
2026-05-29 21:22:21 | INFO     | watchfiles.main | 1 change detected
2026-05-29 21:22:21 | INFO     | watchfiles.main | 1 change detected
2026-05-29 21:22:21 | INFO     | watchfiles.main | 1 change detected
2026-05-29 21:22:22 | INFO     | watchfiles.main | 1 change detected
2026-05-29 21:22:22 | INFO     | watchfiles.main | 1 change detected
2026-05-29 21:22:22 | INFO     | watchfiles.main | 1 change detected
2026-05-29 21:22:23 | INFO     | watchfiles.main | 1 change detected
2026-05-29 21:22:23 | INFO     | watchfiles.main | 1 change detected
2026-05-29 21:22:23 | INFO     | watchfiles.main | 1 change detected
2026-05-29 21:22:24 | INFO     | watchfiles.main | 1 change detected
2026-05-29 21:22:24 | INFO     | watchfiles.main | 1 change detected
2026-05-29 21:22:25 | INFO     | watchfiles.main | 1 change detected
2026-05-29 21:22:25 | INFO     | watchfiles.main | 1 change detected
2026-05-29 21:22:25 | INFO     | watchfiles.main | 1 change detected
2026-05-29 21:22:26 | INFO     | watchfiles.main | 1 change detected
2026-05-29 21:22:26 | INFO     | watchfiles.main | 1 change detected
2026-05-29 21:22:26 | INFO     | watchfiles.main | 1 change detected
2026-05-29 21:22:27 | INFO     | watchfiles.main | 1 change detected
2026-05-29 21:22:27 | INFO     | watchfiles.main | 1 change detected
2026-05-29 21:22:27 | INFO     | watchfiles.main | 1 change detected
2026-05-29 21:22:28 | INFO     | watchfiles.main | 1 change detected
2026-05-29 21:22:28 | INFO     | watchfiles.main | 1 change detected
2026-05-29 21:22:28 | INFO     | watchfiles.main | 1 change detected
2026-05-29 21:22:29 | INFO     | watchfiles.main | 1 change detected
2026-05-29 21:22:29 | INFO     | watchfiles.main | 1 change detected
2026-05-29 21:22:29 | INFO     | watchfiles.main | 1 change detected
2026-05-29 21:22:30 | INFO     | watchfiles.main | 1 change detected
2026-05-29 21:22:30 | INFO     | watchfiles.main | 1 change detected
2026-05-29 21:22:31 | INFO     | watchfiles.main | 1 change detected
2026-05-29 21:22:31 | INFO     | watchfiles.main | 1 change detected
2026-05-29 21:22:31 | INFO     | watchfiles.main | 1 change detected
2026-05-29 21:22:32 | INFO     | watchfiles.main | 1 change detected
2026-05-29 21:22:32 | INFO     | watchfiles.main | 1 change detected
2026-05-29 21:22:32 | INFO     | watchfiles.main | 1 change detected
2026-05-29 21:22:33 | INFO     | watchfiles.main | 1 change detected
2026-05-29 21:22:33 | INFO     | watchfiles.main | 1 change detected
2026-05-29 21:22:33 | INFO     | watchfiles.main | 1 change detected
2026-05-29 21:22:34 | INFO     | watchfiles.main | 1 change detected
2026-05-29 21:22:34 | INFO     | watchfiles.main | 1 change detected
2026-05-29 21:22:34 | INFO     | watchfiles.main | 1 change detected
2026-05-29 21:22:35 | INFO     | watchfiles.main | 1 change detected
2026-05-29 21:22:35 | INFO     | watchfiles.main | 1 change detected
2026-05-29 21:22:36 | INFO     | watchfiles.main | 1 change detected
2026-05-29 21:22:36 | INFO     | watchfiles.main | 1 change detected
2026-05-29 21:22:36 | INFO     | watchfiles.main | 1 change detected
2026-05-29 21:22:37 | INFO     | watchfiles.main | 1 change detected
2026-05-29 21:22:37 | INFO     | watchfiles.main | 1 change detected
2026-05-29 21:22:37 | INFO     | watchfiles.main | 1 change detected
2026-05-29 21:22:38 | INFO     | watchfiles.main | 1 change detected
2026-05-29 21:22:38 | INFO     | watchfiles.main | 1 change detected
2026-05-29 21:22:38 | INFO     | watchfiles.main | 1 change detected
2026-05-29 21:22:39 | INFO     | watchfiles.main | 1 change detected
2026-05-29 21:22:39 | INFO     | watchfiles.main | 1 change detected
2026-05-29 21:22:39 | INFO     | watchfiles.main | 1 change detected
2026-05-29 21:22:40 | INFO     | watchfiles.main | 1 change detected
2026-05-29 21:22:40 | INFO     | watchfiles.main | 1 change detected
2026-05-29 21:22:41 | INFO     | watchfiles.main | 1 change detected
2026-05-29 21:22:41 | INFO     | watchfiles.main | 1 change detected
2026-05-29 21:22:41 | INFO     | watchfiles.main | 1 change detected
2026-05-29 21:22:42 | INFO     | watchfiles.main | 1 change detected
2026-05-29 21:22:42 | INFO     | watchfiles.main | 1 change detected
2026-05-29 21:22:42 | INFO     | watchfiles.main | 1 change detected
2026-05-29 21:22:43 | INFO     | watchfiles.main | 1 change detected
2026-05-29 21:22:43 | INFO     | watchfiles.main | 1 change detected
2026-05-29 21:22:43 | INFO     | watchfiles.main | 1 change detected
2026-05-29 21:22:44 | INFO     | watchfiles.main | 1 change detected
2026-05-29 21:22:44 | INFO     | watchfiles.main | 1 change detected
2026-05-29 21:22:44 | INFO     | watchfiles.main | 1 change detected
2026-05-29 21:22:45 | INFO     | watchfiles.main | 1 change detected
2026-05-29 21:22:45 | INFO     | watchfiles.main | 1 change detected
2026-05-29 21:22:46 | INFO     | watchfiles.main | 1 change detected
2026-05-29 21:22:46 | INFO     | watchfiles.main | 1 change detected
2026-05-29 21:22:46 | INFO     | watchfiles.main | 1 change detected
2026-05-29 21:22:47 | INFO     | watchfiles.main | 1 change detected
2026-05-29 21:22:47 | INFO     | watchfiles.main | 1 change detected
2026-05-29 21:22:47 | INFO     | watchfiles.main | 1 change detected
2026-05-29 21:22:48 | INFO     | watchfiles.main | 1 change detected
2026-05-29 21:22:48 | INFO     | watchfiles.main | 1 change detected
2026-05-29 21:22:48 | INFO     | watchfiles.main | 1 change detected
2026-05-29 21:22:49 | INFO     | watchfiles.main | 1 change detected
2026-05-29 21:22:49 | INFO     | watchfiles.main | 1 change detected
2026-05-29 21:22:49 | INFO     | watchfiles.main | 1 change detected
2026-05-29 21:22:50 | INFO     | watchfiles.main | 1 change detected
2026-05-29 21:22:50 | INFO     | watchfiles.main | 1 change detected
2026-05-29 21:22:51 | INFO     | watchfiles.main | 1 change detected
2026-05-29 21:22:51 | INFO     | watchfiles.main | 1 change detected
2026-05-29 21:22:51 | INFO     | watchfiles.main | 1 change detected
2026-05-29 21:22:52 | INFO     | watchfiles.main | 1 change detected
2026-05-29 21:22:52 | INFO     | watchfiles.main | 1 change detected
2026-05-29 21:22:52 | INFO     | watchfiles.main | 1 change detected
2026-05-29 21:22:53 | INFO     | watchfiles.main | 1 change detected
2026-05-29 21:25:03 | INFO     | watchfiles.main | 1 change detected
2026-05-29 21:25:03 | INFO     | watchfiles.main | 1 change detected
2026-05-29 21:25:04 | INFO     | watchfiles.main | 1 change detected
2026-05-29 21:25:04 | INFO     | watchfiles.main | 1 change detected
2026-05-29 21:25:04 | INFO     | watchfiles.main | 1 change detected
2026-05-29 21:25:05 | INFO     | watchfiles.main | 1 change detected
2026-05-29 21:25:05 | INFO     | watchfiles.main | 1 change detected
2026-05-29 21:25:06 | INFO     | watchfiles.main | 1 change detected
2026-05-29 21:25:06 | INFO     | watchfiles.main | 1 change detected
2026-05-29 21:25:06 | INFO     | watchfiles.main | 1 change detected
2026-05-29 21:25:07 | INFO     | watchfiles.main | 1 change detected
2026-05-29 21:25:07 | INFO     | watchfiles.main | 1 change detected
2026-05-29 21:25:07 | INFO     | watchfiles.main | 1 change detected
2026-05-29 21:25:08 | INFO     | watchfiles.main | 1 change detected
2026-05-29 21:25:08 | INFO     | watchfiles.main | 1 change detected
2026-05-29 21:25:08 | INFO     | watchfiles.main | 1 change detected
2026-05-29 21:25:09 | INFO     | watchfiles.main | 1 change detected
2026-05-29 21:25:09 | INFO     | watchfiles.main | 1 change detected
2026-05-29 21:25:09 | INFO     | watchfiles.main | 1 change detected
2026-05-29 21:25:10 | INFO     | watchfiles.main | 1 change detected
2026-05-29 21:25:10 | INFO     | watchfiles.main | 1 change detected
2026-05-29 21:25:11 | INFO     | watchfiles.main | 1 change detected
2026-05-29 21:25:11 | INFO     | watchfiles.main | 1 change detected
2026-05-29 21:25:11 | INFO     | watchfiles.main | 1 change detected
2026-05-29 21:25:12 | INFO     | watchfiles.main | 1 change detected
2026-05-29 21:25:12 | INFO     | watchfiles.main | 1 change detected
2026-05-29 21:25:12 | INFO     | watchfiles.main | 1 change detected
2026-05-29 21:25:13 | INFO     | watchfiles.main | 1 change detected
2026-05-29 21:25:13 | INFO     | watchfiles.main | 1 change detected
2026-05-29 21:25:13 | INFO     | watchfiles.main | 1 change detected
2026-05-29 21:25:14 | INFO     | watchfiles.main | 1 change detected
2026-05-29 21:25:14 | INFO     | watchfiles.main | 1 change detected
2026-05-29 21:25:14 | INFO     | watchfiles.main | 1 change detected
2026-05-29 21:25:15 | INFO     | watchfiles.main | 1 change detected
2026-05-29 21:25:15 | INFO     | watchfiles.main | 1 change detected
2026-05-29 21:25:15 | INFO     | watchfiles.main | 1 change detected
2026-05-29 21:25:16 | INFO     | watchfiles.main | 1 change detected
2026-05-29 21:25:16 | INFO     | watchfiles.main | 1 change detected
2026-05-29 21:25:17 | INFO     | watchfiles.main | 1 change detected
2026-05-29 21:25:17 | INFO     | watchfiles.main | 1 change detected
2026-05-29 21:25:17 | INFO     | watchfiles.main | 1 change detected
2026-05-29 21:25:18 | INFO     | watchfiles.main | 1 change detected
2026-05-29 21:25:18 | INFO     | watchfiles.main | 1 change detected
2026-05-29 21:25:18 | INFO     | watchfiles.main | 1 change detected
2026-05-29 21:25:19 | INFO     | watchfiles.main | 1 change detected
2026-05-29 21:25:19 | INFO     | watchfiles.main | 1 change detected
2026-05-29 21:25:19 | INFO     | watchfiles.main | 1 change detected
2026-05-29 21:25:20 | INFO     | watchfiles.main | 1 change detected
2026-05-29 21:25:20 | INFO     | watchfiles.main | 1 change detected
2026-05-29 21:25:20 | INFO     | watchfiles.main | 1 change detected
2026-05-29 21:25:21 | INFO     | watchfiles.main | 1 change detected
2026-05-29 21:25:21 | INFO     | watchfiles.main | 1 change detected
2026-05-29 21:25:22 | INFO     | watchfiles.main | 1 change detected
2026-05-29 21:25:22 | INFO     | watchfiles.main | 1 change detected
2026-05-29 21:25:22 | INFO     | watchfiles.main | 1 change detected
2026-05-29 21:25:23 | INFO     | watchfiles.main | 1 change detected
2026-05-29 21:25:23 | INFO     | watchfiles.main | 1 change detected
2026-05-29 21:25:23 | INFO     | watchfiles.main | 1 change detected
2026-05-29 21:25:24 | INFO     | watchfiles.main | 1 change detected
2026-05-29 21:25:24 | INFO     | watchfiles.main | 1 change detected
2026-05-29 21:25:24 | INFO     | watchfiles.main | 1 change detected
2026-05-29 21:25:25 | INFO     | watchfiles.main | 1 change detected
2026-05-29 21:25:25 | INFO     | watchfiles.main | 1 change detected
2026-05-29 21:25:26 | INFO     | watchfiles.main | 1 change detected
2026-05-29 21:25:26 | INFO     | watchfiles.main | 1 change detected
2026-05-29 21:25:26 | INFO     | watchfiles.main | 1 change detected
2026-05-29 21:25:27 | INFO     | watchfiles.main | 1 change detected
2026-05-29 21:25:27 | INFO     | watchfiles.main | 1 change detected
2026-05-29 21:25:27 | INFO     | watchfiles.main | 1 change detected
2026-05-29 21:25:28 | INFO     | watchfiles.main | 1 change detected
2026-05-29 21:25:28 | INFO     | watchfiles.main | 1 change detected
2026-05-29 21:25:28 | INFO     | watchfiles.main | 1 change detected
2026-05-29 21:25:29 | INFO     | watchfiles.main | 1 change detected
2026-05-29 21:25:29 | INFO     | watchfiles.main | 1 change detected
2026-05-29 21:25:30 | INFO     | watchfiles.main | 1 change detected
2026-05-29 21:25:30 | INFO     | watchfiles.main | 1 change detected
2026-05-29 21:25:30 | INFO     | watchfiles.main | 1 change detected
2026-05-29 21:25:31 | INFO     | watchfiles.main | 1 change detected
2026-05-29 21:25:31 | INFO     | watchfiles.main | 1 change detected
2026-05-29 21:25:31 | INFO     | watchfiles.main | 1 change detected
2026-05-29 21:25:32 | INFO     | watchfiles.main | 1 change detected
2026-05-29 21:25:32 | INFO     | watchfiles.main | 1 change detected
2026-05-29 21:25:32 | INFO     | watchfiles.main | 1 change detected
2026-05-29 21:25:33 | INFO     | watchfiles.main | 1 change detected
2026-05-29 21:25:33 | INFO     | watchfiles.main | 1 change detected
2026-05-29 21:25:33 | INFO     | watchfiles.main | 1 change detected
2026-05-29 21:25:34 | INFO     | watchfiles.main | 1 change detected
2026-05-29 21:25:34 | INFO     | watchfiles.main | 1 change detected
2026-05-29 21:25:35 | INFO     | watchfiles.main | 1 change detected
2026-05-29 21:25:35 | INFO     | watchfiles.main | 1 change detected
2026-05-29 21:25:35 | INFO     | watchfiles.main | 1 change detected
2026-05-29 21:25:36 | INFO     | watchfiles.main | 1 change detected
2026-05-29 21:25:36 | INFO     | watchfiles.main | 1 change detected
2026-05-29 21:25:36 | INFO     | watchfiles.main | 1 change detected
2026-05-29 21:25:37 | INFO     | watchfiles.main | 1 change detected
2026-05-29 21:25:37 | INFO     | watchfiles.main | 1 change detected
2026-05-29 21:25:37 | INFO     | watchfiles.main | 1 change detected
2026-05-29 21:25:38 | INFO     | watchfiles.main | 1 change detected
2026-05-29 21:25:38 | INFO     | watchfiles.main | 1 change detected
2026-05-29 21:25:38 | INFO     | watchfiles.main | 1 change detected
2026-05-29 21:25:39 | INFO     | watchfiles.main | 1 change detected
2026-05-29 21:25:39 | INFO     | watchfiles.main | 1 change detected
2026-05-29 21:25:40 | INFO     | watchfiles.main | 1 change detected
2026-05-29 21:25:40 | INFO     | watchfiles.main | 1 change detected
2026-05-29 21:25:40 | INFO     | watchfiles.main | 1 change detected
2026-05-29 21:25:41 | INFO     | watchfiles.main | 1 change detected
2026-05-29 21:25:41 | INFO     | watchfiles.main | 1 change detected
2026-05-29 21:25:41 | INFO     | watchfiles.main | 1 change detected
2026-05-29 21:25:42 | INFO     | watchfiles.main | 1 change detected
2026-05-29 21:25:42 | INFO     | watchfiles.main | 1 change detected
2026-05-29 21:25:42 | INFO     | watchfiles.main | 1 change detected
2026-05-29 21:25:43 | INFO     | watchfiles.main | 1 change detected
2026-05-29 21:25:43 | INFO     | watchfiles.main | 1 change detected
2026-05-29 21:25:43 | INFO     | watchfiles.main | 1 change detected
2026-05-29 21:25:44 | INFO     | watchfiles.main | 1 change detected
2026-05-29 21:25:44 | INFO     | watchfiles.main | 1 change detected
2026-05-29 21:25:45 | INFO     | watchfiles.main | 1 change detected
2026-05-29 21:25:45 | INFO     | watchfiles.main | 1 change detected
2026-05-29 21:25:45 | INFO     | watchfiles.main | 1 change detected
2026-05-29 21:25:46 | INFO     | watchfiles.main | 1 change detected
2026-05-29 21:25:46 | INFO     | watchfiles.main | 1 change detected
2026-05-29 21:25:46 | INFO     | watchfiles.main | 1 change detected
2026-05-29 21:25:47 | INFO     | watchfiles.main | 1 change detected
2026-05-29 21:25:47 | INFO     | watchfiles.main | 1 change detected
2026-05-29 21:25:47 | INFO     | watchfiles.main | 1 change detected
2026-05-29 21:25:48 | INFO     | watchfiles.main | 1 change detected
2026-05-29 21:25:48 | INFO     | watchfiles.main | 1 change detected
2026-05-29 21:25:48 | INFO     | watchfiles.main | 1 change detected
2026-05-29 21:25:49 | INFO     | watchfiles.main | 1 change detected
2026-05-29 21:25:49 | INFO     | watchfiles.main | 1 change detected
2026-05-29 21:25:50 | INFO     | watchfiles.main | 1 change detected
2026-05-29 21:25:50 | INFO     | watchfiles.main | 1 change detected
2026-05-29 21:25:50 | INFO     | watchfiles.main | 1 change detected
2026-05-29 21:25:51 | INFO     | watchfiles.main | 1 change detected
2026-05-29 21:25:51 | INFO     | watchfiles.main | 1 change detected
2026-05-29 21:25:51 | INFO     | watchfiles.main | 1 change detected
2026-05-29 21:25:52 | INFO     | watchfiles.main | 1 change detected
2026-05-29 21:25:52 | INFO     | watchfiles.main | 1 change detected
2026-05-29 21:25:52 | INFO     | watchfiles.main | 1 change detected
2026-05-29 21:25:53 | INFO     | watchfiles.main | 1 change detected
2026-05-29 21:25:53 | INFO     | watchfiles.main | 1 change detected
2026-05-29 21:25:53 | INFO     | watchfiles.main | 1 change detected
2026-05-29 21:25:54 | INFO     | watchfiles.main | 1 change detected
2026-05-29 21:25:54 | INFO     | watchfiles.main | 1 change detected
2026-05-29 21:25:55 | INFO     | watchfiles.main | 1 change detected
2026-05-29 21:25:55 | INFO     | watchfiles.main | 1 change detected
2026-05-29 21:25:55 | INFO     | watchfiles.main | 1 change detected
2026-05-29 21:25:56 | INFO     | watchfiles.main | 1 change detected
2026-05-29 21:25:56 | INFO     | watchfiles.main | 1 change detected
2026-05-29 21:25:56 | INFO     | watchfiles.main | 1 change detected
2026-05-29 21:25:57 | INFO     | watchfiles.main | 1 change detected
2026-05-29 21:25:57 | INFO     | watchfiles.main | 1 change detected
2026-05-29 21:25:57 | INFO     | watchfiles.main | 1 change detected
2026-05-29 21:25:58 | INFO     | watchfiles.main | 1 change detected
2026-05-29 21:25:58 | INFO     | watchfiles.main | 1 change detected
2026-05-29 21:25:59 | INFO     | watchfiles.main | 1 change detected
2026-05-29 21:25:59 | INFO     | watchfiles.main | 1 change detected
2026-05-29 21:25:59 | INFO     | watchfiles.main | 1 change detected
2026-05-29 21:26:00 | INFO     | watchfiles.main | 1 change detected
2026-05-29 21:26:00 | INFO     | watchfiles.main | 1 change detected
2026-05-29 21:26:00 | INFO     | watchfiles.main | 1 change detected
2026-05-29 21:26:01 | INFO     | watchfiles.main | 1 change detected
2026-05-29 21:26:01 | INFO     | watchfiles.main | 1 change detected
2026-05-29 21:26:01 | INFO     | watchfiles.main | 1 change detected
2026-05-29 21:26:02 | INFO     | watchfiles.main | 1 change detected
2026-05-29 21:26:02 | INFO     | watchfiles.main | 1 change detected
2026-05-29 21:26:02 | INFO     | watchfiles.main | 1 change detected
2026-05-29 21:26:03 | INFO     | watchfiles.main | 1 change detected
2026-05-29 21:26:03 | INFO     | watchfiles.main | 1 change detected
2026-05-29 21:26:04 | INFO     | watchfiles.main | 1 change detected
2026-05-29 21:26:04 | INFO     | watchfiles.main | 1 change detected
2026-05-29 21:26:04 | INFO     | watchfiles.main | 1 change detected
2026-05-29 21:26:05 | INFO     | watchfiles.main | 1 change detected
2026-05-29 21:26:05 | INFO     | watchfiles.main | 1 change detected
2026-05-29 21:26:05 | INFO     | watchfiles.main | 1 change detected
2026-05-29 21:26:06 | INFO     | watchfiles.main | 1 change detected
2026-05-29 21:26:06 | INFO     | watchfiles.main | 1 change detected
2026-05-29 21:26:06 | INFO     | watchfiles.main | 1 change detected
2026-05-29 21:26:07 | INFO     | watchfiles.main | 1 change detected
2026-05-29 21:26:07 | INFO     | watchfiles.main | 1 change detected
2026-05-29 21:26:07 | INFO     | watchfiles.main | 1 change detected
2026-05-29 21:26:08 | INFO     | watchfiles.main | 1 change detected
2026-05-29 21:26:08 | INFO     | watchfiles.main | 1 change detected
2026-05-29 21:26:09 | INFO     | watchfiles.main | 1 change detected
2026-05-29 21:26:09 | INFO     | watchfiles.main | 1 change detected
2026-05-29 21:26:09 | INFO     | watchfiles.main | 1 change detected
2026-05-29 21:26:10 | INFO     | watchfiles.main | 1 change detected
2026-05-29 21:26:10 | INFO     | watchfiles.main | 1 change detected
2026-05-29 21:26:10 | INFO     | watchfiles.main | 1 change detected
2026-05-29 21:26:11 | INFO     | watchfiles.main | 1 change detected
2026-05-29 21:26:11 | INFO     | watchfiles.main | 1 change detected
2026-05-29 21:26:11 | INFO     | watchfiles.main | 1 change detected
2026-05-29 21:26:12 | INFO     | watchfiles.main | 1 change detected
2026-05-29 21:26:12 | INFO     | watchfiles.main | 1 change detected
2026-05-29 21:26:12 | INFO     | watchfiles.main | 1 change detected
2026-05-29 21:26:13 | INFO     | watchfiles.main | 1 change detected
2026-05-29 21:26:13 | INFO     | watchfiles.main | 1 change detected
2026-05-29 21:26:14 | INFO     | watchfiles.main | 1 change detected
2026-05-29 21:26:14 | INFO     | watchfiles.main | 1 change detected
2026-05-29 21:26:14 | INFO     | watchfiles.main | 1 change detected
2026-05-29 21:26:15 | INFO     | watchfiles.main | 1 change detected
2026-05-29 21:26:15 | INFO     | watchfiles.main | 1 change detected
2026-05-29 21:26:15 | INFO     | watchfiles.main | 1 change detected
2026-05-29 21:26:16 | INFO     | watchfiles.main | 1 change detected
2026-05-29 21:26:16 | INFO     | watchfiles.main | 1 change detected
2026-05-29 21:26:16 | INFO     | watchfiles.main | 1 change detected
2026-05-29 21:26:17 | INFO     | watchfiles.main | 1 change detected
2026-05-29 21:26:17 | INFO     | watchfiles.main | 1 change detected
2026-05-29 21:26:17 | INFO     | watchfiles.main | 1 change detected
2026-05-29 21:26:18 | INFO     | watchfiles.main | 1 change detected
2026-05-29 21:26:18 | INFO     | watchfiles.main | 1 change detected
2026-05-29 21:26:19 | INFO     | watchfiles.main | 1 change detected
2026-05-29 21:26:19 | INFO     | watchfiles.main | 1 change detected
2026-05-29 21:26:19 | INFO     | watchfiles.main | 1 change detected
2026-05-29 21:26:20 | INFO     | watchfiles.main | 1 change detected
2026-05-29 21:26:20 | INFO     | watchfiles.main | 1 change detected
2026-05-29 21:26:20 | INFO     | watchfiles.main | 1 change detected
2026-05-29 21:26:21 | INFO     | watchfiles.main | 1 change detected
2026-05-29 21:26:21 | INFO     | watchfiles.main | 1 change detected
2026-05-29 21:26:21 | INFO     | watchfiles.main | 1 change detected
2026-05-29 21:26:22 | INFO     | watchfiles.main | 1 change detected
2026-05-29 21:26:22 | INFO     | watchfiles.main | 1 change detected
2026-05-29 21:26:22 | INFO     | watchfiles.main | 1 change detected
2026-05-29 21:26:23 | INFO     | watchfiles.main | 1 change detected
2026-05-29 21:26:23 | INFO     | watchfiles.main | 1 change detected
2026-05-29 21:26:24 | INFO     | watchfiles.main | 1 change detected
2026-05-29 21:26:24 | INFO     | watchfiles.main | 1 change detected
2026-05-29 21:26:24 | INFO     | watchfiles.main | 1 change detected
2026-05-29 21:26:25 | INFO     | watchfiles.main | 1 change detected
2026-05-29 21:26:25 | INFO     | watchfiles.main | 1 change detected
2026-05-29 21:26:25 | INFO     | watchfiles.main | 1 change detected
2026-05-29 21:26:26 | INFO     | watchfiles.main | 1 change detected
2026-05-29 21:26:26 | INFO     | watchfiles.main | 1 change detected
2026-05-29 21:26:26 | INFO     | watchfiles.main | 1 change detected
2026-05-29 21:26:27 | INFO     | watchfiles.main | 1 change detected
2026-05-29 21:26:27 | INFO     | watchfiles.main | 1 change detected
2026-05-29 21:26:27 | INFO     | watchfiles.main | 1 change detected
2026-05-29 21:26:28 | INFO     | watchfiles.main | 1 change detected
2026-05-29 21:26:28 | INFO     | watchfiles.main | 1 change detected
2026-05-29 21:26:29 | INFO     | watchfiles.main | 1 change detected
2026-05-29 21:26:29 | INFO     | watchfiles.main | 1 change detected
2026-05-29 21:26:29 | INFO     | watchfiles.main | 1 change detected
2026-05-29 21:26:30 | INFO     | watchfiles.main | 1 change detected
2026-05-29 21:26:30 | INFO     | watchfiles.main | 1 change detected
2026-05-29 21:26:30 | INFO     | watchfiles.main | 1 change detected
2026-05-29 21:26:31 | INFO     | watchfiles.main | 1 change detected
2026-05-29 21:26:31 | INFO     | watchfiles.main | 1 change detected
2026-05-29 21:26:31 | INFO     | watchfiles.main | 1 change detected
2026-05-29 21:26:32 | INFO     | watchfiles.main | 1 change detected
2026-05-29 21:26:32 | INFO     | watchfiles.main | 1 change detected
2026-05-29 21:26:32 | INFO     | watchfiles.main | 1 change detected
2026-05-29 21:26:33 | INFO     | watchfiles.main | 1 change detected
2026-05-29 21:26:33 | INFO     | watchfiles.main | 1 change detected
2026-05-29 21:26:34 | INFO     | watchfiles.main | 1 change detected
2026-05-29 21:26:34 | INFO     | watchfiles.main | 1 change detected
2026-05-29 21:26:34 | INFO     | watchfiles.main | 1 change detected
2026-05-29 21:26:35 | INFO     | watchfiles.main | 1 change detected
2026-05-29 21:26:35 | INFO     | watchfiles.main | 1 change detected
2026-05-29 21:26:35 | INFO     | watchfiles.main | 1 change detected
2026-05-29 21:26:36 | INFO     | watchfiles.main | 1 change detected
2026-05-29 21:26:36 | INFO     | watchfiles.main | 1 change detected
2026-05-29 21:26:36 | INFO     | watchfiles.main | 1 change detected
2026-05-29 21:26:37 | INFO     | watchfiles.main | 1 change detected
2026-05-29 21:26:37 | INFO     | watchfiles.main | 1 change detected
2026-05-29 21:26:38 | INFO     | watchfiles.main | 1 change detected
2026-05-29 21:26:38 | INFO     | watchfiles.main | 1 change detected
2026-05-29 21:26:38 | INFO     | watchfiles.main | 1 change detected
2026-05-29 21:26:39 | INFO     | watchfiles.main | 1 change detected
2026-05-29 21:26:39 | INFO     | watchfiles.main | 1 change detected
2026-05-29 21:26:40 | INFO     | watchfiles.main | 1 change detected
2026-05-29 21:26:40 | INFO     | watchfiles.main | 1 change detected
2026-05-29 21:26:40 | INFO     | watchfiles.main | 1 change detected
2026-05-29 21:26:41 | INFO     | watchfiles.main | 1 change detected
2026-05-29 21:26:41 | INFO     | watchfiles.main | 1 change detected
2026-05-29 21:26:41 | INFO     | watchfiles.main | 1 change detected
2026-05-29 21:26:42 | INFO     | watchfiles.main | 1 change detected
2026-05-29 21:26:42 | INFO     | watchfiles.main | 1 change detected
2026-05-29 21:26:42 | INFO     | watchfiles.main | 1 change detected
2026-05-29 21:26:43 | INFO     | watchfiles.main | 1 change detected
2026-05-29 21:26:43 | INFO     | watchfiles.main | 1 change detected
2026-05-29 21:26:43 | INFO     | watchfiles.main | 1 change detected
2026-05-29 21:26:44 | INFO     | watchfiles.main | 1 change detected
2026-05-29 21:26:44 | INFO     | watchfiles.main | 1 change detected
2026-05-29 21:26:45 | INFO     | watchfiles.main | 1 change detected
2026-05-29 21:26:45 | INFO     | watchfiles.main | 1 change detected
2026-05-29 21:26:45 | INFO     | watchfiles.main | 1 change detected
2026-05-29 21:26:46 | INFO     | watchfiles.main | 1 change detected
2026-05-29 21:26:46 | INFO     | watchfiles.main | 1 change detected
2026-05-29 21:26:46 | INFO     | watchfiles.main | 1 change detected
2026-05-29 21:26:47 | INFO     | watchfiles.main | 1 change detected
2026-05-29 21:26:47 | INFO     | watchfiles.main | 1 change detected
2026-05-29 21:26:47 | INFO     | watchfiles.main | 1 change detected
2026-05-29 21:26:48 | INFO     | watchfiles.main | 1 change detected
2026-05-29 21:26:48 | INFO     | watchfiles.main | 1 change detected
2026-05-29 21:26:48 | INFO     | watchfiles.main | 1 change detected
2026-05-29 21:26:49 | INFO     | watchfiles.main | 1 change detected
2026-05-29 21:26:49 | INFO     | watchfiles.main | 1 change detected
2026-05-29 21:26:49 | INFO     | watchfiles.main | 1 change detected
2026-05-29 21:26:50 | INFO     | watchfiles.main | 1 change detected
2026-05-29 21:26:50 | INFO     | watchfiles.main | 1 change detected
2026-05-29 21:26:51 | INFO     | watchfiles.main | 1 change detected
2026-05-29 21:26:51 | INFO     | watchfiles.main | 1 change detected
2026-05-29 21:26:51 | INFO     | watchfiles.main | 1 change detected
2026-05-29 21:26:52 | INFO     | watchfiles.main | 1 change detected
2026-05-29 21:26:52 | INFO     | watchfiles.main | 1 change detected
2026-05-29 21:26:52 | INFO     | watchfiles.main | 1 change detected
2026-05-29 21:26:53 | INFO     | watchfiles.main | 1 change detected
2026-05-29 21:26:53 | INFO     | watchfiles.main | 1 change detected
2026-05-29 21:26:53 | INFO     | watchfiles.main | 1 change detected
2026-05-29 21:26:54 | INFO     | watchfiles.main | 1 change detected
2026-05-29 21:26:54 | INFO     | watchfiles.main | 1 change detected
2026-05-29 21:26:54 | INFO     | watchfiles.main | 1 change detected
2026-05-29 21:26:55 | INFO     | watchfiles.main | 1 change detected
2026-05-29 21:26:55 | INFO     | watchfiles.main | 1 change detected
2026-05-29 21:26:56 | INFO     | watchfiles.main | 1 change detected
2026-05-29 21:26:56 | INFO     | watchfiles.main | 1 change detected
2026-05-29 21:26:56 | INFO     | watchfiles.main | 1 change detected
2026-05-29 21:26:57 | INFO     | watchfiles.main | 1 change detected
2026-05-29 21:26:57 | INFO     | watchfiles.main | 1 change detected
2026-05-29 21:26:57 | INFO     | watchfiles.main | 1 change detected
2026-05-29 21:26:58 | INFO     | watchfiles.main | 1 change detected
2026-05-29 21:26:58 | INFO     | watchfiles.main | 1 change detected
2026-05-29 21:26:58 | INFO     | watchfiles.main | 1 change detected
2026-05-29 21:26:59 | INFO     | watchfiles.main | 1 change detected
2026-05-29 21:26:59 | INFO     | watchfiles.main | 1 change detected
2026-05-29 21:27:00 | INFO     | watchfiles.main | 1 change detected
2026-05-29 21:27:00 | INFO     | watchfiles.main | 1 change detected
2026-05-29 21:27:00 | INFO     | watchfiles.main | 1 change detected
2026-05-29 21:27:01 | INFO     | watchfiles.main | 1 change detected
2026-05-29 21:27:01 | INFO     | watchfiles.main | 1 change detected
2026-05-29 21:27:01 | INFO     | watchfiles.main | 1 change detected
2026-05-29 21:27:02 | INFO     | watchfiles.main | 1 change detected
2026-05-29 21:27:02 | INFO     | watchfiles.main | 1 change detected
2026-05-29 21:27:02 | INFO     | watchfiles.main | 1 change detected
2026-05-29 21:27:03 | INFO     | watchfiles.main | 1 change detected
2026-05-29 21:27:03 | INFO     | watchfiles.main | 1 change detected
2026-05-29 21:27:03 | INFO     | watchfiles.main | 1 change detected
2026-05-29 21:27:04 | INFO     | watchfiles.main | 1 change detected
2026-05-29 21:27:04 | INFO     | watchfiles.main | 1 change detected
2026-05-29 21:27:04 | INFO     | watchfiles.main | 1 change detected
2026-05-29 21:27:05 | INFO     | watchfiles.main | 1 change detected
2026-05-29 21:27:05 | INFO     | watchfiles.main | 1 change detected
2026-05-29 21:27:06 | INFO     | watchfiles.main | 1 change detected
2026-05-29 21:27:06 | INFO     | watchfiles.main | 1 change detected
2026-05-29 21:27:06 | INFO     | watchfiles.main | 1 change detected
2026-05-29 21:27:07 | INFO     | watchfiles.main | 1 change detected
2026-05-29 21:27:07 | INFO     | watchfiles.main | 1 change detected
2026-05-29 21:27:07 | INFO     | watchfiles.main | 1 change detected
2026-05-29 21:27:08 | INFO     | watchfiles.main | 1 change detected
2026-05-29 21:27:08 | INFO     | watchfiles.main | 1 change detected
2026-05-29 21:27:08 | INFO     | watchfiles.main | 1 change detected
2026-05-29 21:27:09 | INFO     | watchfiles.main | 1 change detected
2026-05-29 21:27:09 | INFO     | watchfiles.main | 1 change detected
2026-05-29 21:27:09 | INFO     | watchfiles.main | 1 change detected
2026-05-29 21:27:10 | INFO     | watchfiles.main | 1 change detected
2026-05-29 21:27:10 | INFO     | watchfiles.main | 1 change detected
2026-05-29 21:27:10 | INFO     | watchfiles.main | 1 change detected
2026-05-29 21:27:11 | INFO     | watchfiles.main | 1 change detected
2026-05-29 21:27:11 | INFO     | watchfiles.main | 1 change detected
2026-05-29 21:27:12 | INFO     | watchfiles.main | 1 change detected
2026-05-29 21:27:12 | INFO     | watchfiles.main | 1 change detected
2026-05-29 21:27:12 | INFO     | watchfiles.main | 1 change detected
2026-05-29 21:27:13 | INFO     | watchfiles.main | 1 change detected
2026-05-29 21:27:13 | INFO     | watchfiles.main | 1 change detected
2026-05-29 21:27:13 | INFO     | watchfiles.main | 1 change detected
2026-05-29 21:27:14 | INFO     | watchfiles.main | 1 change detected
2026-05-29 21:27:14 | INFO     | watchfiles.main | 1 change detected
2026-05-29 21:27:14 | INFO     | watchfiles.main | 1 change detected
2026-05-29 21:27:15 | INFO     | watchfiles.main | 1 change detected
2026-05-29 21:27:15 | INFO     | watchfiles.main | 1 change detected
2026-05-29 21:27:15 | INFO     | watchfiles.main | 1 change detected
2026-05-29 21:27:16 | INFO     | watchfiles.main | 1 change detected
2026-05-29 21:27:16 | INFO     | watchfiles.main | 1 change detected
2026-05-29 21:27:17 | INFO     | watchfiles.main | 1 change detected
2026-05-29 21:27:17 | INFO     | watchfiles.main | 1 change detected
2026-05-29 21:27:17 | INFO     | watchfiles.main | 1 change detected
2026-05-29 21:27:18 | INFO     | watchfiles.main | 1 change detected
2026-05-29 21:27:18 | INFO     | watchfiles.main | 1 change detected
2026-05-29 21:27:18 | INFO     | watchfiles.main | 1 change detected
2026-05-29 21:27:19 | INFO     | watchfiles.main | 1 change detected
2026-05-29 21:27:19 | INFO     | watchfiles.main | 1 change detected
2026-05-29 21:27:19 | INFO     | watchfiles.main | 1 change detected
2026-05-29 21:27:20 | INFO     | watchfiles.main | 1 change detected
2026-05-29 21:27:20 | INFO     | watchfiles.main | 1 change detected
2026-05-29 21:27:20 | INFO     | watchfiles.main | 1 change detected
2026-05-29 21:27:21 | INFO     | watchfiles.main | 1 change detected
2026-05-29 21:27:21 | INFO     | watchfiles.main | 1 change detected
2026-05-29 21:27:21 | INFO     | watchfiles.main | 1 change detected
2026-05-29 21:27:22 | INFO     | watchfiles.main | 1 change detected
2026-05-29 21:27:22 | INFO     | watchfiles.main | 1 change detected
2026-05-29 21:27:23 | INFO     | watchfiles.main | 1 change detected
2026-05-29 21:27:23 | INFO     | watchfiles.main | 1 change detected
2026-05-29 21:27:23 | INFO     | watchfiles.main | 1 change detected
2026-05-29 21:27:24 | INFO     | watchfiles.main | 1 change detected
2026-05-29 21:27:24 | INFO     | watchfiles.main | 1 change detected
2026-05-29 21:27:24 | INFO     | watchfiles.main | 1 change detected
2026-05-29 21:27:25 | INFO     | watchfiles.main | 1 change detected
2026-05-29 21:27:25 | INFO     | watchfiles.main | 1 change detected
2026-05-29 21:27:25 | INFO     | watchfiles.main | 1 change detected
2026-05-29 21:27:26 | INFO     | watchfiles.main | 1 change detected
2026-05-29 21:27:26 | INFO     | watchfiles.main | 1 change detected
2026-05-29 21:27:26 | INFO     | watchfiles.main | 1 change detected
2026-05-29 21:27:27 | INFO     | watchfiles.main | 1 change detected
2026-05-29 21:27:27 | INFO     | watchfiles.main | 1 change detected
2026-05-29 21:27:28 | INFO     | watchfiles.main | 1 change detected
2026-05-29 21:27:28 | INFO     | watchfiles.main | 1 change detected
2026-05-29 21:27:28 | INFO     | watchfiles.main | 1 change detected
2026-05-29 21:27:29 | INFO     | watchfiles.main | 1 change detected
2026-05-29 21:27:29 | INFO     | watchfiles.main | 1 change detected
2026-05-29 21:27:29 | INFO     | watchfiles.main | 1 change detected
2026-05-29 21:27:30 | INFO     | watchfiles.main | 1 change detected
2026-05-29 21:27:30 | INFO     | watchfiles.main | 1 change detected
2026-05-29 21:27:30 | INFO     | watchfiles.main | 1 change detected
2026-05-29 21:27:31 | INFO     | watchfiles.main | 1 change detected
2026-05-29 21:27:31 | INFO     | watchfiles.main | 1 change detected
2026-05-29 21:27:31 | INFO     | watchfiles.main | 1 change detected
2026-05-29 21:27:32 | INFO     | watchfiles.main | 1 change detected
2026-05-29 21:27:32 | INFO     | watchfiles.main | 1 change detected
2026-05-29 21:27:33 | INFO     | watchfiles.main | 1 change detected
2026-05-29 21:27:33 | INFO     | watchfiles.main | 1 change detected
2026-05-29 21:27:33 | INFO     | watchfiles.main | 1 change detected
2026-05-29 21:27:34 | INFO     | watchfiles.main | 1 change detected
2026-05-29 21:27:34 | INFO     | watchfiles.main | 1 change detected
2026-05-29 21:27:34 | INFO     | watchfiles.main | 1 change detected
2026-05-29 21:27:35 | INFO     | watchfiles.main | 1 change detected
2026-05-29 21:27:35 | INFO     | watchfiles.main | 1 change detected
2026-05-29 21:27:35 | INFO     | watchfiles.main | 1 change detected
2026-05-29 21:27:36 | INFO     | watchfiles.main | 1 change detected
2026-05-29 21:27:36 | INFO     | watchfiles.main | 1 change detected
2026-05-29 21:27:36 | INFO     | watchfiles.main | 1 change detected
2026-05-29 21:27:37 | INFO     | watchfiles.main | 1 change detected
2026-05-29 21:27:37 | INFO     | watchfiles.main | 1 change detected
2026-05-29 21:27:37 | INFO     | watchfiles.main | 1 change detected
2026-05-29 21:27:38 | INFO     | watchfiles.main | 1 change detected
2026-05-29 21:27:38 | INFO     | watchfiles.main | 1 change detected
2026-05-29 21:27:39 | INFO     | watchfiles.main | 1 change detected
2026-05-29 21:27:39 | INFO     | watchfiles.main | 1 change detected
2026-05-29 21:27:39 | INFO     | watchfiles.main | 1 change detected
2026-05-29 21:27:40 | INFO     | watchfiles.main | 1 change detected
2026-05-29 21:27:40 | INFO     | watchfiles.main | 1 change detected
2026-05-29 21:27:40 | INFO     | watchfiles.main | 1 change detected
2026-05-29 21:27:41 | INFO     | watchfiles.main | 1 change detected
2026-05-29 21:27:41 | INFO     | watchfiles.main | 1 change detected
2026-05-29 21:27:41 | INFO     | watchfiles.main | 1 change detected
2026-05-29 21:27:42 | INFO     | watchfiles.main | 1 change detected
2026-05-29 21:27:42 | INFO     | watchfiles.main | 1 change detected
2026-05-29 21:27:42 | INFO     | watchfiles.main | 1 change detected
2026-05-29 21:27:43 | INFO     | watchfiles.main | 1 change detected
2026-05-29 21:27:43 | INFO     | watchfiles.main | 1 change detected
2026-05-29 21:27:44 | INFO     | watchfiles.main | 1 change detected
2026-05-29 21:27:44 | INFO     | watchfiles.main | 1 change detected
2026-05-29 21:27:44 | INFO     | watchfiles.main | 1 change detected
2026-05-29 21:27:45 | INFO     | watchfiles.main | 1 change detected
2026-05-29 21:27:45 | INFO     | watchfiles.main | 1 change detected
2026-05-29 21:27:45 | INFO     | watchfiles.main | 1 change detected
2026-05-29 21:27:46 | INFO     | watchfiles.main | 1 change detected
2026-05-29 21:27:46 | INFO     | watchfiles.main | 1 change detected
2026-05-29 21:27:46 | INFO     | watchfiles.main | 1 change detected
2026-05-29 21:27:47 | INFO     | watchfiles.main | 1 change detected
2026-05-29 21:27:47 | INFO     | watchfiles.main | 1 change detected
2026-05-29 21:27:47 | INFO     | watchfiles.main | 1 change detected
2026-05-29 21:27:48 | INFO     | watchfiles.main | 1 change detected
2026-05-29 21:27:48 | INFO     | watchfiles.main | 1 change detected
2026-05-29 21:27:49 | INFO     | watchfiles.main | 1 change detected
2026-05-29 21:27:49 | INFO     | watchfiles.main | 1 change detected
2026-05-29 21:27:49 | INFO     | watchfiles.main | 1 change detected
2026-05-29 21:27:50 | INFO     | watchfiles.main | 1 change detected
2026-05-29 21:27:50 | INFO     | watchfiles.main | 1 change detected
2026-05-29 21:27:50 | INFO     | watchfiles.main | 1 change detected
2026-05-29 21:27:51 | INFO     | watchfiles.main | 1 change detected
2026-05-29 21:27:51 | INFO     | watchfiles.main | 1 change detected
2026-05-29 21:27:51 | INFO     | watchfiles.main | 1 change detected
2026-05-29 21:27:52 | INFO     | watchfiles.main | 1 change detected
2026-05-29 21:27:52 | INFO     | watchfiles.main | 1 change detected
2026-05-29 21:27:52 | INFO     | watchfiles.main | 1 change detected
2026-05-29 21:27:53 | INFO     | watchfiles.main | 1 change detected
2026-05-29 21:27:53 | INFO     | watchfiles.main | 1 change detected
2026-05-29 21:27:54 | INFO     | watchfiles.main | 1 change detected
2026-05-29 21:27:54 | INFO     | watchfiles.main | 1 change detected
2026-05-29 21:27:54 | INFO     | watchfiles.main | 1 change detected
2026-05-29 21:27:55 | INFO     | watchfiles.main | 1 change detected
2026-05-29 21:27:55 | INFO     | watchfiles.main | 1 change detected
2026-05-29 21:27:55 | INFO     | watchfiles.main | 1 change detected
2026-05-29 21:27:56 | INFO     | watchfiles.main | 1 change detected
2026-05-29 21:27:56 | INFO     | watchfiles.main | 1 change detected
2026-05-29 21:27:56 | INFO     | watchfiles.main | 1 change detected
2026-05-29 21:27:57 | INFO     | watchfiles.main | 1 change detected
2026-05-29 21:27:57 | INFO     | watchfiles.main | 1 change detected
2026-05-29 21:27:57 | INFO     | watchfiles.main | 1 change detected
2026-05-29 21:27:58 | INFO     | watchfiles.main | 1 change detected
2026-05-29 21:27:58 | INFO     | watchfiles.main | 1 change detected
2026-05-29 21:27:59 | INFO     | watchfiles.main | 1 change detected
2026-05-29 21:27:59 | INFO     | watchfiles.main | 1 change detected
2026-05-29 21:27:59 | INFO     | watchfiles.main | 1 change detected
2026-05-29 21:28:00 | INFO     | watchfiles.main | 1 change detected
2026-05-29 21:28:00 | INFO     | watchfiles.main | 1 change detected
2026-05-29 21:28:00 | INFO     | watchfiles.main | 1 change detected
2026-05-29 21:28:01 | INFO     | watchfiles.main | 1 change detected
2026-05-29 21:28:01 | INFO     | watchfiles.main | 1 change detected
2026-05-29 21:28:01 | INFO     | watchfiles.main | 1 change detected
2026-05-29 21:28:02 | INFO     | watchfiles.main | 1 change detected
2026-05-29 21:28:02 | INFO     | watchfiles.main | 1 change detected
2026-05-29 21:28:02 | INFO     | watchfiles.main | 1 change detected
2026-05-29 21:28:03 | INFO     | watchfiles.main | 1 change detected
2026-05-29 21:28:03 | INFO     | watchfiles.main | 1 change detected
2026-05-29 21:28:03 | INFO     | watchfiles.main | 1 change detected
2026-05-29 21:28:04 | INFO     | watchfiles.main | 1 change detected
2026-05-29 21:28:04 | INFO     | watchfiles.main | 1 change detected
2026-05-29 21:28:05 | INFO     | watchfiles.main | 1 change detected
2026-05-29 21:28:05 | INFO     | watchfiles.main | 1 change detected
2026-05-29 21:28:05 | INFO     | watchfiles.main | 1 change detected
2026-05-29 21:28:06 | INFO     | watchfiles.main | 1 change detected
2026-05-29 21:28:06 | INFO     | watchfiles.main | 1 change detected
2026-05-29 21:28:06 | INFO     | watchfiles.main | 1 change detected
2026-05-29 21:28:07 | INFO     | watchfiles.main | 1 change detected
2026-05-29 21:28:07 | INFO     | watchfiles.main | 1 change detected
2026-05-29 21:28:08 | INFO     | watchfiles.main | 1 change detected
2026-05-29 21:28:08 | INFO     | watchfiles.main | 1 change detected
2026-05-29 21:28:08 | INFO     | watchfiles.main | 1 change detected
2026-05-29 21:28:09 | INFO     | watchfiles.main | 1 change detected
2026-05-29 21:28:09 | INFO     | watchfiles.main | 1 change detected
2026-05-29 21:28:09 | INFO     | watchfiles.main | 1 change detected
2026-05-29 21:28:10 | INFO     | watchfiles.main | 1 change detected
2026-05-29 21:28:10 | INFO     | watchfiles.main | 1 change detected
2026-05-29 21:28:11 | INFO     | watchfiles.main | 1 change detected
2026-05-29 21:28:11 | INFO     | watchfiles.main | 1 change detected
2026-05-29 21:28:11 | INFO     | watchfiles.main | 1 change detected
2026-05-29 21:28:12 | INFO     | watchfiles.main | 1 change detected
2026-05-29 21:28:12 | INFO     | watchfiles.main | 1 change detected
2026-05-29 21:28:12 | INFO     | watchfiles.main | 1 change detected
2026-05-29 21:28:13 | INFO     | watchfiles.main | 1 change detected
2026-05-29 21:28:13 | INFO     | watchfiles.main | 1 change detected
2026-05-29 21:28:13 | INFO     | watchfiles.main | 1 change detected
2026-05-29 21:28:14 | INFO     | watchfiles.main | 1 change detected
2026-05-29 21:28:14 | INFO     | watchfiles.main | 1 change detected
2026-05-29 21:28:14 | INFO     | watchfiles.main | 1 change detected
2026-05-29 21:28:15 | INFO     | watchfiles.main | 1 change detected
2026-05-29 21:28:15 | INFO     | watchfiles.main | 1 change detected
2026-05-29 21:28:16 | INFO     | watchfiles.main | 1 change detected
2026-05-29 21:28:16 | INFO     | watchfiles.main | 1 change detected
2026-05-29 21:28:16 | INFO     | watchfiles.main | 1 change detected
2026-05-29 21:28:17 | INFO     | watchfiles.main | 1 change detected
2026-05-29 21:28:17 | INFO     | watchfiles.main | 1 change detected
2026-05-29 21:28:17 | INFO     | watchfiles.main | 1 change detected
2026-05-29 21:28:18 | INFO     | watchfiles.main | 1 change detected
2026-05-29 21:28:18 | INFO     | watchfiles.main | 1 change detected
2026-05-29 21:28:18 | INFO     | watchfiles.main | 1 change detected
2026-05-29 21:28:19 | INFO     | watchfiles.main | 1 change detected
2026-05-29 21:28:19 | INFO     | watchfiles.main | 1 change detected
2026-05-29 21:28:19 | INFO     | watchfiles.main | 1 change detected
2026-05-29 21:28:20 | INFO     | watchfiles.main | 1 change detected
2026-05-29 21:28:20 | INFO     | watchfiles.main | 1 change detected
2026-05-29 21:28:21 | INFO     | watchfiles.main | 1 change detected
2026-05-29 21:28:21 | INFO     | watchfiles.main | 1 change detected
2026-05-29 21:28:21 | INFO     | watchfiles.main | 1 change detected
2026-05-29 21:28:22 | INFO     | watchfiles.main | 1 change detected
2026-05-29 21:28:22 | INFO     | watchfiles.main | 1 change detected
2026-05-29 21:28:22 | INFO     | watchfiles.main | 1 change detected
2026-05-29 21:28:23 | INFO     | watchfiles.main | 1 change detected
2026-05-29 21:28:23 | INFO     | watchfiles.main | 1 change detected
2026-05-29 21:28:23 | INFO     | watchfiles.main | 1 change detected
2026-05-29 21:28:24 | INFO     | watchfiles.main | 1 change detected
2026-05-29 21:28:24 | INFO     | watchfiles.main | 1 change detected
2026-05-29 21:28:24 | INFO     | watchfiles.main | 1 change detected
2026-05-29 21:28:25 | INFO     | watchfiles.main | 1 change detected
2026-05-29 21:28:25 | INFO     | watchfiles.main | 1 change detected
2026-05-29 21:28:26 | INFO     | watchfiles.main | 1 change detected
2026-05-29 21:28:26 | INFO     | watchfiles.main | 1 change detected
2026-05-29 21:28:26 | INFO     | watchfiles.main | 1 change detected
2026-05-29 21:28:27 | INFO     | watchfiles.main | 1 change detected
2026-05-29 21:28:27 | INFO     | watchfiles.main | 1 change detected
2026-05-29 21:28:27 | INFO     | watchfiles.main | 1 change detected
2026-05-29 21:28:28 | INFO     | watchfiles.main | 1 change detected
2026-05-29 21:28:28 | INFO     | watchfiles.main | 1 change detected
2026-05-29 21:28:28 | INFO     | watchfiles.main | 1 change detected
2026-05-29 21:28:29 | INFO     | watchfiles.main | 1 change detected
2026-05-29 21:28:29 | INFO     | watchfiles.main | 1 change detected
2026-05-29 21:28:29 | INFO     | watchfiles.main | 1 change detected
2026-05-29 21:28:30 | INFO     | watchfiles.main | 1 change detected
2026-05-29 21:28:30 | INFO     | watchfiles.main | 1 change detected
2026-05-29 21:28:31 | INFO     | watchfiles.main | 1 change detected
2026-05-29 21:28:31 | INFO     | watchfiles.main | 1 change detected
2026-05-29 21:28:31 | INFO     | watchfiles.main | 1 change detected
2026-05-29 21:28:32 | INFO     | watchfiles.main | 1 change detected
2026-05-29 21:28:32 | INFO     | watchfiles.main | 1 change detected
2026-05-29 21:28:32 | INFO     | watchfiles.main | 1 change detected
2026-05-29 21:28:33 | INFO     | watchfiles.main | 1 change detected
2026-05-29 21:28:33 | INFO     | watchfiles.main | 1 change detected
2026-05-29 21:28:33 | INFO     | watchfiles.main | 1 change detected
2026-05-29 21:28:34 | INFO     | watchfiles.main | 1 change detected
2026-05-29 21:28:34 | INFO     | watchfiles.main | 1 change detected
2026-05-29 21:28:34 | INFO     | watchfiles.main | 1 change detected
2026-05-29 21:28:35 | INFO     | watchfiles.main | 1 change detected
2026-05-29 21:28:35 | INFO     | watchfiles.main | 1 change detected
2026-05-29 21:28:36 | INFO     | watchfiles.main | 1 change detected
2026-05-29 21:28:36 | INFO     | watchfiles.main | 1 change detected
2026-05-29 21:28:36 | INFO     | watchfiles.main | 1 change detected
2026-05-29 21:28:37 | INFO     | watchfiles.main | 1 change detected
2026-05-29 21:28:37 | INFO     | watchfiles.main | 1 change detected
2026-05-29 21:28:37 | INFO     | watchfiles.main | 1 change detected
2026-05-29 21:28:38 | INFO     | watchfiles.main | 1 change detected
2026-05-29 21:28:38 | INFO     | watchfiles.main | 1 change detected
2026-05-29 21:28:38 | INFO     | watchfiles.main | 1 change detected
2026-05-29 21:28:39 | INFO     | watchfiles.main | 1 change detected
2026-05-29 21:28:39 | INFO     | watchfiles.main | 1 change detected
2026-05-29 21:28:39 | INFO     | watchfiles.main | 1 change detected
2026-05-29 21:28:40 | INFO     | watchfiles.main | 1 change detected
2026-05-29 21:28:40 | INFO     | watchfiles.main | 1 change detected
2026-05-29 21:28:41 | INFO     | watchfiles.main | 1 change detected
2026-05-29 21:28:41 | INFO     | watchfiles.main | 1 change detected
2026-05-29 21:28:41 | INFO     | watchfiles.main | 1 change detected
2026-05-29 21:28:42 | INFO     | watchfiles.main | 1 change detected
2026-05-29 21:28:42 | INFO     | watchfiles.main | 1 change detected
2026-05-29 21:28:42 | INFO     | watchfiles.main | 1 change detected
2026-05-29 21:28:43 | INFO     | watchfiles.main | 1 change detected
2026-05-29 21:28:43 | INFO     | watchfiles.main | 1 change detected
2026-05-29 21:28:43 | INFO     | watchfiles.main | 1 change detected
2026-05-29 21:28:44 | INFO     | watchfiles.main | 1 change detected
2026-05-29 21:28:44 | INFO     | watchfiles.main | 1 change detected
2026-05-29 21:28:44 | INFO     | watchfiles.main | 1 change detected
2026-05-29 21:28:45 | INFO     | watchfiles.main | 1 change detected
2026-05-29 21:28:45 | INFO     | watchfiles.main | 1 change detected
2026-05-29 21:28:46 | INFO     | watchfiles.main | 1 change detected
2026-05-29 21:28:46 | INFO     | watchfiles.main | 1 change detected
2026-05-29 21:28:46 | INFO     | watchfiles.main | 1 change detected
2026-05-29 21:28:47 | INFO     | watchfiles.main | 1 change detected
2026-05-29 21:28:47 | INFO     | watchfiles.main | 1 change detected
2026-05-29 21:28:47 | INFO     | watchfiles.main | 1 change detected
2026-05-29 21:28:48 | INFO     | watchfiles.main | 1 change detected
2026-05-29 21:28:48 | INFO     | watchfiles.main | 1 change detected
2026-05-29 21:28:48 | INFO     | watchfiles.main | 1 change detected
2026-05-29 21:28:49 | INFO     | watchfiles.main | 1 change detected
2026-05-29 21:28:49 | INFO     | watchfiles.main | 1 change detected
2026-05-29 21:28:49 | INFO     | watchfiles.main | 1 change detected
2026-05-29 21:28:50 | INFO     | watchfiles.main | 1 change detected
2026-05-29 21:28:50 | INFO     | watchfiles.main | 1 change detected
2026-05-29 21:28:50 | INFO     | watchfiles.main | 1 change detected
2026-05-29 21:28:51 | INFO     | watchfiles.main | 1 change detected
2026-05-29 21:28:51 | INFO     | watchfiles.main | 1 change detected
2026-05-29 21:28:52 | INFO     | watchfiles.main | 1 change detected
2026-05-29 21:28:52 | INFO     | watchfiles.main | 1 change detected
2026-05-29 21:28:52 | INFO     | watchfiles.main | 1 change detected
2026-05-29 21:28:53 | INFO     | watchfiles.main | 1 change detected
2026-05-29 21:28:53 | INFO     | watchfiles.main | 1 change detected
2026-05-29 21:28:53 | INFO     | watchfiles.main | 1 change detected
2026-05-29 21:28:54 | INFO     | watchfiles.main | 1 change detected
2026-05-29 21:28:54 | INFO     | watchfiles.main | 1 change detected
2026-05-29 21:28:54 | INFO     | watchfiles.main | 1 change detected
2026-05-29 21:28:55 | INFO     | watchfiles.main | 1 change detected
2026-05-29 21:28:55 | INFO     | watchfiles.main | 1 change detected
2026-05-29 21:28:56 | INFO     | watchfiles.main | 1 change detected
2026-05-29 21:28:56 | INFO     | watchfiles.main | 1 change detected
2026-05-29 21:28:56 | INFO     | watchfiles.main | 1 change detected
2026-05-29 21:28:57 | INFO     | watchfiles.main | 1 change detected
2026-05-29 21:28:57 | INFO     | watchfiles.main | 1 change detected
2026-05-29 21:28:57 | INFO     | watchfiles.main | 1 change detected
2026-05-29 21:28:58 | INFO     | watchfiles.main | 1 change detected
2026-05-29 21:28:58 | INFO     | watchfiles.main | 1 change detected
2026-05-29 21:28:58 | INFO     | watchfiles.main | 1 change detected
2026-05-29 21:28:59 | INFO     | watchfiles.main | 1 change detected
2026-05-29 21:28:59 | INFO     | watchfiles.main | 1 change detected
2026-05-29 21:28:59 | INFO     | watchfiles.main | 1 change detected
2026-05-29 21:29:00 | INFO     | watchfiles.main | 1 change detected
2026-05-29 21:29:00 | INFO     | watchfiles.main | 1 change detected
2026-05-29 21:29:00 | INFO     | watchfiles.main | 1 change detected
2026-05-29 21:29:01 | INFO     | watchfiles.main | 1 change detected
2026-05-29 21:29:01 | INFO     | watchfiles.main | 1 change detected
2026-05-29 21:29:02 | INFO     | watchfiles.main | 1 change detected
2026-05-29 21:29:02 | INFO     | watchfiles.main | 1 change detected
2026-05-29 21:29:02 | INFO     | watchfiles.main | 1 change detected
2026-05-29 21:29:03 | INFO     | watchfiles.main | 1 change detected
2026-05-29 21:29:03 | INFO     | watchfiles.main | 1 change detected
2026-05-29 21:29:03 | INFO     | watchfiles.main | 1 change detected
2026-05-29 21:29:04 | INFO     | watchfiles.main | 1 change detected
2026-05-29 21:29:04 | INFO     | watchfiles.main | 1 change detected
2026-05-29 21:29:04 | INFO     | watchfiles.main | 1 change detected
2026-05-29 21:29:05 | INFO     | watchfiles.main | 1 change detected
2026-05-29 21:29:05 | INFO     | watchfiles.main | 1 change detected
2026-05-29 21:29:05 | INFO     | watchfiles.main | 1 change detected
2026-05-29 21:29:06 | INFO     | watchfiles.main | 1 change detected
2026-05-29 21:29:06 | INFO     | watchfiles.main | 1 change detected
2026-05-29 21:29:07 | INFO     | watchfiles.main | 1 change detected
2026-05-29 21:29:07 | INFO     | watchfiles.main | 1 change detected
2026-05-29 21:29:07 | INFO     | watchfiles.main | 1 change detected
2026-05-29 21:29:08 | INFO     | watchfiles.main | 1 change detected
2026-05-29 21:29:08 | INFO     | watchfiles.main | 1 change detected
2026-05-29 21:29:08 | INFO     | watchfiles.main | 1 change detected
2026-05-29 21:29:09 | INFO     | watchfiles.main | 1 change detected
2026-05-29 21:29:09 | INFO     | watchfiles.main | 1 change detected
2026-05-29 21:29:09 | INFO     | watchfiles.main | 1 change detected
2026-05-29 21:29:10 | INFO     | watchfiles.main | 1 change detected
2026-05-29 21:29:10 | INFO     | watchfiles.main | 1 change detected
2026-05-29 21:29:10 | INFO     | watchfiles.main | 1 change detected
2026-05-29 21:29:11 | INFO     | watchfiles.main | 1 change detected
2026-05-29 21:29:11 | INFO     | watchfiles.main | 1 change detected
2026-05-29 21:29:12 | INFO     | watchfiles.main | 1 change detected
2026-05-29 21:29:12 | INFO     | watchfiles.main | 1 change detected
2026-05-29 21:29:12 | INFO     | watchfiles.main | 1 change detected
2026-05-29 21:29:13 | INFO     | watchfiles.main | 1 change detected
2026-05-29 21:29:13 | INFO     | watchfiles.main | 1 change detected
2026-05-29 21:29:13 | INFO     | watchfiles.main | 1 change detected
2026-05-29 21:29:14 | INFO     | watchfiles.main | 1 change detected
2026-05-29 21:29:14 | INFO     | watchfiles.main | 1 change detected
2026-05-29 21:29:14 | INFO     | watchfiles.main | 1 change detected
2026-05-29 21:29:15 | INFO     | watchfiles.main | 1 change detected
2026-05-29 21:29:15 | INFO     | watchfiles.main | 1 change detected
2026-05-29 21:29:15 | INFO     | watchfiles.main | 1 change detected
2026-05-29 21:29:16 | INFO     | watchfiles.main | 1 change detected
2026-05-29 21:29:16 | INFO     | watchfiles.main | 1 change detected
2026-05-29 21:29:17 | INFO     | watchfiles.main | 1 change detected
2026-05-29 21:29:17 | INFO     | watchfiles.main | 1 change detected
2026-05-29 21:29:17 | INFO     | watchfiles.main | 1 change detected
2026-05-29 21:29:18 | INFO     | watchfiles.main | 1 change detected
2026-05-29 21:29:18 | INFO     | watchfiles.main | 1 change detected
2026-05-29 21:29:18 | INFO     | watchfiles.main | 1 change detected
2026-05-29 21:29:19 | INFO     | watchfiles.main | 1 change detected
2026-05-29 21:29:19 | INFO     | watchfiles.main | 1 change detected
2026-05-29 21:29:19 | INFO     | watchfiles.main | 1 change detected
2026-05-29 21:29:20 | INFO     | watchfiles.main | 1 change detected
2026-05-29 21:29:20 | INFO     | watchfiles.main | 1 change detected
2026-05-29 21:29:20 | INFO     | watchfiles.main | 1 change detected
2026-05-29 21:29:21 | INFO     | watchfiles.main | 1 change detected
2026-05-29 21:29:21 | INFO     | watchfiles.main | 1 change detected
2026-05-29 21:29:22 | INFO     | watchfiles.main | 1 change detected
2026-05-29 21:29:22 | INFO     | watchfiles.main | 1 change detected
2026-05-29 21:29:22 | INFO     | watchfiles.main | 1 change detected
2026-05-29 21:29:23 | INFO     | watchfiles.main | 1 change detected
2026-05-29 21:29:23 | INFO     | watchfiles.main | 1 change detected
2026-05-29 21:29:23 | INFO     | watchfiles.main | 1 change detected
2026-05-29 21:29:24 | INFO     | watchfiles.main | 1 change detected
2026-05-29 21:29:24 | INFO     | watchfiles.main | 1 change detected
2026-05-29 21:29:24 | INFO     | watchfiles.main | 1 change detected
2026-05-29 21:29:25 | INFO     | watchfiles.main | 1 change detected
2026-05-29 21:29:25 | INFO     | watchfiles.main | 1 change detected
2026-05-29 21:29:25 | INFO     | watchfiles.main | 1 change detected
2026-05-29 21:29:26 | INFO     | watchfiles.main | 1 change detected
2026-05-29 21:29:26 | INFO     | watchfiles.main | 1 change detected
2026-05-29 21:29:27 | INFO     | watchfiles.main | 1 change detected
2026-05-29 21:29:27 | INFO     | watchfiles.main | 1 change detected
2026-05-29 21:29:27 | INFO     | watchfiles.main | 1 change detected
2026-05-29 21:29:28 | INFO     | watchfiles.main | 1 change detected
2026-05-29 21:29:28 | INFO     | watchfiles.main | 1 change detected
2026-05-29 21:29:28 | INFO     | watchfiles.main | 1 change detected
2026-05-29 21:29:29 | INFO     | watchfiles.main | 1 change detected
2026-05-29 21:29:29 | INFO     | watchfiles.main | 1 change detected
2026-05-29 21:29:29 | INFO     | watchfiles.main | 1 change detected
2026-05-29 21:29:30 | INFO     | watchfiles.main | 1 change detected
2026-05-29 21:29:30 | INFO     | watchfiles.main | 1 change detected
2026-05-29 21:29:30 | INFO     | watchfiles.main | 1 change detected
2026-05-29 21:29:31 | INFO     | watchfiles.main | 1 change detected
2026-05-29 21:29:31 | INFO     | watchfiles.main | 1 change detected
2026-05-29 21:29:32 | INFO     | watchfiles.main | 1 change detected
2026-05-29 21:29:32 | INFO     | watchfiles.main | 1 change detected
2026-05-29 21:29:32 | INFO     | watchfiles.main | 1 change detected
2026-05-29 21:29:33 | INFO     | watchfiles.main | 1 change detected
2026-05-29 21:29:33 | INFO     | watchfiles.main | 1 change detected
2026-05-29 21:29:33 | INFO     | watchfiles.main | 1 change detected
2026-05-29 21:29:34 | INFO     | watchfiles.main | 1 change detected
2026-05-29 21:29:34 | INFO     | watchfiles.main | 1 change detected
2026-05-29 21:29:34 | INFO     | watchfiles.main | 1 change detected
2026-05-29 21:29:35 | INFO     | watchfiles.main | 1 change detected
2026-05-29 21:29:35 | INFO     | watchfiles.main | 1 change detected
2026-05-29 21:29:35 | INFO     | watchfiles.main | 1 change detected
2026-05-29 21:29:36 | INFO     | watchfiles.main | 1 change detected
2026-05-29 21:29:36 | INFO     | watchfiles.main | 1 change detected
2026-05-29 21:29:37 | INFO     | watchfiles.main | 1 change detected
2026-05-29 21:29:37 | INFO     | watchfiles.main | 1 change detected
2026-05-29 21:29:37 | INFO     | watchfiles.main | 1 change detected
2026-05-29 21:29:38 | INFO     | watchfiles.main | 1 change detected
2026-05-29 21:29:38 | INFO     | watchfiles.main | 1 change detected
2026-05-29 21:29:38 | INFO     | watchfiles.main | 1 change detected
2026-05-29 21:29:39 | INFO     | watchfiles.main | 1 change detected
2026-05-29 21:29:39 | INFO     | watchfiles.main | 1 change detected
2026-05-29 21:29:39 | INFO     | watchfiles.main | 1 change detected
2026-05-29 21:29:40 | INFO     | watchfiles.main | 1 change detected
2026-05-29 21:29:40 | INFO     | watchfiles.main | 1 change detected
2026-05-29 21:29:40 | INFO     | watchfiles.main | 1 change detected
2026-05-29 21:29:41 | INFO     | watchfiles.main | 1 change detected
2026-05-29 21:29:41 | INFO     | watchfiles.main | 1 change detected
2026-05-29 21:29:41 | INFO     | watchfiles.main | 1 change detected
2026-05-29 21:29:42 | INFO     | watchfiles.main | 1 change detected
2026-05-29 21:29:42 | INFO     | watchfiles.main | 1 change detected
2026-05-29 21:29:43 | INFO     | watchfiles.main | 1 change detected
2026-05-29 21:29:43 | INFO     | watchfiles.main | 1 change detected
2026-05-29 21:29:43 | INFO     | watchfiles.main | 1 change detected
2026-05-29 21:29:44 | INFO     | watchfiles.main | 1 change detected
2026-05-29 21:29:44 | INFO     | watchfiles.main | 1 change detected
2026-05-29 21:29:44 | INFO     | watchfiles.main | 1 change detected
2026-05-29 21:29:45 | INFO     | watchfiles.main | 1 change detected
2026-05-29 21:29:45 | INFO     | watchfiles.main | 1 change detected
2026-05-29 21:29:45 | INFO     | watchfiles.main | 1 change detected
2026-05-29 21:29:46 | INFO     | watchfiles.main | 1 change detected
2026-05-29 21:29:46 | INFO     | watchfiles.main | 1 change detected
2026-05-29 21:29:46 | INFO     | watchfiles.main | 1 change detected
2026-05-29 21:29:47 | INFO     | watchfiles.main | 1 change detected
2026-05-29 21:29:47 | INFO     | watchfiles.main | 1 change detected
2026-05-29 21:29:48 | INFO     | watchfiles.main | 1 change detected
2026-05-29 21:29:48 | INFO     | watchfiles.main | 1 change detected
2026-05-29 21:29:48 | INFO     | watchfiles.main | 1 change detected
2026-05-29 21:29:49 | INFO     | watchfiles.main | 1 change detected
2026-05-29 21:29:49 | INFO     | watchfiles.main | 1 change detected
2026-05-29 21:29:49 | INFO     | watchfiles.main | 1 change detected
2026-05-29 21:29:50 | INFO     | watchfiles.main | 1 change detected
2026-05-29 21:29:50 | INFO     | watchfiles.main | 1 change detected
2026-05-29 21:29:50 | INFO     | watchfiles.main | 1 change detected
2026-05-29 21:29:51 | INFO     | watchfiles.main | 1 change detected
2026-05-29 21:29:51 | INFO     | watchfiles.main | 1 change detected
2026-05-29 21:29:51 | INFO     | watchfiles.main | 1 change detected
2026-05-29 21:29:52 | INFO     | watchfiles.main | 1 change detected
2026-05-29 21:29:52 | INFO     | watchfiles.main | 1 change detected
2026-05-29 21:29:53 | INFO     | watchfiles.main | 1 change detected
2026-05-29 21:29:53 | INFO     | watchfiles.main | 1 change detected
2026-05-29 21:29:53 | INFO     | watchfiles.main | 1 change detected
2026-05-29 21:29:54 | INFO     | watchfiles.main | 1 change detected
2026-05-29 21:29:54 | INFO     | watchfiles.main | 1 change detected
2026-05-29 21:29:54 | INFO     | watchfiles.main | 1 change detected
2026-05-29 21:29:55 | INFO     | watchfiles.main | 1 change detected
2026-05-29 21:29:55 | INFO     | watchfiles.main | 1 change detected
2026-05-29 21:29:55 | INFO     | watchfiles.main | 1 change detected
2026-05-29 21:29:56 | INFO     | watchfiles.main | 1 change detected
2026-05-29 21:29:56 | INFO     | watchfiles.main | 1 change detected
2026-05-29 21:29:56 | INFO     | watchfiles.main | 1 change detected
2026-05-29 21:29:57 | INFO     | watchfiles.main | 1 change detected
2026-05-29 21:29:57 | INFO     | watchfiles.main | 1 change detected
2026-05-29 21:29:58 | INFO     | watchfiles.main | 1 change detected
2026-05-29 21:29:58 | INFO     | watchfiles.main | 1 change detected
2026-05-29 21:29:58 | INFO     | watchfiles.main | 1 change detected
2026-05-29 21:29:59 | INFO     | watchfiles.main | 1 change detected
2026-05-29 21:29:59 | INFO     | watchfiles.main | 1 change detected
2026-05-29 21:29:59 | INFO     | watchfiles.main | 1 change detected
2026-05-29 21:30:00 | INFO     | watchfiles.main | 1 change detected
2026-05-29 21:30:00 | INFO     | watchfiles.main | 1 change detected
2026-05-29 21:30:00 | INFO     | watchfiles.main | 1 change detected
2026-05-29 21:30:01 | INFO     | watchfiles.main | 1 change detected
2026-05-29 21:30:01 | INFO     | watchfiles.main | 1 change detected
2026-05-29 21:30:01 | INFO     | watchfiles.main | 1 change detected
2026-05-29 21:30:02 | INFO     | watchfiles.main | 1 change detected
2026-05-29 21:30:02 | INFO     | watchfiles.main | 1 change detected
2026-05-29 21:30:03 | INFO     | watchfiles.main | 1 change detected
2026-05-29 21:30:03 | INFO     | watchfiles.main | 1 change detected
2026-05-29 21:30:03 | INFO     | watchfiles.main | 1 change detected
2026-05-29 21:30:04 | INFO     | watchfiles.main | 1 change detected
2026-05-29 21:30:04 | INFO     | watchfiles.main | 1 change detected
2026-05-29 21:30:04 | INFO     | watchfiles.main | 1 change detected
2026-05-29 21:30:05 | INFO     | watchfiles.main | 1 change detected
2026-05-29 21:30:05 | INFO     | watchfiles.main | 1 change detected
2026-05-29 21:30:05 | INFO     | watchfiles.main | 1 change detected
2026-05-29 21:30:06 | INFO     | watchfiles.main | 1 change detected
2026-05-29 21:30:06 | INFO     | watchfiles.main | 1 change detected
2026-05-29 21:30:06 | INFO     | watchfiles.main | 1 change detected
2026-05-29 21:30:07 | INFO     | watchfiles.main | 1 change detected
2026-05-29 21:30:07 | INFO     | watchfiles.main | 1 change detected
2026-05-29 21:30:07 | INFO     | watchfiles.main | 1 change detected
2026-05-29 21:30:08 | INFO     | watchfiles.main | 1 change detected
2026-05-29 21:30:08 | INFO     | watchfiles.main | 1 change detected
2026-05-29 21:30:09 | INFO     | watchfiles.main | 1 change detected
2026-05-29 21:30:09 | INFO     | watchfiles.main | 1 change detected
2026-05-29 21:30:09 | INFO     | watchfiles.main | 1 change detected
2026-05-29 21:30:10 | INFO     | watchfiles.main | 1 change detected
2026-05-29 21:30:10 | INFO     | watchfiles.main | 1 change detected
2026-05-29 21:30:10 | INFO     | watchfiles.main | 1 change detected
2026-05-29 21:30:11 | INFO     | watchfiles.main | 1 change detected
2026-05-29 21:30:11 | INFO     | watchfiles.main | 1 change detected
2026-05-29 21:30:11 | INFO     | watchfiles.main | 1 change detected
2026-05-29 21:30:12 | INFO     | watchfiles.main | 1 change detected
2026-05-29 21:30:12 | INFO     | watchfiles.main | 1 change detected
2026-05-29 21:30:12 | INFO     | watchfiles.main | 1 change detected
2026-05-29 21:30:13 | INFO     | watchfiles.main | 1 change detected
2026-05-29 21:30:13 | INFO     | watchfiles.main | 1 change detected
2026-05-29 21:30:14 | INFO     | watchfiles.main | 1 change detected
2026-05-29 21:30:14 | INFO     | watchfiles.main | 1 change detected
2026-05-29 21:30:14 | INFO     | watchfiles.main | 1 change detected
2026-05-29 21:30:15 | INFO     | watchfiles.main | 1 change detected
2026-05-29 21:30:15 | INFO     | watchfiles.main | 1 change detected
2026-05-29 21:30:15 | INFO     | watchfiles.main | 1 change detected
2026-05-29 21:30:16 | INFO     | watchfiles.main | 1 change detected
2026-05-29 21:30:16 | INFO     | watchfiles.main | 1 change detected
2026-05-29 21:30:16 | INFO     | watchfiles.main | 1 change detected
2026-05-29 21:30:17 | INFO     | watchfiles.main | 1 change detected
2026-05-29 21:30:17 | INFO     | watchfiles.main | 1 change detected
2026-05-29 21:30:17 | INFO     | watchfiles.main | 1 change detected
2026-05-29 21:30:18 | INFO     | watchfiles.main | 1 change detected
2026-05-29 21:30:18 | INFO     | watchfiles.main | 1 change detected
2026-05-29 21:30:19 | INFO     | watchfiles.main | 1 change detected
2026-05-29 21:30:19 | INFO     | watchfiles.main | 1 change detected
2026-05-29 21:30:19 | INFO     | watchfiles.main | 1 change detected
2026-05-29 21:30:20 | INFO     | watchfiles.main | 1 change detected
2026-05-29 21:30:20 | INFO     | watchfiles.main | 1 change detected
2026-05-29 21:30:20 | INFO     | watchfiles.main | 1 change detected
2026-05-29 21:30:21 | INFO     | watchfiles.main | 1 change detected
2026-05-29 21:30:21 | INFO     | watchfiles.main | 1 change detected
2026-05-29 21:30:21 | INFO     | watchfiles.main | 1 change detected
2026-05-29 21:30:22 | INFO     | watchfiles.main | 1 change detected
2026-05-29 21:30:22 | INFO     | watchfiles.main | 1 change detected
2026-05-29 21:30:22 | INFO     | watchfiles.main | 1 change detected
2026-05-29 21:30:23 | INFO     | watchfiles.main | 1 change detected
2026-05-29 21:30:23 | INFO     | watchfiles.main | 1 change detected
2026-05-29 21:30:24 | INFO     | watchfiles.main | 1 change detected
2026-05-29 21:30:24 | INFO     | watchfiles.main | 1 change detected
2026-05-29 21:30:24 | INFO     | watchfiles.main | 1 change detected
2026-05-29 21:30:25 | INFO     | watchfiles.main | 1 change detected
2026-05-29 21:30:25 | INFO     | watchfiles.main | 1 change detected
2026-05-29 21:30:25 | INFO     | watchfiles.main | 1 change detected
2026-05-29 21:30:26 | INFO     | watchfiles.main | 1 change detected
2026-05-29 21:30:26 | INFO     | watchfiles.main | 1 change detected
2026-05-29 21:30:26 | INFO     | watchfiles.main | 1 change detected
2026-05-29 21:30:27 | INFO     | watchfiles.main | 1 change detected
2026-05-29 21:30:27 | INFO     | watchfiles.main | 1 change detected
2026-05-29 21:30:27 | INFO     | watchfiles.main | 1 change detected
2026-05-29 21:30:28 | INFO     | watchfiles.main | 1 change detected
2026-05-29 21:30:28 | INFO     | watchfiles.main | 1 change detected
2026-05-29 21:30:29 | INFO     | watchfiles.main | 1 change detected
2026-05-29 21:30:29 | INFO     | watchfiles.main | 1 change detected
2026-05-29 21:30:29 | INFO     | watchfiles.main | 1 change detected
2026-05-29 21:30:30 | INFO     | watchfiles.main | 1 change detected
2026-05-29 21:30:30 | INFO     | watchfiles.main | 1 change detected
2026-05-29 21:30:30 | INFO     | watchfiles.main | 1 change detected
2026-05-29 21:30:31 | INFO     | watchfiles.main | 1 change detected
2026-05-29 21:30:31 | INFO     | watchfiles.main | 1 change detected
2026-05-29 21:30:31 | INFO     | watchfiles.main | 1 change detected
2026-05-29 21:30:32 | INFO     | watchfiles.main | 1 change detected
2026-05-29 21:30:32 | INFO     | watchfiles.main | 1 change detected
2026-05-29 21:30:32 | INFO     | watchfiles.main | 1 change detected
2026-05-29 21:30:33 | INFO     | watchfiles.main | 1 change detected
2026-05-29 21:30:33 | INFO     | watchfiles.main | 1 change detected
2026-05-29 21:30:34 | INFO     | watchfiles.main | 1 change detected
2026-05-29 21:30:34 | INFO     | watchfiles.main | 1 change detected
2026-05-29 21:30:34 | INFO     | watchfiles.main | 1 change detected
2026-05-29 21:30:35 | INFO     | watchfiles.main | 1 change detected
2026-05-29 21:30:35 | INFO     | watchfiles.main | 1 change detected
2026-05-29 21:30:35 | INFO     | watchfiles.main | 1 change detected
2026-05-29 21:30:36 | INFO     | watchfiles.main | 1 change detected
2026-05-29 21:30:36 | INFO     | watchfiles.main | 1 change detected
2026-05-29 21:30:36 | INFO     | watchfiles.main | 1 change detected
2026-05-29 21:30:37 | INFO     | watchfiles.main | 1 change detected
2026-05-29 21:30:37 | INFO     | watchfiles.main | 1 change detected
2026-05-29 21:30:37 | INFO     | watchfiles.main | 1 change detected
2026-05-29 21:30:38 | INFO     | watchfiles.main | 1 change detected
2026-05-29 21:30:38 | INFO     | watchfiles.main | 1 change detected
2026-05-29 21:30:39 | INFO     | watchfiles.main | 1 change detected
2026-05-29 21:30:39 | INFO     | watchfiles.main | 1 change detected
2026-05-29 21:30:39 | INFO     | watchfiles.main | 1 change detected
2026-05-29 21:30:40 | INFO     | watchfiles.main | 1 change detected
2026-05-29 21:30:40 | INFO     | watchfiles.main | 1 change detected
2026-05-29 21:30:40 | INFO     | watchfiles.main | 1 change detected
2026-05-29 21:30:41 | INFO     | watchfiles.main | 1 change detected
2026-05-29 21:30:41 | INFO     | watchfiles.main | 1 change detected
2026-05-29 21:30:41 | INFO     | watchfiles.main | 1 change detected
2026-05-29 21:30:42 | INFO     | watchfiles.main | 1 change detected
2026-05-29 21:30:42 | INFO     | watchfiles.main | 1 change detected
2026-05-29 21:30:42 | INFO     | watchfiles.main | 1 change detected
2026-05-29 21:30:43 | INFO     | watchfiles.main | 1 change detected
2026-05-29 21:30:43 | INFO     | watchfiles.main | 1 change detected
2026-05-29 21:30:44 | INFO     | watchfiles.main | 1 change detected
2026-05-29 21:30:44 | INFO     | watchfiles.main | 1 change detected
2026-05-29 21:30:44 | INFO     | watchfiles.main | 1 change detected
2026-05-29 21:30:45 | INFO     | watchfiles.main | 1 change detected
2026-05-29 21:30:45 | INFO     | watchfiles.main | 1 change detected
2026-05-29 21:30:45 | INFO     | watchfiles.main | 1 change detected
2026-05-29 21:30:46 | INFO     | watchfiles.main | 1 change detected
2026-05-29 21:30:46 | INFO     | watchfiles.main | 1 change detected
2026-05-29 21:30:46 | INFO     | watchfiles.main | 1 change detected
2026-05-29 21:30:47 | INFO     | watchfiles.main | 1 change detected
2026-05-29 21:30:47 | INFO     | watchfiles.main | 1 change detected
2026-05-29 21:30:47 | INFO     | watchfiles.main | 1 change detected
2026-05-29 21:30:48 | INFO     | watchfiles.main | 1 change detected
2026-05-29 21:30:48 | INFO     | watchfiles.main | 1 change detected
2026-05-29 21:30:49 | INFO     | watchfiles.main | 1 change detected
2026-05-29 21:30:49 | INFO     | watchfiles.main | 1 change detected
2026-05-29 21:30:49 | INFO     | watchfiles.main | 1 change detected
2026-05-29 21:30:50 | INFO     | watchfiles.main | 1 change detected
2026-05-29 21:30:50 | INFO     | watchfiles.main | 1 change detected
2026-05-29 21:30:50 | INFO     | watchfiles.main | 1 change detected
2026-05-29 21:30:51 | INFO     | watchfiles.main | 1 change detected
2026-05-29 21:30:51 | INFO     | watchfiles.main | 1 change detected
2026-05-29 21:30:51 | INFO     | watchfiles.main | 1 change detected
2026-05-29 21:30:52 | INFO     | watchfiles.main | 1 change detected
2026-05-29 21:30:52 | INFO     | watchfiles.main | 1 change detected
2026-05-29 21:30:52 | INFO     | watchfiles.main | 1 change detected
2026-05-29 21:30:53 | INFO     | watchfiles.main | 1 change detected
2026-05-29 21:30:53 | INFO     | watchfiles.main | 1 change detected
2026-05-29 21:30:54 | INFO     | watchfiles.main | 1 change detected
2026-05-29 21:30:54 | INFO     | watchfiles.main | 1 change detected
2026-05-29 21:30:54 | INFO     | watchfiles.main | 1 change detected
2026-05-29 21:30:55 | INFO     | watchfiles.main | 1 change detected
2026-05-29 21:30:55 | INFO     | watchfiles.main | 1 change detected
2026-05-29 21:30:55 | INFO     | watchfiles.main | 1 change detected
2026-05-29 21:30:56 | INFO     | watchfiles.main | 1 change detected
2026-05-29 21:30:56 | INFO     | watchfiles.main | 1 change detected
2026-05-29 21:30:56 | INFO     | watchfiles.main | 1 change detected
2026-05-29 21:30:57 | INFO     | watchfiles.main | 1 change detected
2026-05-29 21:30:57 | INFO     | watchfiles.main | 1 change detected
2026-05-29 21:30:57 | INFO     | watchfiles.main | 1 change detected
2026-05-29 21:30:58 | INFO     | watchfiles.main | 1 change detected
2026-05-29 21:30:58 | INFO     | watchfiles.main | 1 change detected
2026-05-29 21:30:59 | INFO     | watchfiles.main | 1 change detected
2026-05-29 21:30:59 | INFO     | watchfiles.main | 1 change detected
2026-05-29 21:30:59 | INFO     | watchfiles.main | 1 change detected
2026-05-29 21:31:00 | INFO     | watchfiles.main | 1 change detected
2026-05-29 21:31:00 | INFO     | watchfiles.main | 1 change detected
2026-05-29 21:31:00 | INFO     | watchfiles.main | 1 change detected
2026-05-29 21:31:01 | INFO     | watchfiles.main | 1 change detected
2026-05-29 21:31:01 | INFO     | watchfiles.main | 1 change detected
2026-05-29 21:31:01 | INFO     | watchfiles.main | 1 change detected
2026-05-29 21:31:02 | INFO     | watchfiles.main | 1 change detected
2026-05-29 21:31:02 | INFO     | watchfiles.main | 1 change detected
2026-05-29 21:31:02 | INFO     | watchfiles.main | 1 change detected
2026-05-29 21:31:03 | INFO     | watchfiles.main | 1 change detected
2026-05-29 21:31:03 | INFO     | watchfiles.main | 1 change detected
2026-05-29 21:31:04 | INFO     | watchfiles.main | 1 change detected
2026-05-29 21:31:04 | INFO     | watchfiles.main | 1 change detected
2026-05-29 21:31:04 | INFO     | watchfiles.main | 1 change detected
2026-05-29 21:31:05 | INFO     | watchfiles.main | 1 change detected
2026-05-29 21:31:05 | INFO     | watchfiles.main | 1 change detected
2026-05-29 21:31:05 | INFO     | watchfiles.main | 1 change detected
2026-05-29 21:31:06 | INFO     | watchfiles.main | 1 change detected
2026-05-29 21:31:06 | INFO     | watchfiles.main | 1 change detected
2026-05-29 21:31:06 | INFO     | watchfiles.main | 1 change detected
2026-05-29 21:31:07 | INFO     | watchfiles.main | 1 change detected
2026-05-29 21:31:07 | INFO     | watchfiles.main | 1 change detected
2026-05-29 21:31:07 | INFO     | watchfiles.main | 1 change detected
2026-05-29 21:31:08 | INFO     | watchfiles.main | 1 change detected
2026-05-29 21:31:08 | INFO     | watchfiles.main | 1 change detected
2026-05-29 21:31:09 | INFO     | watchfiles.main | 1 change detected
2026-05-29 21:31:09 | INFO     | watchfiles.main | 1 change detected
2026-05-29 21:31:09 | INFO     | watchfiles.main | 1 change detected
2026-05-29 21:31:10 | INFO     | watchfiles.main | 1 change detected
2026-05-29 21:31:10 | INFO     | watchfiles.main | 1 change detected
2026-05-29 21:31:10 | INFO     | watchfiles.main | 1 change detected
2026-05-29 21:31:11 | INFO     | watchfiles.main | 1 change detected
2026-05-29 21:31:11 | INFO     | watchfiles.main | 1 change detected
2026-05-29 21:31:11 | INFO     | watchfiles.main | 1 change detected
2026-05-29 21:31:12 | INFO     | watchfiles.main | 1 change detected
2026-05-29 21:31:12 | INFO     | watchfiles.main | 1 change detected
2026-05-29 21:31:12 | INFO     | router.post | Fetched 0 comments for post_id=3
2026-05-29 21:31:12 | INFO     | watchfiles.main | 1 change detected
2026-05-29 21:31:13 | INFO     | router.post | Fetched 0 comments for post_id=3
2026-05-29 21:31:13 | INFO     | router.post | Fetched 0 comments for post_id=3
2026-05-29 21:31:13 | INFO     | watchfiles.main | 1 change detected
2026-05-29 21:31:13 | INFO     | watchfiles.main | 1 change detected
2026-05-29 21:31:14 | INFO     | watchfiles.main | 1 change detected
2026-05-29 21:31:14 | INFO     | watchfiles.main | 1 change detected
2026-05-29 21:31:14 | INFO     | watchfiles.main | 1 change detected
2026-05-29 21:31:15 | INFO     | watchfiles.main | 1 change detected
2026-05-29 21:31:15 | INFO     | router.post | Fetched 0 comments for post_id=3
2026-05-29 21:31:15 | INFO     | watchfiles.main | 1 change detected
2026-05-29 21:31:15 | INFO     | watchfiles.main | 1 change detected
2026-05-29 21:31:16 | INFO     | watchfiles.main | 1 change detected
2026-05-29 21:31:16 | INFO     | watchfiles.main | 1 change detected
2026-05-29 21:31:16 | INFO     | watchfiles.main | 1 change detected
2026-05-29 21:31:17 | INFO     | router.post | Fetched 0 comments for post_id=3
2026-05-29 21:31:17 | INFO     | router.post | Fetched 0 comments for post_id=3
2026-05-29 21:31:17 | INFO     | router.post | Fetched 0 comments for post_id=3
2026-05-29 21:31:17 | INFO     | watchfiles.main | 1 change detected
2026-05-29 21:31:17 | INFO     | watchfiles.main | 1 change detected
2026-05-29 21:31:17 | INFO     | watchfiles.main | 1 change detected
2026-05-29 21:31:18 | INFO     | watchfiles.main | 1 change detected
2026-05-29 21:31:18 | INFO     | watchfiles.main | 1 change detected
2026-05-29 21:31:19 | INFO     | watchfiles.main | 1 change detected
2026-05-29 21:31:19 | INFO     | watchfiles.main | 1 change detected
2026-05-29 21:31:19 | INFO     | watchfiles.main | 1 change detected
2026-05-29 21:31:20 | INFO     | watchfiles.main | 1 change detected
2026-05-29 21:31:20 | INFO     | watchfiles.main | 1 change detected
2026-05-29 21:31:20 | INFO     | watchfiles.main | 1 change detected
2026-05-29 21:31:21 | INFO     | watchfiles.main | 1 change detected
2026-05-29 21:31:21 | INFO     | watchfiles.main | 1 change detected
2026-05-29 21:31:21 | INFO     | watchfiles.main | 1 change detected
2026-05-29 21:31:22 | INFO     | watchfiles.main | 1 change detected
2026-05-29 21:31:22 | INFO     | watchfiles.main | 1 change detected
2026-05-29 21:31:22 | INFO     | watchfiles.main | 1 change detected
2026-05-29 21:31:23 | INFO     | watchfiles.main | 1 change detected
2026-05-29 21:31:23 | INFO     | watchfiles.main | 1 change detected
2026-05-29 21:31:23 | INFO     | router.post | Fetched 0 comments for post_id=3
2026-05-29 21:31:24 | INFO     | watchfiles.main | 1 change detected
2026-05-29 21:31:24 | INFO     | watchfiles.main | 1 change detected
2026-05-29 21:31:24 | INFO     | watchfiles.main | 1 change detected
2026-05-29 21:31:25 | INFO     | watchfiles.main | 1 change detected
2026-05-29 21:31:25 | INFO     | watchfiles.main | 1 change detected
2026-05-29 21:31:25 | INFO     | watchfiles.main | 1 change detected
2026-05-29 21:31:26 | INFO     | watchfiles.main | 1 change detected
2026-05-29 21:31:26 | INFO     | router.post | Fetched 0 comments for post_id=2
2026-05-29 21:31:26 | INFO     | router.post | Fetched 0 comments for post_id=2
2026-05-29 21:31:26 | INFO     | router.post | Fetched 0 comments for post_id=2
2026-05-29 21:31:26 | INFO     | watchfiles.main | 1 change detected
2026-05-29 21:31:26 | INFO     | watchfiles.main | 1 change detected
2026-05-29 21:31:27 | INFO     | router.post | Fetched 0 comments for post_id=2
2026-05-29 21:31:27 | INFO     | watchfiles.main | 1 change detected
2026-05-29 21:31:27 | INFO     | watchfiles.main | 1 change detected
2026-05-29 21:31:27 | INFO     | watchfiles.main | 1 change detected
2026-05-29 21:31:28 | INFO     | router.post | Fetched 0 comments for post_id=2
2026-05-29 21:31:28 | INFO     | router.post | Fetched 0 comments for post_id=2
2026-05-29 21:31:28 | INFO     | router.post | Fetched 0 comments for post_id=2
2026-05-29 21:31:28 | INFO     | watchfiles.main | 1 change detected
2026-05-29 21:31:28 | INFO     | watchfiles.main | 1 change detected
2026-05-29 21:31:28 | INFO     | router.post | Fetched 0 comments for post_id=2
2026-05-29 21:31:29 | INFO     | watchfiles.main | 1 change detected
2026-05-29 21:31:29 | INFO     | watchfiles.main | 1 change detected
2026-05-29 21:31:29 | INFO     | watchfiles.main | 1 change detected
2026-05-29 21:31:30 | INFO     | watchfiles.main | 1 change detected
2026-05-29 21:31:30 | INFO     | watchfiles.main | 1 change detected
2026-05-29 21:31:30 | INFO     | watchfiles.main | 1 change detected
2026-05-29 21:31:31 | INFO     | watchfiles.main | 1 change detected
2026-05-29 21:31:31 | INFO     | watchfiles.main | 1 change detected
2026-05-29 21:31:31 | INFO     | watchfiles.main | 1 change detected
2026-05-29 21:31:32 | INFO     | watchfiles.main | 1 change detected
2026-05-29 21:31:32 | INFO     | watchfiles.main | 1 change detected
2026-05-29 21:31:32 | INFO     | watchfiles.main | 1 change detected
2026-05-29 21:31:33 | INFO     | watchfiles.main | 1 change detected
2026-05-29 21:31:33 | INFO     | watchfiles.main | 1 change detected
2026-05-29 21:31:34 | INFO     | watchfiles.main | 1 change detected
2026-05-29 21:31:34 | INFO     | watchfiles.main | 1 change detected
2026-05-29 21:31:34 | INFO     | watchfiles.main | 1 change detected
2026-05-29 21:31:35 | INFO     | watchfiles.main | 1 change detected
2026-05-29 21:31:35 | INFO     | watchfiles.main | 1 change detected
2026-05-29 21:31:35 | INFO     | watchfiles.main | 1 change detected
2026-05-29 21:31:36 | INFO     | watchfiles.main | 1 change detected
2026-05-29 21:31:36 | INFO     | watchfiles.main | 1 change detected
2026-05-29 21:31:36 | INFO     | watchfiles.main | 1 change detected
2026-05-29 21:31:37 | INFO     | watchfiles.main | 1 change detected
2026-05-29 21:31:37 | INFO     | watchfiles.main | 1 change detected
2026-05-29 21:31:37 | INFO     | watchfiles.main | 1 change detected
2026-05-29 21:31:38 | INFO     | watchfiles.main | 1 change detected
2026-05-29 21:31:38 | INFO     | watchfiles.main | 1 change detected
2026-05-29 21:31:39 | INFO     | watchfiles.main | 1 change detected
2026-05-29 21:31:39 | INFO     | watchfiles.main | 1 change detected
2026-05-29 21:31:39 | INFO     | watchfiles.main | 1 change detected
2026-05-29 21:31:40 | INFO     | watchfiles.main | 1 change detected
2026-05-29 21:31:40 | INFO     | watchfiles.main | 1 change detected
2026-05-29 21:31:40 | INFO     | watchfiles.main | 1 change detected
2026-05-29 21:31:41 | INFO     | watchfiles.main | 1 change detected
2026-05-29 21:31:41 | INFO     | watchfiles.main | 1 change detected
2026-05-29 21:31:41 | INFO     | watchfiles.main | 1 change detected
2026-05-29 21:31:42 | INFO     | watchfiles.main | 1 change detected
2026-05-29 21:31:42 | INFO     | watchfiles.main | 1 change detected
2026-05-29 21:31:43 | INFO     | watchfiles.main | 1 change detected
2026-05-29 21:31:43 | INFO     | watchfiles.main | 1 change detected
2026-05-29 21:31:43 | INFO     | watchfiles.main | 1 change detected
2026-05-29 21:31:44 | INFO     | watchfiles.main | 1 change detected
2026-05-29 21:31:44 | INFO     | watchfiles.main | 1 change detected
2026-05-29 21:31:44 | INFO     | watchfiles.main | 1 change detected
2026-05-29 21:31:45 | INFO     | watchfiles.main | 1 change detected
2026-05-29 21:31:45 | INFO     | watchfiles.main | 1 change detected
2026-05-29 21:31:45 | INFO     | watchfiles.main | 1 change detected
2026-05-29 21:31:46 | INFO     | watchfiles.main | 1 change detected
2026-05-29 21:31:46 | INFO     | watchfiles.main | 1 change detected
2026-05-29 21:31:46 | INFO     | watchfiles.main | 1 change detected
2026-05-29 21:31:47 | INFO     | watchfiles.main | 1 change detected
2026-05-29 21:31:47 | INFO     | watchfiles.main | 1 change detected
2026-05-29 21:31:48 | INFO     | watchfiles.main | 1 change detected
2026-05-29 21:31:48 | INFO     | watchfiles.main | 1 change detected
2026-05-29 21:31:48 | INFO     | watchfiles.main | 1 change detected
2026-05-29 21:31:49 | INFO     | watchfiles.main | 1 change detected
2026-05-29 21:31:49 | INFO     | watchfiles.main | 1 change detected
2026-05-29 21:31:49 | INFO     | watchfiles.main | 1 change detected
2026-05-29 21:31:50 | INFO     | watchfiles.main | 1 change detected
2026-05-29 21:31:50 | INFO     | watchfiles.main | 1 change detected
2026-05-29 21:31:50 | INFO     | watchfiles.main | 1 change detected
2026-05-29 21:31:51 | INFO     | watchfiles.main | 1 change detected
2026-05-29 21:31:51 | INFO     | watchfiles.main | 1 change detected
2026-05-29 21:31:51 | INFO     | watchfiles.main | 1 change detected
2026-05-29 21:31:52 | INFO     | watchfiles.main | 1 change detected
2026-05-29 21:31:52 | INFO     | watchfiles.main | 1 change detected
2026-05-29 21:31:52 | INFO     | watchfiles.main | 1 change detected
2026-05-29 21:31:53 | INFO     | watchfiles.main | 1 change detected
2026-05-29 21:31:53 | INFO     | watchfiles.main | 1 change detected
2026-05-29 21:31:54 | INFO     | watchfiles.main | 1 change detected
2026-05-29 21:31:54 | INFO     | watchfiles.main | 1 change detected
2026-05-29 21:31:54 | INFO     | watchfiles.main | 1 change detected
2026-05-29 21:31:55 | INFO     | watchfiles.main | 1 change detected
2026-05-29 21:31:55 | INFO     | watchfiles.main | 1 change detected
2026-05-29 21:31:55 | INFO     | watchfiles.main | 1 change detected
2026-05-29 21:31:56 | INFO     | watchfiles.main | 1 change detected
2026-05-29 21:31:56 | INFO     | watchfiles.main | 1 change detected
2026-05-29 21:31:56 | INFO     | watchfiles.main | 1 change detected
2026-05-29 21:31:57 | INFO     | watchfiles.main | 1 change detected
2026-05-29 21:31:57 | INFO     | watchfiles.main | 1 change detected
2026-05-29 21:31:58 | INFO     | watchfiles.main | 1 change detected
2026-05-29 21:31:58 | INFO     | watchfiles.main | 1 change detected
2026-05-29 21:31:58 | INFO     | watchfiles.main | 1 change detected
